$MeshFormat
2.2 0 8
$EndMeshFormat
$PhysicalNames
12
0 13 "fixed"
0 14 "rightedge"
0 15 "topedge"
1 6 "bottom"
1 7 "right"
1 8 "top"
1 9 "left"
1 10 "interface_1"
1 11 "interface_2"
1 13 "interface_3"
1 14 "interface_4"
2 12 "material_1"
$EndPhysicalNames
$Nodes
8661
1 -1 -1 0
2 1 -1 0
3 1 1 0
4 -1 1 0
5 0.08333333333333333 0.4999999999999999 0
6 -0.9166666666666667 0.4999999999999999 0
7 -0.9166666666666667 -0.5 0
8 0.08333333333333333 -0.5 0
9 -0.9661016949153483 -1 0
10 -0.9322033898306965 -1 0
11 -0.8983050847460448 -1 0
12 -0.8644067796613929 -1 0
13 -0.8305084745767412 -1 0
14 -0.7966101694920893 -1 0
15 -0.7627118644074375 -1 0
16 -0.7288135593227858 -1 0
17 -0.6949152542381341 -1 0
18 -0.6610169491534824 -1 0
19 -0.6271186440688307 -1 0
20 -0.593220338984179 -1 0
21 -0.5593220338995273 -1 0
22 -0.5254237288148755 -1 0
23 -0.4915254237302238 -1 0
24 -0.4576271186455719 -1 0
25 -0.4237288135609201 -1 0
26 -0.3898305084762682 -1 0
27 -0.3559322033916164 -1 0
28 -0.3220338983069645 -1 0
29 -0.2881355932223126 -1 0
30 -0.2542372881376608 -1 0
31 -0.2203389830530089 -1 0
32 -0.1864406779683572 -1 0
33 -0.1525423728837054 -1 0
34 -0.1186440677990536 -1 0
35 -0.08474576271440171 -1 0
36 -0.05084745762974985 -1 0
37 -0.01694915254509799 -1 0
38 0.01694915253964813 -1 0
39 0.05084745762448795 -1 0
40 0.08474576270932754 -1 0
41 0.1186440677941671 -1 0
42 0.152542372879007 -1 0
43 0.1864406779638466 -1 0
44 0.2203389830486864 -1 0
45 0.254237288133526 -1 0
46 0.2881355932183658 -1 0
47 0.3220338983032054 -1 0
48 0.3559322033880452 -1 0
49 0.3898305084728848 -1 0
50 0.4237288135577246 -1 0
51 0.4576271186425642 -1 0
52 0.491525423727404 -1 0
53 0.5254237288122436 -1 0
54 0.5593220338970835 -1 0
55 0.5932203389819231 -1 0
56 0.6271186440667627 -1 0
57 0.6610169491516025 -1 0
58 0.6949152542364423 -1 0
59 0.7288135593212821 -1 0
60 0.7627118644061217 -1 0
61 0.7966101694909615 -1 0
62 0.8305084745758011 -1 0
63 0.8644067796606409 -1 0
64 0.8983050847454805 -1 0
65 0.9322033898303204 -1 0
66 0.96610169491516 -1 0
67 -0.9830508474576709 -1 0
68 -0.9491525423730192 -1 0
69 -0.9152542372883723 -1 0
70 -0.8813559322037179 -1 0
71 -0.8474576271190594 -1 0
72 -0.8135593220344094 -1 0
73 -0.7796610169497623 -1 0
74 -0.7457627118651091 -1 0
75 -0.71186440678046 -1 0
76 -0.6779661016958083 -1 0
77 -0.6440677966111565 -1 0
78 -0.6101694915265048 -1 0
79 -0.5762711864418532 -1 0
80 -0.5423728813572014 -1 0
81 -0.5084745762725497 -1 0
82 -0.4745762711878978 -1 0
83 -0.4406779661032459 -1 0
84 -0.4067796610185941 -1 0
85 -0.3728813559339422 -1 0
86 -0.3389830508492904 -1 0
87 -0.3050847457646385 -1 0
88 -0.2711864406799867 -1 0
89 -0.2372881355953348 -1 0
90 -0.203389830510683 -1 0
91 -0.1694915254260313 -1 0
92 -0.1355932203413794 -1 0
93 -0.1016949152567276 -1 0
94 -0.06779661017207572 -1 0
95 -0.03389830508742386 -1 0
96 -2.772115870186553e-12 -1 0
97 0.03389830508206804 -1 0
98 0.06779661016690786 -1 0
99 0.1016949152517475 -1 0
100 0.1355932203365871 -1 0
101 0.1694915254214269 -1 0
102 0.2033898305062665 -1 0
103 0.2372881355911063 -1 0
104 0.2711864406759459 -1 0
105 0.3050847457607857 -1 0
106 0.3389830508456253 -1 0
107 0.3728813559304651 -1 0
108 0.4067796610153047 -1 0
109 0.4406779661001445 -1 0
110 0.4745762711849841 -1 0
111 0.508474576269824 -1 0
112 0.5423728813546635 -1 0
113 0.5762711864395034 -1 0
114 0.610169491524343 -1 0
115 0.6440677966091826 -1 0
116 0.6779661016940224 -1 0
117 0.7118644067788622 -1 0
118 0.745762711863702 -1 0
119 0.7796610169485416 -1 0
120 0.8135593220333814 -1 0
121 0.847457627118221 -1 0
122 0.8813559322030609 -1 0
123 0.9152542372879005 -1 0
124 0.9491525423727403 -1 0
125 0.9830508474575799 -1 0
126 1 -0.9661016949153483 0
127 1 -0.9322033898306965 0
128 1 -0.8983050847460448 0
129 1 -0.8644067796613929 0
130 1 -0.8305084745767412 0
131 1 -0.7966101694920893 0
132 1 -0.7627118644074375 0
133 1 -0.7288135593227858 0
134 1 -0.6949152542381341 0
135 1 -0.6610169491534824 0
136 1 -0.6271186440688307 0
137 1 -0.593220338984179 0
138 1 -0.5593220338995273 0
139 1 -0.5254237288148755 0
140 1 -0.4915254237302238 0
141 1 -0.4576271186455719 0
142 1 -0.4237288135609201 0
143 1 -0.3898305084762682 0
144 1 -0.3559322033916164 0
145 1 -0.3220338983069645 0
146 1 -0.2881355932223126 0
147 1 -0.2542372881376608 0
148 1 -0.2203389830530089 0
149 1 -0.1864406779683572 0
150 1 -0.1525423728837054 0
151 1 -0.1186440677990536 0
152 1 -0.08474576271440171 0
153 1 -0.05084745762974985 0
154 1 -0.01694915254509799 0
155 1 0.01694915253964813 0
156 1 0.05084745762448795 0
157 1 0.08474576270932754 0
158 1 0.1186440677941671 0
159 1 0.152542372879007 0
160 1 0.1864406779638466 0
161 1 0.2203389830486864 0
162 1 0.254237288133526 0
163 1 0.2881355932183658 0
164 1 0.3220338983032054 0
165 1 0.3559322033880452 0
166 1 0.3898305084728848 0
167 1 0.4237288135577246 0
168 1 0.4576271186425642 0
169 1 0.491525423727404 0
170 1 0.5254237288122436 0
171 1 0.5593220338970835 0
172 1 0.5932203389819231 0
173 1 0.6271186440667627 0
174 1 0.6610169491516025 0
175 1 0.6949152542364423 0
176 1 0.7288135593212821 0
177 1 0.7627118644061217 0
178 1 0.7966101694909615 0
179 1 0.8305084745758011 0
180 1 0.8644067796606409 0
181 1 0.8983050847454805 0
182 1 0.9322033898303204 0
183 1 0.96610169491516 0
184 1 -0.9830508474576709 0
185 1 -0.9491525423730192 0
186 1 -0.9152542372883723 0
187 1 -0.8813559322037179 0
188 1 -0.8474576271190594 0
189 1 -0.8135593220344094 0
190 1 -0.7796610169497623 0
191 1 -0.7457627118651091 0
192 1 -0.71186440678046 0
193 1 -0.6779661016958083 0
194 1 -0.6440677966111565 0
195 1 -0.6101694915265048 0
196 1 -0.5762711864418532 0
197 1 -0.5423728813572014 0
198 1 -0.5084745762725497 0
199 1 -0.4745762711878978 0
200 1 -0.4406779661032459 0
201 1 -0.4067796610185941 0
202 1 -0.3728813559339422 0
203 1 -0.3389830508492904 0
204 1 -0.3050847457646385 0
205 1 -0.2711864406799867 0
206 1 -0.2372881355953348 0
207 1 -0.203389830510683 0
208 1 -0.1694915254260313 0
209 1 -0.1355932203413794 0
210 1 -0.1016949152567276 0
211 1 -0.06779661017207572 0
212 1 -0.03389830508742386 0
213 1 -2.772115870186553e-12 0
214 1 0.03389830508206804 0
215 1 0.06779661016690786 0
216 1 0.1016949152517475 0
217 1 0.1355932203365871 0
218 1 0.1694915254214269 0
219 1 0.2033898305062665 0
220 1 0.2372881355911063 0
221 1 0.2711864406759459 0
222 1 0.3050847457607857 0
223 1 0.3389830508456253 0
224 1 0.3728813559304651 0
225 1 0.4067796610153047 0
226 1 0.4406779661001445 0
227 1 0.4745762711849841 0
228 1 0.508474576269824 0
229 1 0.5423728813546635 0
230 1 0.5762711864395034 0
231 1 0.610169491524343 0
232 1 0.6440677966091826 0
233 1 0.6779661016940224 0
234 1 0.7118644067788622 0
235 1 0.745762711863702 0
236 1 0.7796610169485416 0
237 1 0.8135593220333814 0
238 1 0.847457627118221 0
239 1 0.8813559322030609 0
240 1 0.9152542372879005 0
241 1 0.9491525423727403 0
242 1 0.9830508474575799 0
243 0.9661016949153483 1 0
244 0.9322033898306965 1 0
245 0.8983050847460448 1 0
246 0.8644067796613929 1 0
247 0.8305084745767412 1 0
248 0.7966101694920893 1 0
249 0.7627118644074375 1 0
250 0.7288135593227858 1 0
251 0.6949152542381341 1 0
252 0.6610169491534824 1 0
253 0.6271186440688307 1 0
254 0.593220338984179 1 0
255 0.5593220338995273 1 0
256 0.5254237288148755 1 0
257 0.4915254237302238 1 0
258 0.4576271186455719 1 0
259 0.4237288135609201 1 0
260 0.3898305084762682 1 0
261 0.3559322033916164 1 0
262 0.3220338983069645 1 0
263 0.2881355932223126 1 0
264 0.2542372881376608 1 0
265 0.2203389830530089 1 0
266 0.1864406779683572 1 0
267 0.1525423728837054 1 0
268 0.1186440677990536 1 0
269 0.08474576271440171 1 0
270 0.05084745762974985 1 0
271 0.01694915254509799 1 0
272 -0.01694915253964813 1 0
273 -0.05084745762448795 1 0
274 -0.08474576270932754 1 0
275 -0.1186440677941671 1 0
276 -0.152542372879007 1 0
277 -0.1864406779638466 1 0
278 -0.2203389830486864 1 0
279 -0.254237288133526 1 0
280 -0.2881355932183658 1 0
281 -0.3220338983032054 1 0
282 -0.3559322033880452 1 0
283 -0.3898305084728848 1 0
284 -0.4237288135577246 1 0
285 -0.4576271186425642 1 0
286 -0.491525423727404 1 0
287 -0.5254237288122436 1 0
288 -0.5593220338970835 1 0
289 -0.5932203389819231 1 0
290 -0.6271186440667627 1 0
291 -0.6610169491516025 1 0
292 -0.6949152542364423 1 0
293 -0.7288135593212821 1 0
294 -0.7627118644061217 1 0
295 -0.7966101694909615 1 0
296 -0.8305084745758011 1 0
297 -0.8644067796606409 1 0
298 -0.8983050847454805 1 0
299 -0.9322033898303204 1 0
300 -0.96610169491516 1 0
301 0.9830508474576709 1 0
302 0.9491525423730192 1 0
303 0.9152542372883723 1 0
304 0.8813559322037179 1 0
305 0.8474576271190594 1 0
306 0.8135593220344094 1 0
307 0.7796610169497623 1 0
308 0.7457627118651091 1 0
309 0.71186440678046 1 0
310 0.6779661016958083 1 0
311 0.6440677966111565 1 0
312 0.6101694915265048 1 0
313 0.5762711864418532 1 0
314 0.5423728813572014 1 0
315 0.5084745762725497 1 0
316 0.4745762711878978 1 0
317 0.4406779661032459 1 0
318 0.4067796610185941 1 0
319 0.3728813559339422 1 0
320 0.3389830508492904 1 0
321 0.3050847457646385 1 0
322 0.2711864406799867 1 0
323 0.2372881355953348 1 0
324 0.203389830510683 1 0
325 0.1694915254260313 1 0
326 0.1355932203413794 1 0
327 0.1016949152567276 1 0
328 0.06779661017207572 1 0
329 0.03389830508742386 1 0
330 2.772115870186553e-12 1 0
331 -0.03389830508206804 1 0
332 -0.06779661016690786 1 0
333 -0.1016949152517475 1 0
334 -0.1355932203365871 1 0
335 -0.1694915254214269 1 0
336 -0.2033898305062665 1 0
337 -0.2372881355911063 1 0
338 -0.2711864406759459 1 0
339 -0.3050847457607857 1 0
340 -0.3389830508456253 1 0
341 -0.3728813559304651 1 0
342 -0.4067796610153047 1 0
343 -0.4406779661001445 1 0
344 -0.4745762711849841 1 0
345 -0.508474576269824 1 0
346 -0.5423728813546635 1 0
347 -0.5762711864395034 1 0
348 -0.610169491524343 1 0
349 -0.6440677966091826 1 0
350 -0.6779661016940224 1 0
351 -0.7118644067788622 1 0
352 -0.745762711863702 1 0
353 -0.7796610169485416 1 0
354 -0.8135593220333814 1 0
355 -0.847457627118221 1 0
356 -0.8813559322030609 1 0
357 -0.9152542372879005 1 0
358 -0.9491525423727403 1 0
359 -0.9830508474575799 1 0
360 -1 0.9661016949153483 0
361 -1 0.9322033898306965 0
362 -1 0.8983050847460448 0
363 -1 0.8644067796613929 0
364 -1 0.8305084745767412 0
365 -1 0.7966101694920893 0
366 -1 0.7627118644074375 0
367 -1 0.7288135593227858 0
368 -1 0.6949152542381341 0
369 -1 0.6610169491534824 0
370 -1 0.6271186440688307 0
371 -1 0.593220338984179 0
372 -1 0.5593220338995273 0
373 -1 0.5254237288148755 0
374 -1 0.4915254237302238 0
375 -1 0.4576271186455719 0
376 -1 0.4237288135609201 0
377 -1 0.3898305084762682 0
378 -1 0.3559322033916164 0
379 -1 0.3220338983069645 0
380 -1 0.2881355932223126 0
381 -1 0.2542372881376608 0
382 -1 0.2203389830530089 0
383 -1 0.1864406779683572 0
384 -1 0.1525423728837054 0
385 -1 0.1186440677990536 0
386 -1 0.08474576271440171 0
387 -1 0.05084745762974985 0
388 -1 0.01694915254509799 0
389 -1 -0.01694915253964813 0
390 -1 -0.05084745762448795 0
391 -1 -0.08474576270932754 0
392 -1 -0.1186440677941671 0
393 -1 -0.152542372879007 0
394 -1 -0.1864406779638466 0
395 -1 -0.2203389830486864 0
396 -1 -0.254237288133526 0
397 -1 -0.2881355932183658 0
398 -1 -0.3220338983032054 0
399 -1 -0.3559322033880452 0
400 -1 -0.3898305084728848 0
401 -1 -0.4237288135577246 0
402 -1 -0.4576271186425642 0
403 -1 -0.491525423727404 0
404 -1 -0.5254237288122436 0
405 -1 -0.5593220338970835 0
406 -1 -0.5932203389819231 0
407 -1 -0.6271186440667627 0
408 -1 -0.6610169491516025 0
409 -1 -0.6949152542364423 0
410 -1 -0.7288135593212821 0
411 -1 -0.7627118644061217 0
412 -1 -0.7966101694909615 0
413 -1 -0.8305084745758011 0
414 -1 -0.8644067796606409 0
415 -1 -0.8983050847454805 0
416 -1 -0.9322033898303204 0
417 -1 -0.96610169491516 0
418 -1 0.9830508474576709 0
419 -1 0.9491525423730192 0
420 -1 0.9152542372883723 0
421 -1 0.8813559322037179 0
422 -1 0.8474576271190594 0
423 -1 0.8135593220344094 0
424 -1 0.7796610169497623 0
425 -1 0.7457627118651091 0
426 -1 0.71186440678046 0
427 -1 0.6779661016958083 0
428 -1 0.6440677966111565 0
429 -1 0.6101694915265048 0
430 -1 0.5762711864418532 0
431 -1 0.5423728813572014 0
432 -1 0.5084745762725497 0
433 -1 0.4745762711878978 0
434 -1 0.4406779661032459 0
435 -1 0.4067796610185941 0
436 -1 0.3728813559339422 0
437 -1 0.3389830508492904 0
438 -1 0.3050847457646385 0
439 -1 0.2711864406799867 0
440 -1 0.2372881355953348 0
441 -1 0.203389830510683 0
442 -1 0.1694915254260313 0
443 -1 0.1355932203413794 0
444 -1 0.1016949152567276 0
445 -1 0.06779661017207572 0
446 -1 0.03389830508742386 0
447 -1 2.772115870186553e-12 0
448 -1 -0.03389830508206804 0
449 -1 -0.06779661016690786 0
450 -1 -0.1016949152517475 0
451 -1 -0.1355932203365871 0
452 -1 -0.1694915254214269 0
453 -1 -0.2033898305062665 0
454 -1 -0.2372881355911063 0
455 -1 -0.2711864406759459 0
456 -1 -0.3050847457607857 0
457 -1 -0.3389830508456253 0
458 -1 -0.3728813559304651 0
459 -1 -0.4067796610153047 0
460 -1 -0.4406779661001445 0
461 -1 -0.4745762711849841 0
462 -1 -0.508474576269824 0
463 -1 -0.5423728813546635 0
464 -1 -0.5762711864395034 0
465 -1 -0.610169491524343 0
466 -1 -0.6440677966091826 0
467 -1 -0.6779661016940224 0
468 -1 -0.7118644067788622 0
469 -1 -0.745762711863702 0
470 -1 -0.7796610169485416 0
471 -1 -0.8135593220333814 0
472 -1 -0.847457627118221 0
473 -1 -0.8813559322030609 0
474 -1 -0.9152542372879005 0
475 -1 -0.9491525423727403 0
476 -1 -0.9830508474575799 0
477 0.08348213277403024 0.4713149562054859 0
478 0.08401219566003947 0.4426345637104058 0
479 0.08505791135786665 0.4139685795954399 0
480 0.08677080075480034 0.3853349937229377 0
481 0.08932716364411834 0.3567648601997711 0
482 0.09293744557014465 0.3283094284142612 0
483 0.09785750981527015 0.3000521629304572 0
484 0.1044011654809601 0.2721278320704713 0
485 0.1129500813656844 0.2447542607819339 0
486 0.1239520977581395 0.2182758053916154 0
487 0.137882687174442 0.1932216583455941 0
488 0.1551357870703841 0.1703387512390016 0
489 0.1758077692594146 0.1504977309395343 0
490 0.1993144660617904 0.1341009639025571 0
491 0.224786201344014 0.1209453884613043 0
492 0.2515299001796505 0.1106013254989516 0
493 0.2790675393911698 0.1025933885941773 0
494 0.3070916894001586 0.09648863903763558 0
495 0.3354086721203168 0.09192296955080401 0
496 0.363899070272228 0.08859817246082197 0
497 0.3924889328239756 0.08627089407374078 0
498 0.4211328995311008 0.08474021401862353 0
499 0.449803808132592 0.08383682674172084 0
500 0.4784860249169473 0.08341415855016081 0
501 0.5071713891772296 0.08334168209028005 0
502 0.5358558404045084 0.08357388414589777 0
503 0.5645338046663748 0.08421970957271549 0
504 0.5931938232684362 0.08541718934103051 0
505 0.6218150750490545 0.08732325911927462 0
506 0.6503623067032158 0.09012180067025558 0
507 0.6787776659759468 0.09403349828267238 0
508 0.7069668872618176 0.09932750389638889 0
509 0.734777868607934 0.1063338712077096 0
510 0.7619663766131639 0.1154519860996343 0
511 0.7881466823581227 0.1271421670643523 0
512 0.8127363186564192 0.1418734056465147 0
513 0.8349381295451237 0.1599913100844191 0
514 0.8539225811625129 0.181454289589337 0
515 0.8694771395979921 0.2055290814772872 0
516 0.8818854382567393 0.2313749892761728 0
517 0.8916016279207043 0.2583541899714619 0
518 0.8990958263147125 0.2860372602126462 0
519 0.9047843574751424 0.3141491178751931 0
520 0.9090142204351442 0.3425185467902793 0
521 0.9120686837892225 0.3710394036386557 0
522 0.914179378016144 0.3996461631884373 0
523 0.9155383889039358 0.4282988810922566 0
524 0.9163085720244796 0.4569737331943269 0
525 0.9166320122780064 0.4856572711381347 0
526 0.9166320122390619 0.5143427366374754 0
527 0.9163085718852263 0.5430262744204403 0
528 0.9155383886338269 0.5717011263570889 0
529 0.9141793775823658 0.6003538440941986 0
530 0.9120686831559647 0.6289606034634184 0
531 0.9090142195605786 0.6574814601239749 0
532 0.9047843563103749 0.6858508888334343 0
533 0.8990958248006955 0.7139627462660529 0
534 0.8916016259904707 0.7416458162259361 0
535 0.881885435832402 0.7686250165740622 0
536 0.8694771366091031 0.7944709239116786 0
537 0.8539225775493696 0.8185457152125413 0
538 0.8349381253286753 0.8400086939590885 0
539 0.8127363139898961 0.8581265976014439 0
540 0.7881466774497253 0.8728578354642348 0
541 0.7619663716116043 0.8845480158296989 0
542 0.7347778636146014 0.8936661302404 0
543 0.7069668823402044 0.9006724971727682 0
544 0.6787776611701963 0.9059665024899487 0
545 0.6503623020266939 0.9098781998737769 0
546 0.6218150705137514 0.9126767412485655 0
547 0.5931938188946898 0.9145828108916145 0
548 0.56453380044724 0.9157802905593279 0
549 0.5358558363428022 0.916426115913186 0
550 0.5071713852793296 0.9166583179189662 0
551 0.4784860211773781 0.9165858414202473 0
552 0.4498038045535056 0.9161631731783936 0
553 0.4211328961129051 0.9152597858393362 0
554 0.3924889295646842 0.9137291057100805 0
555 0.3638990671861011 0.9114018272376516 0
556 0.3354086692041854 0.9080770300489558 0
557 0.3070916866660871 0.9035113604503408 0
558 0.2790675368513925 0.8974066107677298 0
559 0.2515298978558514 0.8893986737238326 0
560 0.2247861992549585 0.8790546106083432 0
561 0.1993144642367695 0.8658990350067437 0
562 0.1758077677341403 0.8495022678180522 0
563 0.1551357858703804 0.8296612474021435 0
564 0.1378826862785535 0.8067783402645685 0
565 0.1239520971126018 0.7817241932602448 0
566 0.1129500809132278 0.755245737958318 0
567 0.1044011651743905 0.7278721667939867 0
568 0.09785750961644926 0.6999478360842595 0
569 0.09293744544453089 0.6716905707407816 0
570 0.08932716356822307 0.6432351390892624 0
571 0.086770800712579 0.6146650057026285 0
572 0.08505791133760524 0.5860314199752321 0
573 0.08401219565224533 0.5573654359971685 0
574 0.08348213277244765 0.5286850436518172 0
575 0.08336798773583171 0.4856572683752308 0
576 0.08369142813568445 0.4569737244360967 0
577 0.08446161097483551 0.4282988844356292 0
578 0.08582062173959135 0.399646167289359 0
579 0.08793131828081545 0.3710393804228932 0
580 0.09098578221459898 0.3425185258415977 0
581 0.09521564720670914 0.314149090909472 0
582 0.1009041956536945 0.2860371662066764 0
583 0.1083983290365463 0.2583543281688522 0
584 0.1181145522506313 0.231375012183102 0
585 0.1305228567142649 0.2055290881262871 0
586 0.146077416277325 0.1814542929918005 0
587 0.1650618661542168 0.1599913142086841 0
588 0.187263682608329 0.1418734047662341 0
589 0.2118533027963754 0.1271421747120928 0
590 0.2380335874531563 0.1154519999609215 0
591 0.265222004524816 0.1063339080003326 0
592 0.2930330426144147 0.09932751912988061 0
593 0.3212223584225793 0.09403349436011899 0
594 0.349637651979916 0.0901218054767603 0
595 0.3781849270671511 0.08732325894763773 0
596 0.4068061831960844 0.08541718899717457 0
597 0.4354661783790986 0.08421971010332982 0
598 0.4641441511112872 0.08357388426931375 0
599 0.4928286128512062 0.08334168208546838 0
600 0.5215139719073645 0.08341415852503103 0
601 0.5501961790617842 0.08383682645589804 0
602 0.5788670917650948 0.08474021365694419 0
603 0.6075110775300562 0.08627089476049156 0
604 0.6361009025756929 0.08859816980796077 0
605 0.6645913119296849 0.09192296736166075 0
606 0.6929083577968834 0.09648864787647089 0
607 0.7209322551277588 0.10259333696923 0
608 0.7484700542477882 0.1106013102567958 0
609 0.7752137790600651 0.1209453797343403 0
610 0.8006855205098571 0.1341009558772832 0
611 0.824192230698939 0.1504977309056112 0
612 0.8448642066125848 0.1703387440857505 0
613 0.8621173136920882 0.1932216596898866 0
614 0.8760478997646964 0.2182758002183101 0
615 0.8870498674921906 0.2447541183900511 0
616 0.8955988579002833 0.2721279186752666 0
617 0.9021424927160178 0.3000521754745913 0
618 0.9070625581316762 0.3283094533150414 0
619 0.9106728386285414 0.3567648814894324 0
620 0.9132292003554342 0.3853350088280023 0
621 0.9149420879930941 0.4139685658426793 0
622 0.9159878045828741 0.4426345728242155 0
623 0.9165178672823042 0.4713149612849326 0
624 0.9166666666666666 0.5000000039286459 0
625 0.9165178671969575 0.5286850464104309 0
626 0.9159878043820339 0.5573654347110543 0
627 0.9149420876451405 0.586031441530249 0
628 0.9132291998268223 0.6146649983639161 0
629 0.9106728378798041 0.6432351255245354 0
630 0.9070625571179483 0.6716905535039326 0
631 0.9021424913843672 0.6999478311245806 0
632 0.8955988561885644 0.7278720876649913 0
633 0.8870498653260365 0.7552458876410344 0
634 0.8760478970646871 0.7817242054203846 0
635 0.8621173103921989 0.8067783454293993 0
636 0.8448642026916542 0.8296612603542147 0
637 0.8241922262326673 0.8495022727323943 0
638 0.8006855156995214 0.8658990469975488 0
639 0.7752137740939213 0.8790546224773113 0
640 0.7484700492450047 0.88939869141643 0
641 0.7209322501692387 0.8974066642765445 0
642 0.6929083529229254 0.9035113530363008 0
643 0.6645913071888736 0.9080770332890173 0
644 0.6361008979698834 0.9114018306420442 0
645 0.6075110730818863 0.9137291055345418 0
646 0.5788670874676869 0.915259786521631 0
647 0.5501961749226212 0.9161631736364885 0
648 0.5215139679285866 0.9165858415064537 0
649 0.4928286090351805 0.9166583179054796 0
650 0.464144147450971 0.9164261156774413 0
651 0.4354661748831669 0.9157802897872603 0
652 0.4068061798548588 0.9145828108251014 0
653 0.3781849238925008 0.9126767407948791 0
654 0.3496376489748546 0.9098781941736526 0
655 0.321222355593722 0.9059665051850854 0
656 0.2930330399733896 0.9006724802963902 0
657 0.2652220020867171 0.8936660912925967 0
658 0.2380335852457928 0.8845479991875959 0
659 0.2118533008359294 0.8728578242779728 0
660 0.1872636809282205 0.8581265940643894 0
661 0.1650618647899157 0.8400086844829726 0
662 0.1460774152372833 0.8185457056259808 0
663 0.1305228559503314 0.794470910496341 0
664 0.1181145517061623 0.7686249865030242 0
665 0.1083983286611009 0.7416456706257042 0
666 0.1009041954050633 0.7139628327293959 0
667 0.09521564704809078 0.6858509081769454 0
668 0.09098578211565375 0.6574814733761484 0
669 0.08793131822358713 0.628960618935283 0
670 0.08582062170962912 0.6003538322076092 0
671 0.08446161096168585 0.5717011152017148 0
672 0.08369142813170577 0.543026275346338 0
673 0.08336798773549106 0.5143427315567565 0
674 -0.9165178672259667 0.4713149562052092 0
675 -0.9159878043399473 0.442634563709909 0
676 -0.914942088642095 0.4139685795946255 0
677 -0.9132291992451119 0.3853349937217429 0
678 -0.9106728363556958 0.3567648601980304 0
679 -0.9070625544295445 0.3283094284121696 0
680 -0.9021424901842112 0.3000521629278868 0
681 -0.8955988345187037 0.2721278320692258 0
682 -0.887049918634284 0.2447542607818457 0
683 -0.8760479022433857 0.2182758053948005 0
684 -0.8621173128269107 0.1932216583476927 0
685 -0.8448642129309343 0.1703387512404945 0
686 -0.8241922307400622 0.1504977309391081 0
687 -0.8006855339396685 0.134100963903429 0
688 -0.7752137986548642 0.1209453884608046 0
689 -0.7484700998232587 0.1106013254999246 0
690 -0.7209324606091823 0.1025933885942658 0
691 -0.6929083106013445 0.09648863903791707 0
692 -0.664591327885184 0.09192296955155901 0
693 -0.63610092973813 0.08859817246183398 0
694 -0.607511067193113 0.08627089407487423 0
695 -0.5788671004826664 0.0847402140191956 0
696 -0.5501961918889119 0.08383682674220082 0
697 -0.5215139751009515 0.08341415855030243 0
698 -0.4928286108352373 0.08334168209025047 0
699 -0.4641441596090851 0.08357388414570004 0
700 -0.4354661953409155 0.08421970957248733 0
701 -0.4068061767399253 0.08541718934058576 0
702 -0.3781849249618287 0.08732325911839192 0
703 -0.3496376933116579 0.09012180066852526 0
704 -0.3212223340361832 0.09403349828072223 0
705 -0.293033112749793 0.09932750389386663 0
706 -0.2652221313927218 0.1063338712075194 0
707 -0.2380336233986631 0.115451986095072 0
708 -0.2118533176594765 0.1271421670552859 0
709 -0.1872636813584105 0.141873405636193 0
710 -0.1650618704694947 0.1599913100704003 0
711 -0.1460774188514572 0.1814542895707708 0
712 -0.1305228604116087 0.2055290814599771 0
713 -0.1181145617508171 0.2313749892579383 0
714 -0.1083983720843348 0.258354189955283 0
715 -0.1009041736897985 0.2860372601933427 0
716 -0.09521564252810362 0.3141491178564975 0
717 -0.0909857795672192 0.3425185467715941 0
718 -0.0879313162124333 0.3710394036200856 0
719 -0.08582062198493176 0.3996461631703762 0
720 -0.08446161109670723 0.4282988810745238 0
721 -0.08369142797584087 0.4569737331768029 0
722 -0.08336798772208004 0.4856572711208716 0
723 -0.08336798776085298 0.5143427366204689 0
724 -0.0836914281144661 0.5430262744036211 0
725 -0.08446161136557623 0.5717011263406274 0
726 -0.08582062241666645 0.6003538440779511 0
727 -0.08793131684262562 0.6289606034476088 0
728 -0.09098578043740375 0.6574814601080234 0
729 -0.0952156436869346 0.685850888817938 0
730 -0.1009041751956729 0.7139627462505131 0
731 -0.1083983740052638 0.7416458162122406 0
732 -0.1181145641619115 0.7686250165603399 0
733 -0.1305228633833134 0.7944709238980056 0
734 -0.1460774224430045 0.8185457152024063 0
735 -0.1650618746603306 0.8400086939485453 0
736 -0.1872636859968594 0.8581265975922256 0
737 -0.2118533225395607 0.8728578354587154 0
738 -0.2380336283767808 0.8845480158252185 0
739 -0.2652221363681659 0.8936661302354023 0
740 -0.293033117650369 0.9006724971707204 0
741 -0.3212223388256036 0.9059665024892735 0
742 -0.3496376979724079 0.9098781998736725 0
743 -0.378184929481559 0.9126767412481851 0
744 -0.4068061811086332 0.9145828108917913 0
745 -0.4354661995482194 0.9157802905591858 0
746 -0.4641441636566347 0.9164261159131779 0
747 -0.4928286147218383 0.916658317918969 0
748 -0.5215139788145894 0.9165858414203109 0
749 -0.550196195439582 0.9161631731785478 0
750 -0.5788671038770584 0.9152597858397532 0
751 -0.6075110704265566 0.9137291057106615 0
752 -0.6361009328038549 0.9114018272386329 0
753 -0.6645913307792884 0.908077030051224 0
754 -0.6929083133194137 0.9035113604530561 0
755 -0.7209324631329572 0.8974066107716617 0
756 -0.7484701021420577 0.889398673724532 0
757 -0.7752138007422347 0.8790546106095932 0
758 -0.8006855357597243 0.8658990350088391 0
759 -0.8241922322632189 0.8495022678202032 0
760 -0.8448642141291524 0.8296612474026727 0
761 -0.8621173137197472 0.8067783402672046 0
762 -0.8760479028861979 0.7817241932627514 0
763 -0.8870499190862429 0.7552457379597918 0
764 -0.8955988348253296 0.7278721667950233 0
765 -0.9021424903830865 0.6999478360865605 0
766 -0.9070625545552838 0.6716905707420282 0
767 -0.9106728364316012 0.6432351390909081 0
768 -0.9132291992873355 0.6146650057037935 0
769 -0.9149420886623618 0.5860314199759322 0
770 -0.9159878043477419 0.5573654359976483 0
771 -0.9165178672275496 0.528685043652076 0
772 -0.9166320122641698 0.4856572683755114 0
773 -0.9163085718642821 0.4569737244342632 0
774 -0.9155383890251392 0.4282988844349294 0
775 -0.9141793782603314 0.3996461672880603 0
776 -0.9120686817189013 0.3710393804197163 0
777 -0.909014217785951 0.3425185258459452 0
778 -0.9047843527921446 0.3141490909028697 0
779 -0.8990958043457639 0.2860371662043583 0
780 -0.8916016709647386 0.2583543281729776 0
781 -0.8818854477499667 0.2313750121845451 0
782 -0.8694771432870491 0.2055290881286559 0
783 -0.8539225837244117 0.1814542929941084 0
784 -0.834938133846609 0.159991314209476 0
785 -0.8127363173903894 0.141873404765342 0
786 -0.7881466972090174 0.1271421747148709 0
787 -0.7619664125460466 0.115451999960614 0
788 -0.7347779954789073 0.1063339080014124 0
789 -0.7069669573893254 0.0993275191306931 0
790 -0.67877764158456 0.09403349436126678 0
791 -0.6503623480258893 0.09012180547743565 0
792 -0.6218150729497776 0.08732325894901076 0
793 -0.59319381681991 0.08541718899802533 0
794 -0.5645338216313831 0.08421971010365784 0
795 -0.5358558489027128 0.08357388426951741 0
796 -0.5071713871637257 0.0833416820855038 0
797 -0.4784860281089733 0.08341415852490175 0
798 -0.4498038209474393 0.08383682645569217 0
799 -0.4211329082405652 0.08474021365670899 0
800 -0.3924889224786316 0.08627089475991533 0
801 -0.3638990974350295 0.08859816980691315 0
802 -0.3354086880827463 0.09192296735995455 0
803 -0.3070916422174813 0.09648864787378071 0
804 -0.2790677448787445 0.1025933369675961 0
805 -0.251529945755704 0.1106013102556278 0
806 -0.2247862209504717 0.1209453797296478 0
807 -0.1993144795060187 0.1341009558677952 0
808 -0.1758077693133846 0.150497730895573 0
809 -0.155135793401078 0.1703387440702792 0
810 -0.1378826863184622 0.1932216596735191 0
811 -0.1239521002446808 0.2182758001987267 0
812 -0.1129501325152884 0.2447541183692276 0
813 -0.1044011421035225 0.2721279186611701 0
814 -0.09785750728800419 0.3000521754546598 0
815 -0.09293744187087412 0.3283094532978862 0
816 -0.08932716137335017 0.356764881471713 0
817 -0.08677079964587393 0.3853350088102055 0
818 -0.08505791200777015 0.4139685658243682 0
819 -0.0840121954176231 0.4426345728055628 0
820 -0.08348213271786128 0.4713149612700169 0
821 -0.08333333333333337 0.5000000039109846 0
822 -0.08348213280283633 0.5286850463918366 0
823 -0.08401219561743349 0.5573654346910707 0
824 -0.08505791235391214 0.5860314415101745 0
825 -0.08677080017219375 0.6146649983505295 0
826 -0.08932716211843339 0.6432351255080255 0
827 -0.09293744287934909 0.6716905534857526 0
828 -0.0978575086125523 0.6999478311093146 0
829 -0.1044011438095329 0.7278720876579439 0
830 -0.11295013467142 0.7552458876339525 0
831 -0.1239521029262454 0.7817242054014482 0
832 -0.1378826895974246 0.8067783454133015 0
833 -0.1551357973022317 0.829661260347291 0
834 -0.1758077737534194 0.8495022727210613 0
835 -0.1993144842873941 0.8658990469897291 0
836 -0.2247862258935514 0.8790546224717324 0
837 -0.2515299507441807 0.8893986914128129 0
838 -0.2790677498140257 0.8974066642723398 0
839 -0.3070916470670357 0.9035113530344208 0
840 -0.3354086928075985 0.9080770332885331 0
841 -0.3638991020299824 0.9114018306420311 0
842 -0.3924889269239025 0.9137291055349257 0
843 -0.4211329125299395 0.9152597865215324 0
844 -0.4498038250756703 0.9161631736364503 0
845 -0.4784860320756311 0.916585841506487 0
846 -0.507171390964422 0.9166583179054805 0
847 -0.5358558525454047 0.9164261156774939 0
848 -0.5645338251098684 0.9157802897874784 0
849 -0.5931938201349561 0.9145828108256432 0
850 -0.6218150760930582 0.9126767407960504 0
851 -0.6503623510081344 0.9098781941756315 0
852 -0.678777644389054 0.9059665051878545 0
853 -0.7069669600151827 0.9006724802988727 0
854 -0.7347779979015807 0.8936660912959904 0
855 -0.7619664147566044 0.884547999186671 0
856 -0.7881466991613365 0.8728578242793813 0
857 -0.8127363190641166 0.8581265940697229 0
858 -0.8349381352110732 0.8400086844820243 0
859 -0.853922584765118 0.8185457056227895 0
860 -0.8694771440482207 0.7944709104989515 0
861 -0.881885448290727 0.768624986510531 0
862 -0.8916016713389213 0.741645670625633 0
863 -0.8990958045942701 0.7139628327322484 0
864 -0.9047843529518824 0.6858509081770996 0
865 -0.9090142178835685 0.6574814733822978 0
866 -0.9120686817764199 0.6289606189352055 0
867 -0.9141793782905336 0.6003538322048774 0
868 -0.915538389038264 0.5717011152030975 0
869 -0.9163085718682369 0.5430262753494766 0
870 -0.9166320122645359 0.5143427315513647 0
871 -0.916517867225885 -0.5286850438021569 0
872 -0.9159878043399233 -0.5573654362909929 0
873 -0.9149420886420812 -0.5860314204056671 0
874 -0.9132291992452244 -0.6146650062767267 0
875 -0.9106728363565118 -0.6432351397943266 0
876 -0.9070625544296338 -0.6716905715872294 0
877 -0.90214249018453 -0.6999478370705334 0
878 -0.8955988345212408 -0.7278721679213767 0
879 -0.8870499186345174 -0.7552457392175043 0
880 -0.8760479022412649 -0.7817241946096285 0
881 -0.8621173128229069 -0.8067783416585186 0
882 -0.8448642129271097 -0.8296612487638364 0
883 -0.824192230735172 -0.8495022690648752 0
884 -0.8006855339349472 -0.8658990360993927 0
885 -0.7752137986501962 -0.8790546115412743 0
886 -0.7484700998190286 -0.8893986745014902 0
887 -0.7209324606034609 -0.8974066114071717 0
888 -0.6929083105965688 -0.9035113609629774 0
889 -0.6645913278810208 -0.9080770304490124 0
890 -0.6361009297345601 -0.9114018275385148 0
891 -0.6075110671892977 -0.9137291059253789 0
892 -0.5788671004788291 -0.9152597859809639 0
893 -0.550196191884931 -0.9161631732578881 0
894 -0.5215139750970161 -0.9165858414497288 0
895 -0.4928286108313041 -0.9166583179097403 0
896 -0.4641441596051196 -0.9164261158542424 0
897 -0.4354661953369799 -0.9157802904273896 0
898 -0.4068061767357956 -0.9145828106591947 0
899 -0.3781849249574394 -0.9126767408812522 0
900 -0.3496376933071919 -0.9098781993309553 0
901 -0.3212223340315511 -0.9059665017185331 0
902 -0.2930331127444442 -0.9006724961049715 0
903 -0.2652221313898855 -0.8936661287916581 0
904 -0.2380336233967716 -0.8845480139041983 0
905 -0.2118533176608854 -0.8728578329454398 0
906 -0.1872636813589671 -0.8581265943641945 0
907 -0.165061870468997 -0.8400086899291225 0
908 -0.1460774188494341 -0.8185457104265405 0
909 -0.1305228604120125 -0.794470918540751 0
910 -0.1181145617513457 -0.7686250107433372 0
911 -0.1083983720854741 -0.7416458100483753 0
912 -0.1009041736896568 -0.7139627398060506 0
913 -0.09521564252877476 -0.6858508821473681 0
914 -0.09098577956809718 -0.6574814532353471 0
915 -0.08793131621342817 -0.628960596391072 0
916 -0.08582062198607325 -0.600353836848788 0
917 -0.08446161109720363 -0.5717011189391665 0
918 -0.08369142797629228 -0.54302626684788 0
919 -0.0833679877221605 -0.5143427288951924 0
920 -0.08336798776080137 -0.4856572633898362 0
921 -0.08369142811428834 -0.4569737256060992 0
922 -0.08446161136538048 -0.4282988736647709 0
923 -0.08582062241643568 -0.3996461559259232 0
924 -0.08793131684239333 -0.3710393965549962 0
925 -0.0909857804372734 -0.342518539893007 0
926 -0.09521564368705474 -0.31414911118137 0
927 -0.1009041751952455 -0.2860372537513159 0
928 -0.1083983740026454 -0.2583541837961661 0
929 -0.1181145641560919 -0.2313749834537036 0
930 -0.1305228633803444 -0.2055290761073474 0
931 -0.1460774224370681 -0.1814542848054831 0
932 -0.165061874658222 -0.1599913060534768 0
933 -0.1872636859929232 -0.141873402410514 0
934 -0.2118533225369688 -0.1271421645426198 0
935 -0.238033628374329 -0.1154519841757273 0
936 -0.2652221363646929 -0.1063338697656049 0
937 -0.2930331176426585 -0.09932750283095462 0
938 -0.3212223388169007 -0.09403349751212575 0
939 -0.3496376979637604 -0.09012180012733359 0
940 -0.378184929472315 -0.08732325875256465 0
941 -0.4068061810992615 -0.08541718910870721 0
942 -0.4354661995389539 -0.08421970944110425 0
943 -0.4641441636474127 -0.08357388408695629 0
944 -0.4928286147126411 -0.0833416820810528 0
945 -0.5215139788053798 -0.08341415857961626 0
946 -0.5501961954302935 -0.08383682682124484 0
947 -0.5788671038679674 -0.084740214159869 0
948 -0.6075110704173444 -0.08627089428872749 0
949 -0.6361009327947857 -0.08859817276048093 0
950 -0.6645913307699272 -0.09192296994749113 0
951 -0.6929083133103293 -0.09648863954524264 0
952 -0.7209324631234098 -0.1025933892259396 0
953 -0.7484701021328029 -0.1106013262723727 0
954 -0.7752138007346667 -0.1209453893870364 0
955 -0.8006855357523168 -0.134100964986734 0
956 -0.8241922322574486 -0.1504977321750966 0
957 -0.8448642141219875 -0.1703387525892141 0
958 -0.8621173137137411 -0.1932216597234779 0
959 -0.8760479028825804 -0.2182758067296937 0
960 -0.8870499190821145 -0.2447542620287138 0
961 -0.8955988348219652 -0.2721278331925147 0
962 -0.9021424903824102 -0.3000521639100882 0
963 -0.9070625545552815 -0.3283094292579566 0
964 -0.9106728364317991 -0.3567648609109447 0
965 -0.913229199287163 -0.3853349942938594 0
966 -0.9149420886625536 -0.4139685800281305 0
967 -0.9159878043477119 -0.4426345640012265 0
968 -0.9165178672275984 -0.4713149563523295 0
969 -0.9166320122641296 -0.5143427316325099 0
970 -0.9163085718642756 -0.5430262755660937 0
971 -0.915538389025092 -0.5717011155663729 0
972 -0.9141793782605145 -0.6003538327088649 0
973 -0.9120686817194209 -0.6289606195744568 0
974 -0.9090142177856708 -0.6574814741562701 0
975 -0.9047843527925726 -0.6858509090946647 0
976 -0.8990958043479532 -0.7139628337862731 0
977 -0.8916016709656237 -0.7416456718241808 0
978 -0.8818854477506018 -0.7686249878139223 0
979 -0.8694771432830808 -0.7944709118784988 0
980 -0.8539225837188995 -0.8185457070132172 0
981 -0.8349381338418242 -0.8400086857951126 0
982 -0.8127363173885811 -0.8581265952359166 0
983 -0.7881466971985185 -0.8728578252905377 0
984 -0.7619664125444667 -0.8845480000399955 0
985 -0.7347779954737468 -0.8936660920000843 0
986 -0.7069669573790289 -0.9006724808715437 0
987 -0.6787776415777086 -0.9059665056398347 0
988 -0.6503623480261833 -0.9098781945225303 0
989 -0.6218150729408973 -0.9126767410517095 0
990 -0.5931938168193895 -0.9145828110020024 0
991 -0.5645338216358928 -0.9157802898962011 0
992 -0.5358558489011618 -0.9164261157305051 0
993 -0.5071713871573047 -0.9166583179145116 0
994 -0.4784860281069732 -0.9165858414750825 0
995 -0.4498038209473343 -0.9161631735443055 0
996 -0.4211329082393614 -0.915259786343241 0
997 -0.3924889224742809 -0.9137291052397962 0
998 -0.363899097431887 -0.9114018301927799 0
999 -0.3354086880777654 -0.9080770326393619 0
1000 -0.3070916422138118 -0.9035113521255321 0
1001 -0.2790677448723999 -0.89740666303081 0
1002 -0.2515299457538381 -0.8893986897437482 0
1003 -0.2247862209545629 -0.8790546202721742 0
1004 -0.1993144795065991 -0.8658990441325517 0
1005 -0.1758077693109668 -0.8495022691024576 0
1006 -0.1551357934000323 -0.8296612559285368 0
1007 -0.137882686317027 -0.8067783403242544 0
1008 -0.1239521002458835 -0.781724199803785 0
1009 -0.1129501325153217 -0.755245881630865 0
1010 -0.1044011421050552 -0.7278720813445069 0
1011 -0.09785750728831058 -0.6999478245468586 0
1012 -0.09293744187126232 -0.6716905467047251 0
1013 -0.08932716137473271 -0.6432351185412384 0
1014 -0.08677079964718773 -0.6146649912076687 0
1015 -0.08505791200864299 -0.5860314341941267 0
1016 -0.08401219541799167 -0.5573654272082655 0
1017 -0.08348213271806817 -0.5286850387486368 0
1018 -0.08333333333333337 -0.499999996102317 0
1019 -0.08348213280276412 -0.4713149536146732 0
1020 -0.08401219561727213 -0.4426345653149835 0
1021 -0.08505791235370178 -0.4139685584942829 0
1022 -0.08677080017179183 -0.3853350016549389 0
1023 -0.08932716211787552 -0.3567648744972005 0
1024 -0.09293744287883877 -0.32830944651768 0
1025 -0.09785750861238679 -0.3000521688915055 0
1026 -0.1044011438068455 -0.2721279123520104 0
1027 -0.1129501346676274 -0.2447541123766071 0
1028 -0.1239521029230158 -0.2182757946052966 0
1029 -0.1378826895926178 -0.1932216545941554 0
1030 -0.1551357972962603 -0.1703387396594707 0
1031 -0.1758077737506676 -0.1504977272811803 0
1032 -0.1993144842832969 -0.1341009530127196 0
1033 -0.2247862258929109 -0.1209453775285529 0
1034 -0.2515299507368011 -0.1106013085896552 0
1035 -0.2790677498120235 -0.1025933357281632 0
1036 -0.3070916470585203 -0.09648864696717399 0
1037 -0.3354086927963787 -0.09192296671300683 0
1038 -0.3638991020186655 -0.08859816935907462 0
1039 -0.3924889269138075 -0.08627089446574387 0
1040 -0.421132912519939 -0.08474021347888323 0
1041 -0.449803825065543 -0.08383682636377573 0
1042 -0.4784860320662838 -0.08341415849358692 0
1043 -0.50717139095851 -0.0833416820945055 0
1044 -0.5358558525292509 -0.0835738843222711 0
1045 -0.5645338251023788 -0.08421971021228727 0
1046 -0.5931938201227965 -0.08541718917371004 0
1047 -0.6218150760869335 -0.08732325920345281 0
1048 -0.6503623510011125 -0.09012180582355162 0
1049 -0.6787776443784772 -0.09403349481044507 0
1050 -0.7069669599984933 -0.09932751969750173 0
1051 -0.7347779978911 -0.1063339087009701 0
1052 -0.7619664147513038 -0.1154520008112842 0
1053 -0.7881466991558237 -0.1271421757177787 0
1054 -0.8127363190676457 -0.1418734059327335 0
1055 -0.8349381351997919 -0.1599913155071572 0
1056 -0.8539225847582573 -0.1814542943680927 0
1057 -0.8694771440423835 -0.205529089490524 0
1058 -0.8818854482888612 -0.2313750134849667 0
1059 -0.8916016713350708 -0.2583543293620043 0
1060 -0.8990958045918113 -0.2860371672572298 0
1061 -0.9047843529514329 -0.3141490918203107 0
1062 -0.9090142178844636 -0.3425185266247788 0
1063 -0.9120686817762145 -0.3710393810624917 0
1064 -0.9141793782901781 -0.3996461677891532 0
1065 -0.9155383890382409 -0.4282988847962651 0
1066 -0.9163085718683259 -0.4569737246553924 0
1067 -0.9166320122645337 -0.4856572684481849 0
1068 0.08348213277411194 -0.5286850438018803 0
1069 0.08401219566006352 -0.5573654362904963 0
1070 0.08505791135788048 -0.5860314204048529 0
1071 0.08677080075468789 -0.6146650062755324 0
1072 0.08932716364330251 -0.6432351397925863 0
1073 0.0929374455700554 -0.6716905715851385 0
1074 0.09785750981495149 -0.6999478370679636 0
1075 0.104401165478423 -0.7278721679201314 0
1076 0.1129500813654511 -0.7552457392174163 0
1077 0.1239520977602604 -0.7817241946128139 0
1078 0.1378826871784462 -0.8067783416606176 0
1079 0.1551357870742091 -0.8296612487653297 0
1080 0.1758077692643052 -0.8495022690644494 0
1081 0.1993144660665122 -0.8658990361002649 0
1082 0.2247862013486823 -0.8790546115407748 0
1083 0.2515299001838811 -0.8893986745024635 0
1084 0.2790675393968922 -0.8974066114072604 0
1085 0.3070916894049355 -0.903511360963259 0
1086 0.3354086721244808 -0.9080770304497675 0
1087 0.3638990702757984 -0.9114018275395269 0
1088 0.3924889328277913 -0.9137291059265124 0
1089 0.4211328995349385 -0.915259785981536 0
1090 0.4498038081365735 -0.916163173258368 0
1091 0.4784860249208834 -0.9165858414498704 0
1092 0.5071713891811636 -0.9166583179097106 0
1093 0.5358558404084748 -0.9164261158540447 0
1094 0.5645338046703116 -0.9157802904271614 0
1095 0.5931938232725683 -0.9145828106587498 0
1096 0.621815075053446 -0.9126767408803693 0
1097 0.6503623067076845 -0.9098781993292246 0
1098 0.678777665980581 -0.9059665017165827 0
1099 0.7069668872671679 -0.9006724961024488 0
1100 0.7347778686107718 -0.8936661287914675 0
1101 0.7619663766150568 -0.8845480138996356 0
1102 0.7881466823567158 -0.8728578329363725 0
1103 0.8127363186558647 -0.8581265943538713 0
1104 0.834938129545625 -0.8400086899151002 0
1105 0.8539225811645388 -0.8185457104079705 0
1106 0.8694771395975909 -0.7944709185234362 0
1107 0.8818854382562128 -0.7686250107250975 0
1108 0.8916016279195665 -0.741645810032191 0
1109 0.8990958263148555 -0.713962739786742 0
1110 0.9047843574744721 -0.6858508821286677 0
1111 0.9090142204342668 -0.6574814532166571 0
1112 0.912068683788228 -0.6289605963724972 0
1113 0.9141793780150028 -0.6003538368307226 0
1114 0.9155383889034395 -0.5717011189214283 0
1115 0.9163085720240283 -0.5430262668303507 0
1116 0.916632012277926 -0.5143427288779238 0
1117 0.9166320122391134 -0.4856572633728251 0
1118 0.916308571885404 -0.4569737255892754 0
1119 0.9155383886340226 -0.428298873648308 0
1120 0.9141793775825965 -0.3996461559096747 0
1121 0.9120686831561969 -0.3710393965391853 0
1122 0.9090142195607087 -0.3425185398770536 0
1123 0.9047843563102543 -0.3141491111658709 0
1124 0.8990958248011223 -0.286037253735773 0
1125 0.8916016259930881 -0.2583541837824677 0
1126 0.88188543583822 -0.2313749834399774 0
1127 0.86947713661207 -0.2055290760936708 0
1128 0.8539225775553037 -0.1814542847953451 0
1129 0.8349381253307812 -0.159991306042931 0
1130 0.8127363139938294 -0.1418734024012936 0
1131 0.7881466774523155 -0.1271421645370995 0
1132 0.7619663716140541 -0.1154519841712461 0
1133 0.7347778636180733 -0.1063338697606069 0
1134 0.7069668823479125 -0.09932750282890628 0
1135 0.6787776611788967 -0.0940334975114501 0
1136 0.6503623020353406 -0.09012180012722901 0
1137 0.6218150705229943 -0.08732325875218422 0
1138 0.5931938189040611 -0.08541718910888396 0
1139 0.5645338004565058 -0.08421970944096213 0
1140 0.5358558363520253 -0.08357388408694813 0
1141 0.5071713852885291 -0.08334168208105561 0
1142 0.4784860211865892 -0.08341415857967981 0
1143 0.4498038045627958 -0.08383682682139909 0
1144 0.4211328961219982 -0.08474021416028596 0
1145 0.3924889295738975 -0.0862708942893084 0
1146 0.3638990671951722 -0.08859817276146208 0
1147 0.3354086692135482 -0.09192296994975914 0
1148 0.3070916866751727 -0.09648863954795772 0
1149 0.2790675368609411 -0.1025933892298712 0
1150 0.2515298978651083 -0.1106013262730714 0
1151 0.2247861992625275 -0.1209453893882859 0
1152 0.1993144642441788 -0.1341009649888282 0
1153 0.1758077677399122 -0.1504977321772463 0
1154 0.1551357858775487 -0.1703387525897393 0
1155 0.1378826862845618 -0.1932216597261107 0
1156 0.1239520971162204 -0.2182758067321983 0
1157 0.1129500809173574 -0.2447542620301843 0
1158 0.104401165177756 -0.2721278331935475 0
1159 0.09785750961712621 -0.3000521639123859 0
1160 0.09293744544453354 -0.3283094292592006 0
1161 0.08932716356802572 -0.3567648609125864 0
1162 0.08677080071275184 -0.3853349942950202 0
1163 0.08505791133741362 -0.4139685800288279 0
1164 0.08401219565227538 -0.442634564001705 0
1165 0.0834821327723988 -0.4713149563525881 0
1166 0.08336798773586768 -0.5143427316319505 0
1167 0.08369142813578899 -0.54302627556962 0
1168 0.08446161097495444 -0.5717011155676507 0
1169 0.08582062173939156 -0.6003538327072867 0
1170 0.0879313182804055 -0.628960619572509 0
1171 0.0909857822137035 -0.6574814741513226 0
1172 0.09521564720668357 -0.6858509090903806 0
1173 0.1009041956529756 -0.7139628337902474 0
1174 0.1083983290338124 -0.7416456718223702 0
1175 0.1181145522512792 -0.7686249878184612 0
1176 0.1305228567187439 -0.7944709118817885 0
1177 0.1460774162784796 -0.8185457070097339 0
1178 0.1650618661568778 -0.8400086857938678 0
1179 0.1872636826143592 -0.8581265952379631 0
1180 0.2118533027987328 -0.8728578252891217 0
1181 0.2380335874579563 -0.88454800004093 0
1182 0.2652220045282233 -0.8936660920006556 0
1183 0.293033042618208 -0.9006724808709434 0
1184 0.3212223584246064 -0.905966505640207 0
1185 0.3496376519850995 -0.9098781945238428 0
1186 0.3781849270715066 -0.9126767410527156 0
1187 0.4068061831983008 -0.9145828110029434 0
1188 0.4354661783846073 -0.9157802898968427 0
1189 0.4641441511184088 -0.9164261157307899 0
1190 0.4928286128560373 -0.9166583179145431 0
1191 0.521513971906022 -0.9165858414749797 0
1192 0.5501961790629522 -0.9161631735440759 0
1193 0.5788670917673241 -0.9152597863429632 0
1194 0.6075110775362548 -0.9137291052390973 0
1195 0.6361009025814379 -0.911401830191478 0
1196 0.6645913119355387 -0.9080770326375359 0
1197 0.6929083577994479 -0.9035113521230489 0
1198 0.7209322551346349 -0.8974066630290426 0
1199 0.7484700542522846 -0.8893986897417003 0
1200 0.7752137790691235 -0.8790546202616256 0
1201 0.8006855205065656 -0.8658990441246839 0
1202 0.8241922307000803 -0.8495022690934592 0
1203 0.8448642066114432 -0.8296612559155421 0
1204 0.8621173136918266 -0.8067783403105193 0
1205 0.8760478997654225 -0.7817241997801736 0
1206 0.8870498674908679 -0.7552458816136318 0
1207 0.8955988578998214 -0.7278720813264439 0
1208 0.9021424927150822 -0.6999478245300454 0
1209 0.9070625581300382 -0.6716905466959771 0
1210 0.9106728386277398 -0.6432351185180758 0
1211 0.9132292003544206 -0.614664991185788 0
1212 0.9149420879920406 -0.5860314341796424 0
1213 0.9159878045823144 -0.5573654271967812 0
1214 0.9165178672820823 -0.5286850387350741 0
1215 0.9166666666666666 -0.4999999960841094 0
1216 0.9165178671970751 -0.4713149536001767 0
1217 0.9159878043823163 -0.442634565299543 0
1218 0.9149420876455756 -0.4139685584789713 0
1219 0.9132291998269281 -0.3853350016375224 0
1220 0.9106728378804518 -0.3567648744815317 0
1221 0.9070625571187892 -0.3283094465017249 0
1222 0.9021424913835812 -0.3000521688715239 0
1223 0.8955988561890438 -0.272127912336784 0
1224 0.8870498653289999 -0.2447541123672163 0
1225 0.8760478970712792 -0.2182757945933822 0
1226 0.8621173103990292 -0.1932216545811969 0
1227 0.8448642026950264 -0.1703387396496038 0
1228 0.8241922262340607 -0.1504977272687408 0
1229 0.8006855157005971 -0.134100953003094 0
1230 0.7752137740952575 -0.1209453775232837 0
1231 0.7484700492497817 -0.1106013085851677 0
1232 0.7209322501768108 -0.102593335725358 0
1233 0.6929083529343009 -0.09648864696582957 0
1234 0.6645913071968159 -0.09192296671207277 0
1235 0.6361008979761607 -0.08859816935856914 0
1236 0.607511073085189 -0.08627089446567732 0
1237 0.578867087475859 -0.08474021347870864 0
1238 0.5501961749284668 -0.08383682636364202 0
1239 0.5215139679338829 -0.08341415849358823 0
1240 0.4928286090389306 -0.08334168209451158 0
1241 0.4641441474610828 -0.08357388432241171 0
1242 0.435466174888037 -0.08421971021258721 0
1243 0.4068061798647327 -0.08541718917437337 0
1244 0.3781849239036391 -0.08732325920421742 0
1245 0.3496376489835117 -0.09012180582534032 0
1246 0.3212223556032417 -0.09403349481338412 0
1247 0.293033039987101 -0.09932751970063117 0
1248 0.265222002098324 -0.1063339087040372 0
1249 0.2380335852535145 -0.1154520008094256 0
1250 0.211853300840012 -0.127142175719924 0
1251 0.1872636809331613 -0.1418734059321718 0
1252 0.1650618647962491 -0.1599913155109538 0
1253 0.1460774152420081 -0.18145429436774 0
1254 0.1305228559555555 -0.2055290894942401 0
1255 0.1181145517110522 -0.2313750134851756 0
1256 0.1083983286656034 -0.2583543293598398 0
1257 0.1009041954076891 -0.2860371672593685 0
1258 0.09521564704837533 -0.3141490918214158 0
1259 0.09098578211558542 -0.342518526624392 0
1260 0.08793131822353194 -0.371039381065336 0
1261 0.08582062170958049 -0.3996461677932074 0
1262 0.08446161096168017 -0.4282988847984424 0
1263 0.08369142813171949 -0.4569737246529127 0
1264 0.08336798773546755 -0.4856572684479374 0
1265 0.1490224910739197 -0.1423936329078127 0
1266 -0.1368911852536001 0.1549947723123993 0
1267 0.1517256083558589 0.1459995813634906 0
1268 -0.1368912556140372 -0.1549947209201638 0
1269 -0.7993411375776269 -0.1054670925905227 0
1270 -0.1024914105246885 0.793310294210364 0
1271 -0.1024914073943769 -0.7933102881242926 0
1272 -0.1868027389963237 0.1132156519453538 0
1273 -0.1876279993086475 -0.1097309788926532 0
1274 0.1101940549034158 -0.8081101180353889 0
1275 0.1101940541236945 0.8081101164119175 0
1276 0.7851792633633222 0.0986270880940191 0
1277 0.109222998604505 0.1936862300812177 0
1278 0.1092229978744161 -0.1936862316571621 0
1279 0.2021076254459913 -0.1072787497317963 0
1280 -0.79934113549332 0.1054670913584344 0
1281 0.2006588645069852 0.1054670913584477 0
1282 -0.1024564305955 -0.2074004515483548 0
1283 -0.1037257613302541 0.209245941692897 0
1284 0.8124497312230943 -0.1150512186057753 0
1285 -0.9730832461475565 0.001707914376697912 0
1286 0.0001709163394318563 0.9723255525900438 0
1287 0.0003761646122466651 -0.9723273873409108 0
1288 0.9708843863492055 0.0006191007106256015 0
1289 -0.2467247016950638 0.086737884957302 0
1290 0.7562679491121561 -0.08734903750606782 0
1291 0.08640077596407765 0.2512982638309122 0
1292 0.08528272471286585 -0.2532932004194267 0
1293 0.08540826582264567 -0.747275613382983 0
1294 0.0856189378344648 0.7468551303304043 0
1295 -0.7426739958514104 -0.07893142884899729 0
1296 0.2540578878936003 0.07698101723305174 0
1297 -0.2388038216065525 -0.08343082872984667 0
1298 0.8408393431844234 0.1329163806462738 0
1299 0.7023537989042998 0.07299462369364065 0
1300 -0.7432806298857608 0.07680276193721065 0
1301 0.2552234633635143 -0.07876540346921215 0
1302 -0.1372016267510173 -0.8462826111207319 0
1303 -0.1372016300615236 0.8462826147997383 0
1304 -0.08088033287320924 -0.2641567241246493 0
1305 -0.08230380180266109 0.2635919060663819 0
1306 -0.07929588856574794 0.7353226241469243 0
1307 -0.07929597181824279 -0.7353228334697766 0
1308 -0.303378230183904 0.0754916993726257 0
1309 -0.8548051952141372 0.1452835653219291 0
1310 -0.8527827816202989 -0.1414673448448861 0
1311 0.06648966941909187 0.6605893883631745 0
1312 0.06757014466492442 -0.3364854738877519 0
1313 0.06630302805240715 0.3383058479001371 0
1314 0.06648966939573521 -0.660589389180894 0
1315 -0.6837249138397749 -0.06968390509043153 0
1316 0.3156511069690298 0.06880792583741385 0
1317 -0.3638629429726263 -0.06526710413347608 0
1318 0.6385043789313202 -0.06558827469620515 0
1319 0.1489438368684494 0.8578357095016917 0
1320 0.1489438383438888 -0.8578357110787831 0
1321 0.3758491740229751 -0.06269442121680914 0
1322 -0.6197237053211979 0.06588022838558905 0
1323 -0.8522001795172101 0.8563491072441449 0
1324 -0.8510765870314558 -0.8579002596171922 0
1325 -0.3007467290607973 -0.07010647129211336 0
1326 0.6979011914950617 -0.07116538223519502 0
1327 -0.06028747473136304 0.587368680783775 0
1328 -0.05967802104174519 -0.412911541750653 0
1329 -0.06101042672375418 -0.5871263158207136 0
1330 -0.05970486306906946 0.4088647911774681 0
1331 -0.4200991449052365 0.05999830717425159 0
1332 0.5794100322050499 0.05948612260450539 0
1333 0.4360800979571092 0.05993183123570067 0
1334 -0.562229673982463 -0.06150505055405094 0
1335 0.8634113399429909 0.8450847207562211 0
1336 0.8634245500574151 -0.8450856519677737 0
1337 0.8605813787415524 -0.1557177910915638 0
1338 0.05856581691318632 0.5144713856070824 0
1339 0.05294056068840174 -0.4873899735091376 0
1340 -0.4781283683499803 -0.05829498653354768 0
1341 0.5217147031102916 -0.05861638720548637 0
1342 0.3161611360755031 -0.06978570379239633 0
1343 -0.6827037138087314 0.06968314350941512 0
1344 -0.07073687955572609 0.6759162092962996 0
1345 -0.06928836253096372 -0.3268713101791709 0
1346 -0.07073687897793837 -0.6759162034429391 0
1347 -0.06993969749234814 0.324921944794317 0
1348 0.06432452125947713 -0.5435067315379669 0
1349 0.06099665316942893 0.4564126274332705 0
1350 -0.3583623961788856 0.06537091510861999 0
1351 0.6386677878864835 0.06523705304864477 0
1352 -0.06574843962880995 0.9726564817247856 0
1353 0.06593370783819763 0.9712943918714807 0
1354 0.06603478904444052 -0.9712724301032877 0
1355 -0.06564587767499955 -0.9726812152948707 0
1356 -0.9672121337102315 -0.06819528439779064 0
1357 -0.9706432066514563 0.06779661017207578 0
1358 0.9708111544779665 0.06812223831560804 0
1359 0.9728116815037297 -0.06764329365371703 0
1360 -0.9685371229757946 0.9186629023907974 0
1361 -0.9732463395704896 -0.9149992024133482 0
1362 0.3781706580552396 0.06378095080103141 0
1363 -0.6257455792709209 -0.06419297439293853 0
1364 0.4637788726743773 -0.05878604823281293 0
1365 -0.5357457915796333 0.0591556639347052 0
1366 0.0570513548539744 -0.6054039733081846 0
1367 0.06147818708312301 0.4020584168839128 0
1368 0.06122556408650666 0.6016552334810703 0
1369 0.06380203172007959 -0.3987320323069579 0
1370 0.4930411447443209 0.05688479602000208 0
1371 -0.4218595729266844 -0.06137034758566032 0
1372 0.5808610328726096 -0.06105380916193433 0
1373 0.9152992273621529 -0.9771556732606602 0
1374 0.971933998277962 0.9192327325413771 0
1375 -0.05873347803514456 -0.5315091890888445 0
1376 -0.05868910805449985 0.4710353954926514 0
1377 -0.05925912709632348 0.5310799875001802 0
1378 -0.05868910828115589 -0.471035387755408 0
1379 0.9706432066512937 0.1355932203365871 0
1380 -0.4804838194641835 0.05491587339431531 0
1381 0.8813559322037186 0.9706432066514564 0
1382 -0.1833067769433717 -0.8885327869463884 0
1383 -0.1833067817840488 0.8885327899390975 0
1384 0.8155165026308271 -0.8860447879881086 0
1385 -0.8898913103313292 0.1939730781004874 0
1386 -0.8904129819614215 -0.1921112262153357 0
1387 -0.9671087856087266 -0.8496335819530203 0
1388 -0.970332641215425 0.8460838670736543 0
1389 -0.8813559322030605 0.9706432066512937 0
1390 -0.8820942524975874 -0.9729059441862177 0
1391 0.9723679814004276 -0.8811561899331848 0
1392 -0.7984481752539151 0.8932011707236033 0
1393 -0.7998087243378141 -0.8964438154914094 0
1394 0.2000803826313756 0.896449379867239 0
1395 0.2000803847444795 -0.8964493811129444 0
1396 0.1366994943688579 0.9704887886891072 0
1397 0.1367662190579971 -0.9704932802224033 0
1398 0.8155240079494243 0.8859957471957847 0
1399 0.8960677470435103 0.2080293946052966 0
1400 0.8981239544840343 0.7917749011248221 0
1401 0.9030554898762688 -0.7951905716437443 0
1402 0.9730818167698946 -0.1385586247439342 0
1403 0.8976797207785402 -0.2056140788511707 0
1404 -0.9724895972129866 -0.1350901545109289 0
1405 -0.9714641116026207 0.1358529215665141 0
1406 -0.1326952209587924 0.9679922253286868 0
1407 -0.1316109310194757 -0.9729731939692325 0
1408 -0.9046630669063169 -0.7751490655187911 0
1409 -0.9050656430951807 0.778273551262306 0
1410 0.9685309641559061 0.8437825676852274 0
1411 0.8480702746945303 -0.973672232234928 0
1412 -0.242528300220163 -0.9126532948440091 0
1413 -0.2426545789498053 0.9128822013327258 0
1414 0.75745468273795 -0.9126797816486383 0
1415 0.7568425517825557 0.9126163350462673 0
1416 -0.915039425984894 0.2506240383541734 0
1417 -0.9154961708764775 -0.2515524248492924 0
1418 -0.7416358882398367 0.9172493164444008 0
1419 -0.7467374171165513 -0.9178698143149249 0
1420 0.2575130803569552 0.9155217753444935 0
1421 0.2575872098721234 -0.9156692685694502 0
1422 0.9188681211763813 0.734860051506381 0
1423 0.9193212655873009 -0.7342939799075269 0
1424 0.815370217674561 0.9725615946646659 0
1425 0.9172707530131549 -0.2656670694019778 0
1426 0.9188740018122364 0.2653345091261257 0
1427 -0.9706981387239623 0.2037225225021571 0
1428 -0.9661312606869112 -0.2052479826207012 0
1429 -0.9236226470274352 0.7206493562097442 0
1430 -0.9240503345920531 -0.7169484606638941 0
1431 -0.8131624430669296 0.9734103255976666 0
1432 -0.8113318249246932 -0.9728358889981999 0
1433 0.9715637738672855 -0.8133764375625506 0
1434 0.2033414478422398 0.9714818470030253 0
1435 0.2033916366045741 -0.9718122379103926 0
1436 -0.2032152174896737 0.9726526604735983 0
1437 -0.2031006601394091 -0.9726585726265287 0
1438 -0.9275836065107479 0.310080797825083 0
1439 -0.9290733449307637 -0.3099200156700382 0
1440 -0.3031059261216561 0.9264817566256787 0
1441 -0.3027664689839522 -0.9259423314071109 0
1442 0.6986460389187084 -0.9270170810363372 0
1443 0.6980406882806172 0.9274677596565517 0
1444 0.9729981957074529 0.7779650629264332 0
1445 0.9314673354993185 -0.67532924705284 0
1446 0.9296005651413407 0.6751437293430487 0
1447 0.9706432066512937 0.2033898305062665 0
1448 0.9696030029416911 -0.2037376510291611 0
1449 -0.6825008093172865 0.9286235400726899 0
1450 -0.6825577134701402 -0.9298246885143223 0
1451 0.3144567467901234 0.9292496321555725 0
1452 0.314597218496651 -0.9297170910978239 0
1453 0.9321919432756849 -0.3252757169736138 0
1454 0.9326089569584927 0.325566112658271 0
1455 -0.9282936897277285 0.659405959325841 0
1456 -0.9292170963658501 -0.6650085699015289 0
1457 0.6391686946127471 -0.9337333221281022 0
1458 0.6391799280738963 0.9341592545703171 0
1459 0.3762236722403446 0.9365972833373871 0
1460 0.3757672651265562 -0.9352763775281001 0
1461 -0.9750994889308183 -0.7794307495453208 0
1462 -0.970498033399124 0.7813570051332011 0
1463 -0.9366931650067332 -0.3688360805376547 0
1464 -0.936693165067344 0.3688360798658509 0
1465 -0.3606057582600924 0.9394728230498336 0
1466 -0.3605503479041812 -0.9392017744153354 0
1467 0.9378979652361102 -0.6164851132600191 0
1468 0.9378979645544596 0.6164851206101148 0
1469 0.7794932514235342 -0.9699694346988852 0
1470 0.9385667302813426 -0.384190488466893 0
1471 0.9386298624308189 0.3842527631414946 0
1472 -0.6241555548403146 0.940084865956802 0
1473 -0.6241219498137929 -0.940334660669139 0
1474 0.9407565160236809 -0.4419693044320074 0
1475 0.9407565163675716 0.4419693120698195 0
1476 -0.9388828403134193 0.6018316056130371 0
1477 -0.9388828404013346 -0.6018316061329841 0
1478 0.5799008507190312 0.9400016928704423 0
1479 0.5799008551069229 -0.9400016928270013 0
1480 -0.9410906806657079 0.5434842858318218 0
1481 -0.9410906807821794 -0.5434842860588118 0
1482 -0.5074642207863281 0.9378644289630679 0
1483 -0.5072340592121589 -0.9414642517058811 0
1484 0.4346860016164457 -0.9405410843192871 0
1485 0.4346859980599489 0.940541084070582 0
1486 -0.4204672855727175 -0.9405332318336831 0
1487 -0.4200991492803476 0.9400016928705293 0
1488 -0.5653140019314099 0.9405410840700654 0
1489 -0.5653139984014216 -0.9405410843168547 0
1490 -0.9422731451587956 -0.4263393850841085 0
1491 -0.9420968538154646 0.4263445224489107 0
1492 -0.9706432066514563 0.2711864406799867 0
1493 -0.9722727471802026 -0.2724040337503524 0
1494 0.9414742639377353 0.5000000039215319 0
1495 0.9414742639417072 -0.4999999960917615 0
1496 0.9424184732897358 0.5583704544802309 0
1497 0.9425728663764087 -0.5583758034324231 0
1498 -0.9443674574936655 -0.4872033765940436 0
1499 -0.9443532073115513 0.4872048247489706 0
1500 0.5227475536564782 0.9429539241732314 0
1501 0.522745854344037 -0.9429353516092347 0
1502 0.745762711865112 0.9706432066514564 0
1503 -0.945983644764282 0.9708890562132952 0
1504 -0.9479360951596656 -0.9657654533655169 0
1505 0.9730275866716325 0.7108541610471654 0
1506 0.9723118466779664 -0.7112673457448654 0
1507 0.9472575503569031 0.9675721080244692 0
1508 0.9713311462909677 -0.9489657489699088 0
1509 -0.2690067755508492 0.9721691505560056 0
1510 -0.2687973502948751 -0.9720161200381662 0
1511 0.4745762711849843 -0.9706432066512937 0
1512 0.4745762711878978 0.9706432066514563 0
1513 0.2710140397390379 0.9724696139059683 0
1514 0.271013271466129 -0.9725532060903986 0
1515 -0.7467729222896877 0.9706951998317185 0
1516 -0.7465526811336127 -0.9720123368766825 0
1517 0.9747191147152525 -0.2691033673707183 0
1518 0.9711356145729871 0.2667922926642392 0
1519 -0.9725529732290976 -0.7098014344814191 0
1520 -0.9718923444510281 0.7118671213577489 0
1521 0.6777413815463235 -0.9733035124736205 0
1522 0.6775125925875438 0.9744549889274461 0
1523 -0.9744265030080204 -0.3383702231492943 0
1524 -0.974337082259329 0.3381028913232597 0
1525 0.3406071085489193 0.9690555780176213 0
1526 0.3390030903087073 -0.9730342986819054 0
1527 -0.4708510060027474 0.9711448368597618 0
1528 -0.4745762711878978 -0.9706432066514563 0
1529 0.6101694915265052 0.9706432066514564 0
1530 0.610169491524343 -0.9706432066512937 0
1531 0.9696671162780861 -0.6438140976146753 0
1532 0.9686467194083193 0.6434690155203244 0
1533 0.8620084532545127 0.1532292520913641 0
1534 0.8695203418974723 0.1243821765242253 0
1535 0.8493654093893175 0.1041631931269345 0
1536 0.8776016121187038 0.09587426064509089 0
1537 0.8579627388716253 0.07476899684767342 0
1538 0.8858378953421313 0.06697559143220159 0
1539 0.864938613056332 0.04530601514505563 0
1540 0.8333913327155634 0.05694915247240465 0
1541 0.843303190270508 0.0244493204737915 0
1542 0.8144745640579474 0.03113324040991845 0
1543 0.8226328911677212 0.002498553155321674 0
1544 0.7939405114595589 0.009818080020535049 0
1545 0.8515833941299061 -0.005116323602612169 0
1546 0.8301145883607894 -0.02773194308099397 0
1547 0.8596705591553949 -0.03448864016018195 0
1548 0.8809777828698793 -0.01238038131597408 0
1549 0.888742221344053 -0.04208165904656953 0
1550 0.8677105964995893 -0.06389863314129912 0
1551 0.8968692037242798 -0.07180767543731489 0
1552 0.8907317680598488 0.1458470004541135 0
1553 0.7865848827444003 0.03832246618287276 0
1554 0.7655715929299711 0.0169972367999988 0
1555 0.7733800702087554 -0.01118852964072276 0
1556 0.7450862792973121 -0.003979133948083561 0
1557 0.7584653051610379 0.04426690692126348 0
1558 0.9062363403505205 0.08868234845135195 0
1559 0.875732606796668 -0.09346111197980117 0
1560 0.9057013530598194 -0.1013735333909208 0
1561 0.8932097328650302 0.03846675072667451 0
1562 0.9093008123169706 -0.01880017996151453 0
1563 0.752424655728819 -0.03152254186255126 0
1564 0.7247253610959201 -0.02455082876068906 0
1565 0.7169186601998315 0.003182270236314218 0
1566 0.6967689746549988 -0.01740136952509337 0
1567 0.6889319552729725 0.01026848695062882 0
1568 0.6688270732052122 -0.01035736636383899 0
1569 0.778716776971951 -0.04048039299994824 0
1570 0.6613338387428535 0.01704018220543549 0
1571 0.6410045929065721 -0.003307115489850123 0
1572 0.7086183659824279 0.02928777836868784 0
1573 0.6336241093043231 0.02296835911168847 0
1574 0.6131995406648888 0.003590434862120699 0
1575 0.619603128621965 -0.02235239694862627 0
1576 0.5916795129338627 -0.01564718831040887 0
1577 0.5849216742407302 0.01043088601097084 0
1578 0.5648106669443554 -0.009317211224191829 0
1579 0.557194789372045 0.01734402656291758 0
1580 0.5368164662023678 -0.003512182952805643 0
1581 0.530191035563212 0.02499088861524962 0
1582 0.5096588195581998 0.004541232214788461 0
1583 0.7306416303814822 -0.05224364078608736 0
1584 0.6767773239978196 -0.03948889795667008 0
1585 0.8462294176560597 -0.08553027433481472 0
1586 0.8555654201080674 -0.1135556888205137 0
1587 0.9248976525379748 -0.07813493743496519 0
1588 0.4067796610153048 -0.9706432066512937 0
1589 0.4067796610185941 0.9706432066514563 0
1590 -0.1571415403007 0.1296948831948356 0
1591 -0.126590714806559 0.127200468925111 0
1592 -0.1085789935565767 0.1494201326043714 0
1593 -0.09953492899011118 0.1215548670492994 0
1594 -0.1170537840429746 0.1004692443544457 0
1595 -0.0903743847819288 0.09433847890462768 0
1596 -0.1093500742035537 0.0728671086761114 0
1597 -0.08149995840597984 0.06708542758463633 0
1598 -0.06255220600044845 0.08853788924926353 0
1599 -0.05350009116643124 0.06134795982355559 0
1600 -0.07249333137651906 0.03988146121506286 0
1601 -0.04442687446951468 0.0341659027808921 0
1602 -0.02544366589337732 0.05562814575643733 0
1603 -0.01635244078760658 0.02845242004961205 0
1604 -0.03533896567638604 0.006989093682018066 0
1605 -0.007259221327908448 0.001278232683463604 0
1606 0.01172599785858868 0.02274137788769508 0
1607 -0.02624528611817989 -0.02018527443382483 0
1608 0.02082069406255199 -0.004432410422693116 0
1609 0.03980620248426583 0.01703047998365707 0
1610 0.04890085949531898 -0.01014280113402067 0
1611 0.06788655539062316 0.01132061590215015 0
1612 0.07612845674576968 -0.01509894134841296 0
1613 0.05747214500591037 -0.03685314510855184 0
1614 0.09582503071945798 0.005736338572472744 0
1615 0.05879096434502283 0.03849440405275104 0
1616 0.1045476531353141 -0.0227590843757436 0
1617 0.1239393816352163 -0.0002789916506529058 0
1618 -0.08071910774960304 0.1430311204996191 0
1619 -0.05432618750465601 -0.01447503204536814 0
1620 -0.04523139244208029 -0.04164900321943497 0
1621 -0.07331222003514046 -0.03593869086064833 0
1622 -0.0642171730890882 -0.06311260211979162 0
1623 -0.03613624699384979 -0.06882266940230425 0
1624 -0.05501952360690428 -0.09025227150821866 0
1625 -0.02702334229191654 -0.09599108402855916 0
1626 0.1149232323127456 0.02706865794306161 0
1627 0.1430125481947352 0.02133362929537253 0
1628 0.1521100826746335 -0.005847633829293868 0
1629 0.1711180101050003 0.01565143494135738 0
1630 -0.09229858336476555 -0.05740254958312661 0
1631 -0.1013940896141267 -0.03022758026580144 0
1632 -0.04590454390934893 -0.1174203578174688 0
1633 -0.01792077678819598 -0.1231640885581135 0
1634 0.1802142345930902 -0.01153177580231602 0
1635 0.1992078507444091 0.009944252269941696 0
1636 -0.03559125279495783 -0.144188909176204 0
1637 -0.008209350128448749 -0.150135095116177 0
1638 0.01179808104696812 -0.1293445628319511 0
1639 -0.02966346236049764 -0.1742452305164767 0
1640 0.0003058321479196423 -0.1775870789859151 0
1641 -0.01792241697659477 -0.2003966230906722 0
1642 -0.1203810268505244 -0.05169224369335212 0
1643 -0.1294772616436233 -0.02451605587708701 0
1644 0.133930438914924 0.04853354605932747 0
1645 0.1618325936429101 -0.03196451736170504 0
1646 0.009496249095862995 -0.2049524327002459 0
1647 -0.01016169138970385 -0.2266826930712927 0
1648 -0.1484653682538455 -0.04598221958942593 0
1649 -0.1575622279779246 -0.01880383056646308 0
1650 0.02834100983862579 -0.1832366215198451 0
1651 -0.1760120798823206 -0.04009101973588243 0
1652 -0.1850198326134601 -0.0128803000023517 0
1653 -0.1665535602203522 0.00841001544558884 0
1654 -0.1946251931849466 0.0141325291526969 0
1655 -0.2121383099653356 -0.00819603490852088 0
1656 0.2083068934049818 -0.0172400170885757 0
1657 0.2273002380666869 0.004234124864758185 0
1658 -0.1758404087600534 0.03495590368797188 0
1659 -0.1093961981066166 -0.07808052293856349 0
1660 -0.00805243295094066 -0.0745316671365394 0
1661 -0.2225521147224948 0.01967745342822216 0
1662 -0.2405830480167016 -0.002864521020081418 0
1663 -0.05982164822857279 -0.1414194517255323 0
1664 0.01838930069871642 -0.2320184654029212 0
1665 -0.001320688362869932 -0.2537009195408266 0
1666 -0.2506777787171047 0.02530045481074015 0
1667 -0.2696810231269258 0.003809602675253685 0
1668 0.1892787508315759 0.03622050976366538 0
1669 -0.2596439321723941 -0.02442344113770115 0
1670 -0.2888597499800406 -0.01850918644702994 0
1671 -0.2980326793122177 0.009762089853799472 0
1672 -0.3171901326480269 -0.01272215170498764 0
1673 0.02726116319570493 -0.2590244594365425 0
1674 0.008377334314319657 -0.2806054776302093 0
1675 0.236400138958928 -0.02295254486761055 0
1676 0.2553960044151108 -0.001476357431582083 0
1677 -0.03666415553585353 -0.2235562633915868 0
1678 0.2630427827583259 -0.02738009751862596 0
1679 0.2822197222184289 -0.006061575761309037 0
1680 0.2741800770474634 0.02019089418963042 0
1681 0.3024233042610902 0.01537921763504004 0
1682 -0.01954395643901155 -0.2748443434638534 0
1683 -0.01047354997728764 -0.3020462027976244 0
1684 0.3091847159066356 -0.01715269388754858 0
1685 0.3305975078827906 0.008576114524055021 0
1686 0.2176182690489873 -0.04337643194908041 0
1687 0.03497708734785611 -0.2860192639017312 0
1688 -0.3261624985603766 0.01531161249218984 0
1689 -0.3451696112669994 -0.006198409159561958 0
1690 0.1058510627917655 0.05424745210044905 0
1691 0.1252830532365472 0.0768844901941473 0
1692 0.09683362952878094 0.08161808007845575 0
1693 -0.1104894846667827 -0.003052196118393195 0
1694 0.1532861089560972 0.07144071298632687 0
1695 -0.1387836224643507 0.08166833839768615 0
1696 -0.1287900699612889 0.05184672192568985 0
1697 0.3421318665391977 -0.01756346954488163 0
1698 0.3590228042129556 0.003504956758202311 0
1699 0.1156705641093794 0.1042502193003599 0
1700 0.08766458257963823 0.1088572921110968 0
1701 0.0686879902758922 0.08718697621897924 0
1702 0.05958450493184177 0.1143602743205904 0
1703 0.04059756577497645 0.09284724180957224 0
1704 0.03150066906813564 0.1200276734981507 0
1705 0.05048776869779566 0.1414946959036564 0
1706 0.02240476509783842 0.1471970775907573 0
1707 0.04069642261770926 0.1684319718419852 0
1708 0.0131932527391651 0.1743353006942268 0
1709 0.03146521697026106 0.1955658102261844 0
1710 0.004050526861886062 0.2015033624304673 0
1711 0.0230334790810709 0.2229723465800756 0
1712 -0.004949068381149275 0.2287222277501803 0
1713 0.01406281163496248 0.2502024071355958 0
1714 -0.02391303011670807 0.2072571507755405 0
1715 0.003417932646653102 0.1257281525146681 0
1716 -0.01401281475901585 0.2559230069705054 0
1717 0.005146428884165556 0.2774545656751529 0
1718 -0.02262999470571364 0.2827299359719049 0
1719 -0.003842938578533476 0.3045944153214746 0
1720 0.0330985117768158 0.2716898768684654 0
1721 0.104827604969977 0.1246238502902647 0
1722 0.06751822589101474 0.1658259184535911 0
1723 -0.1681251249365929 -0.06624538489056855 0
1724 -0.1955416152535155 -0.06174069373513096 0
1725 0.05106393812047705 0.2125510056144594 0
1726 -0.3544875737710132 0.01997421620205385 0
1727 -0.3732918661585202 -0.0005238698549139165 0
1728 -0.382397571025678 0.02668983977326565 0
1729 -0.4013693238076304 0.005351782017570337 0
1730 -0.3920888728839639 -0.02098245635093022 0
1731 -0.4201547657958083 -0.01505602375539659 0
1732 -0.4290234290911493 0.01093812910493143 0
1733 -0.4483671822433282 -0.01024202680145423 0
1734 -0.456529069489295 0.01580264880905625 0
1735 -0.4763932924861973 -0.004818081144410541 0
1736 0.3495989711270302 0.03006040024914642 0
1737 0.3775875290533305 0.02372242508891027 0
1738 0.3868110585752914 -0.002852714882730204 0
1739 0.4054439307092995 0.01680277221195699 0
1740 0.4149195121208581 -0.008567974599787193 0
1741 0.4337342258771029 0.01198576074639376 0
1742 0.4424595839453894 -0.01396300181485628 0
1743 0.4223744192597954 -0.0365390935279207 0
1744 0.4611351954572583 0.006842615417823454 0
1745 0.4676894596745358 -0.01791362721199118 0
1746 -0.2301071607297626 0.04624831907333297 0
1747 -0.2566866645232757 0.05603855861631448 0
1748 0.04541570936375839 -0.2373302724489757 0
1749 -0.038545735644718 -0.2963226479336648 0
1750 -0.02884062592353816 -0.3233166199240349 0
1751 -0.001245195741190847 -0.3292021582015513 0
1752 -0.01928263104867461 -0.3503621195620674 0
1753 0.007763336495873342 -0.3564326129930502 0
1754 -0.01103218401212506 -0.3777041229322081 0
1755 -0.03856456679020236 -0.3677237789028305 0
1756 0.01614145243849609 -0.382831568040397 0
1757 -0.0008581387623560097 -0.4043483944821885 0
1758 0.02411228580915642 -0.4092200307871068 0
1759 0.008203860589866878 -0.4314744800976645 0
1760 0.03604224546155419 -0.4377757503843348 0
1761 0.01540236873502986 -0.4596823422840752 0
1762 -0.0134898717071823 -0.4497834947822709 0
1763 -0.003223386889695714 -0.4803403564788622 0
1764 -0.3360354304459344 -0.03320062360368631 0
1765 0.02490904593186578 -0.3354585345062627 0
1766 -0.08991580441650399 0.1700404608564989 0
1767 -0.06181588930454816 0.1643583882747019 0
1768 -0.0527167915136942 0.1371850257195784 0
1769 -0.03374832520774955 0.1586267267241894 0
1770 -0.4804212820693096 0.02412439891213537 0
1771 -0.5045943920742165 0.007302637405090238 0
1772 -0.07018194411446532 0.1908489722134692 0
1773 -0.03061342448212367 0.30848572615153 0
1774 -0.01289497591093685 0.3314896716837292 0
1775 0.01619563196399543 0.3264572756843794 0
1776 0.006983758414429237 0.353587840161829 0
1777 -0.02109868615900055 0.3592766198858033 0
1778 -0.002904675438924478 0.380575389578465 0
1779 0.02480381795616238 0.3747597492469198 0
1780 0.01478676471207648 0.4016485140143539 0
1781 -0.0117177466188529 0.4079005545161095 0
1782 0.006427419832456292 0.4284954254371143 0
1783 -0.02220747914927433 0.4352057649414268 0
1784 -0.004099075353101824 0.453814238070211 0
1785 0.03534618745336934 0.4218437385175392 0
1786 -0.03999210905686396 0.2616300172677615 0
1787 -0.154978696906802 -0.133999718752287 0
1788 -0.1281579124590659 -0.1278234142688408 0
1789 -0.1113630715237362 -0.1500081475243842 0
1790 -0.1033654438268435 -0.1231514805596906 0
1791 -0.1461968954389965 -0.1063022237430864 0
1792 -0.3375699115614106 0.9662666245941356 0
1793 -0.3375587753373419 -0.9660929122566732 0
1794 0.9652246731779806 -0.3344121968633988 0
1795 0.9654777306773287 0.3348025755788525 0
1796 0.9352294498414324 -0.1054356842900017 0
1797 0.9144711575918741 -0.1284148685509696 0
1798 -0.4949002261978445 -0.03123854941576182 0
1799 -0.5236918955279436 -0.02039319130890292 0
1800 -0.5349848941015677 0.008484550296915742 0
1801 -0.5518724249999206 -0.01448968752524971 0
1802 -0.5615034532568841 0.01254771265162463 0
1803 -0.579933260968414 -0.008487124224289735 0
1804 -0.5891183381864581 0.0183238271168554 0
1805 -0.6080255190113182 -0.003219745677839422 0
1806 -0.5989161340644397 -0.03044509473786145 0
1807 -0.6267030068255022 -0.0231401319754818 0
1808 -0.6360756772932964 0.002740730440602486 0
1809 -0.654902902246244 -0.01825925748900219 0
1810 -0.66404882804437 0.00960627406828995 0
1811 -0.6828579307196248 -0.01178017128258195 0
1812 -0.6920775810499308 0.01567319028429719 0
1813 -0.7109457169374755 -0.005603645646848521 0
1814 -0.7203056578939413 0.02027380543012067 0
1815 -0.7393552551041076 -0.001423796024079334 0
1816 -0.7474488741821372 0.02457628904342946 0
1817 -0.7674038753205632 0.003723055556117584 0
1818 -0.7742326799423577 0.0344027106630462 0
1819 -0.7955903350240626 0.01019897285825713 0
1820 -0.7866337417121956 -0.01808562362925063 0
1821 -0.8153484856641278 -0.01222635978560421 0
1822 -0.8247426369484794 0.01604362203285074 0
1823 -0.8445611909571273 -0.006549538380143115 0
1824 -0.8541037736754117 0.02220762258147582 0
1825 -0.8733868397970419 -0.0004488842925469788 0
1826 -0.8643243007385747 -0.02975384343873641 0
1827 -0.8829597855477702 0.02863353109473617 0
1828 -0.8634216288351526 0.0513095199753051 0
1829 -0.8927190802022126 -0.0241671605821565 0
1830 -0.8841886974174905 -0.05300594797095376 0
1831 -0.8920390055243048 0.05801508878399823 0
1832 -0.8543541146391912 -0.05884981145279777 0
1833 -0.8743599977477851 -0.08172913139181714 0
1834 -0.9045077533461054 -0.07631014998481231 0
1835 -0.893692078582365 -0.1050080826805094 0
1836 -0.8729931646203526 0.08040590553989568 0
1837 -0.901564665011062 0.08729257440981486 0
1838 -0.8059558727911479 -0.0400723768305069 0
1839 -0.9139699849336204 0.03587132941403548 0
1840 -0.7266341052401952 -0.02973796078988092 0
1841 -0.8446633231544849 0.0732922491047884 0
1842 -0.9232936441005406 -0.09912583679333149 0
1843 -0.9161050157268349 -0.1298077077297229 0
1844 -0.7772222145456449 -0.04463817437011428 0
1845 -0.8445931828373597 -0.08759230504636248 0
1846 -0.8825887074100005 0.1079238471696891 0
1847 -0.9125399591280525 0.1158691654313016 0
1848 -0.8873639618389244 0.1386925298362462 0
1849 -0.9203312579674217 0.1444569970364125 0
1850 -0.5757853552547345 0.04010663581164262 0
1851 -0.9352869363059709 0.08988576903245636 0
1852 -0.6452326235547995 0.02967156977488743 0
1853 -0.7296045815609441 0.04742200035203134 0
1854 -0.8722450755322204 -0.8370607289160606 0
1855 -0.8798423234639571 -0.8661089831781478 0
1856 -0.8574522376013916 -0.8868507317124406 0
1857 -0.8870435765923614 -0.8955989470219345 0
1858 -0.9014875765895961 -0.8455014605427527 0
1859 -0.8643350480692173 -0.9161987454829151 0
1860 -0.8935690642339168 -0.9243922258433873 0
1861 -0.9179235437733003 -0.9001868248402741 0
1862 -0.8723562542908196 0.8343040066352441 0
1863 -0.8822348811261259 0.8626149406623151 0
1864 -0.8614836600616852 0.8851103754199938 0
1865 -0.8925083504085429 0.8908684012425188 0
1866 -0.9018737283511273 0.8393886983661574 0
1867 -0.8728437106214049 0.9139691329623076 0
1868 -0.9036490899681692 0.9193474966563104 0
1869 -0.9235008047766278 0.8960090893740511 0
1870 -0.8425703210323224 0.9088550246023283 0
1871 -0.8537193906316615 0.9399669674726104 0
1872 0.1278265911409409 0.1634087941040777 0
1873 0.1245409439638414 -0.1635562575068394 0
1874 0.1208186290239817 -0.1331939142506022 0
1875 0.1423070273397066 -0.114325330404166 0
1876 0.114074007958783 -0.1064227364050965 0
1877 0.0937212117929114 -0.1247612402521263 0
1878 0.08650389730976039 -0.09837821235798862 0
1879 0.1347665943183995 -0.08675528506609798 0
1880 0.06535631588060502 -0.1183372801309326 0
1881 0.0757623501349909 -0.1471585484438647 0
1882 0.05887693023840512 -0.09074100514295627 0
1883 0.08243967833396684 -0.06944181571855802 0
1884 0.162119782398944 -0.09484911928964575 0
1885 -0.9706432066512937 -0.5762711864395038 0
1886 -0.9706432066514564 0.5762711864418525 0
1887 0.1683230008644338 0.1224319011575247 0
1888 -0.7952013806072806 -0.07149960949229556 0
1889 -0.9242331512335062 -0.9346605445405741 0
1890 0.2943329418854715 0.04455138257517786 0
1891 0.1279232587457029 -0.8348768552602135 0
1892 0.09823638357241676 -0.8361126787736282 0
1893 0.08060161716037834 -0.8096707988549172 0
1894 0.06759895609856303 -0.8368367872501146 0
1895 0.050580231157187 -0.8123115504108678 0
1896 0.03781924281104276 -0.8389893996701625 0
1897 0.02087152449004708 -0.8146048925430769 0
1898 0.008163736893819672 -0.8414110902999097 0
1899 0.08373721081814307 -0.8611006395537181 0
1900 0.02510911058508201 -0.8661549047381376 0
1901 -0.005098841676984708 -0.8686824999336427 0
1902 -0.008537044925356379 -0.8169272989807355 0
1903 0.004092727648769312 -0.7903585107476905 0
1904 -0.02427998271356113 -0.7930065552772028 0
1905 -0.01226281209369021 -0.7663752165780389 0
1906 -0.03785589634750412 -0.8189257436098317 0
1907 0.0165759143504339 -0.7639835835071987 0
1908 0.0001495962389464177 -0.7401277572016386 0
1909 0.01217079893623371 -0.8938854047440985 0
1910 -0.01861912009390497 -0.8963229615715264 0
1911 0.02853501395265347 -0.7380880700617888 0
1912 0.01183264582668042 -0.7145157780778997 0
1913 -0.01632900977714587 -0.7163807131474164 0
1914 -0.004589776040842892 -0.6908252360559503 0
1915 -0.0359144154860874 -0.8709286216544579 0
1916 -0.04951628664054492 -0.8985467232701208 0
1917 -0.06692760910986451 -0.8730589621803364 0
1918 -0.08036351984398601 -0.9007398229584811 0
1919 0.04369289602719029 -0.7106355589008677 0
1920 0.04271395891499753 -0.8914019898049215 0
1921 0.0297522933251907 -0.9190993012150273 0
1922 0.05926856144652197 -0.9161197256098039 0
1923 -0.03218098500306446 -0.9232505434622307 0
1924 -0.03932665079198369 -0.7685622874062021 0
1925 -0.09765756047572616 -0.8750946419820304 0
1926 -0.1111955410704819 -0.9029492818376037 0
1927 -0.08223258892619237 -0.8449109221710438 0
1928 -0.09394571052870609 -0.9279568916516404 0
1929 0.0633519198316619 -0.7859067757980098 0
1930 -0.03102921442606954 -0.6919996639505457 0
1931 -0.01940727034711931 -0.6661797598450167 0
1932 0.01359098470706084 -0.6656187465773488 0
1933 -0.006811130392659714 -0.6408053472634894 0
1934 0.02129433722632654 -0.6365356510929254 0
1935 0.006143529669486495 -0.6119845205949285 0
1936 -0.03640830176887863 -0.6429217142086312 0
1937 -0.04846817821493623 -0.7187536415627922 0
1938 -0.1251973233070746 -0.9299685568772824 0
1939 -0.1411221901164424 -0.906521989651815 0
1940 -0.1600729702722046 -0.9337284442878934 0
1941 0.1154641540711375 -0.8646516765863361 0
1942 0.1417163493400581 -0.8863965844780621 0
1943 0.1129210485354332 -0.897356222214906 0
1944 0.1350711389707805 -0.9159007139669494 0
1945 0.1055943972025443 -0.9248827963714548 0
1946 0.1279232576199819 0.834876853606329 0
1947 0.09823638261178744 0.8361126768655749 0
1948 0.08060161655172007 0.8096707969668024 0
1949 0.06759895532305624 0.8368367850729946 0
1950 0.05058023070884522 0.8123115482148369 0
1951 0.03781924219408402 0.8389893972026038 0
1952 0.02087249197600249 0.8146318336321625 0
1953 0.008198358059752768 0.8413707970847356 0
1954 0.08373720973632805 0.8611006373904909 0
1955 0.02511488006749284 0.8661481869060178 0
1956 -0.00509854479158956 0.868606889483635 0
1957 -0.00853754792358539 0.8168572986227256 0
1958 0.00409377295290789 0.790378276193044 0
1959 -0.02427989214898935 0.7929981809090326 0
1960 -0.01226353073163059 0.7663653641510386 0
1961 -0.03785589622006306 0.8189257405667784 0
1962 0.01660428818799638 0.7639906217873085 0
1963 0.0001532975826822325 0.7401155374328711 0
1964 0.01217059541275705 0.8938608886241101 0
1965 -0.01861912091186366 0.8963229582063499 0
1966 0.02866317458208428 0.7380020970709076 0
1967 0.01168351482814507 0.714617235079372 0
1968 -0.0163541556940455 0.7163838351885228 0
1969 -0.004789929975524261 0.6909604883590288 0
1970 -0.03597407133569837 0.8706589732817268 0
1971 -0.04952558811303678 0.8985230449429017 0
1972 -0.06693910208141685 0.8730100719006596 0
1973 -0.08036698586367626 0.9007277253881041 0
1974 0.04296273444210977 0.7107903688412934 0
1975 0.04271462061684821 0.8913982694336962 0
1976 0.02975422435878671 0.9189582510006404 0
1977 0.05927212425738763 0.9161210232364959 0
1978 -0.03218318334654673 0.9232288905441095 0
1979 -0.03932739207924556 0.7685468116518861 0
1980 -0.09765756051882916 0.8750946379844809 0
1981 -0.111196119069815 0.9029472617914994 0
1982 -0.08223423238191657 0.8449039388402878 0
1983 -0.09394588652987604 0.9279562753737089 0
1984 0.06335191956422348 0.7859067738877686 0
1985 -0.03106676416603463 0.6920227268605982 0
1986 -0.01944688711834799 0.666206144877044 0
1987 0.01308250359076455 0.6662505495244436 0
1988 -0.006030799020923076 0.6413293234104311 0
1989 0.01798164079525416 0.638691150030388 0
1990 0.005586101730388373 0.6170656432573116 0
1991 -0.03280349093247714 0.6437313181245869 0
1992 -0.04847768295635645 0.7187470323374553 0
1993 -0.1282589111826552 0.934226346468537 0
1994 -0.1416325525500125 0.9072312839429958 0
1995 -0.1614270349548227 0.9295410856600859 0
1996 0.1154641527153033 0.8646516746672326 0
1997 0.1417163476057282 0.8863965826992711 0
1998 0.1129210468458187 0.8973562200955973 0
1999 0.1350711369504296 0.9159007119854427 0
2000 0.105594395199229 0.9248827940435039 0
2001 0.5432369790692307 -0.03238937251605201 0
2002 -0.8225910854677725 0.9292717874784353 0
2003 0.2662981123162588 0.04832092694013494 0
2004 -0.9724299015048425 -0.6447168501599372 0
2005 -0.9706432066514564 0.6440677966111568 0
2006 0.1649088177046966 -0.9069512611613275 0
2007 0.1582535538826625 -0.9411665777166642 0
2008 0.1914083960658771 -0.9278221240713324 0
2009 0.2165162345551733 -0.9207682330574646 0
2010 0.1649088156601413 0.9069512595319599 0
2011 0.1580804582159948 0.9411778487798521 0
2012 0.191319502609738 0.927846703892411 0
2013 0.2164984545045461 0.9207731485765223 0
2014 0.9702132801971215 -0.4035111601348279 0
2015 0.9703281459500985 0.4037291473125009 0
2016 -0.8291645856230188 -0.1165520346907399 0
2017 -0.8314615758449817 0.1221671773119719 0
2018 0.8413146512193223 0.8670917358094565 0
2019 0.8706466403327202 0.8740479212739829 0
2020 0.8909843211690065 0.8523893975439019 0
2021 0.9011753101458263 0.8802907196880244 0
2022 0.8822000604379617 0.9026750359498873 0
2023 0.9122155687990137 0.9093941051970724 0
2024 0.9319760620129079 0.8849014829407513 0
2025 0.84880217587943 0.8997505221354223 0
2026 0.8174383206778985 0.9177031984868321 0
2027 0.8461841706243476 0.9282690242219205 0
2028 -0.8349486435611795 -0.9071883939573386 0
2029 -0.8420266975661819 -0.9373842727878431 0
2030 -0.8122200435290585 -0.9276055921424008 0
2031 -0.7803411125232884 -0.9224678113863369 0
2032 -0.6803640369589303 0.9731610842985422 0
2033 -0.6802329500411638 -0.973292315845887 0
2034 -0.1573385878007935 -0.8671805424631736 0
2035 -0.1573385925167998 0.867180545818899 0
2036 0.8413253307977501 -0.8671112996855094 0
2037 0.8706975182948609 -0.8740939331563405 0
2038 0.8923883060619193 -0.850369721188947 0
2039 0.901313954656614 -0.8788454144779984 0
2040 0.8797743216687675 -0.9036248849226289 0
2041 0.9145371567772228 -0.909910745259395 0
2042 0.9209855725386458 -0.8551832103805368 0
2043 0.8455119934778197 -0.9022854041996623 0
2044 0.8119290616546323 -0.9190681416896167 0
2045 0.8621388243344466 -0.9267177666775852 0
2046 0.04260693578548331 -0.1372883237502394 0
2047 -0.1158997962192212 0.8215742349075048 0
2048 -0.1158997928575638 -0.8215742294861814 0
2049 -0.8958240981160481 -0.8177557669210227 0
2050 -0.9232756206270898 -0.8245374520895172 0
2051 -0.9329058643464412 -0.8496182431089988 0
2052 -0.8761292018844633 -0.1629123869669055 0
2053 -0.90419531378374 -0.1705012279822762 0
2054 -0.920208616768279 -0.1903801908022607 0
2055 -0.9297573928606694 -0.1624080534906274 0
2056 -0.5182522485121615 -0.049843785304389 0
2057 0.8175660809005882 0.1102825918301836 0
2058 0.8107518509801112 0.08132585525335292 0
2059 -0.2799709445210301 -0.04558635299557832 0
2060 -0.2502506825572809 -0.05405594711645348 0
2061 0.9121558985945197 -0.8267590899119559 0
2062 -0.3352381315237869 0.04267750620823971 0
2063 0.8849028801419287 0.1786576800408695 0
2064 0.9122314059677238 0.1672132137815209 0
2065 0.9214387430966242 0.1373896795945608 0
2066 0.9420596966924701 0.1608646638583043 0
2067 0.9342075431163077 0.1900816908439221 0
2068 0.8808265403726971 -0.1797054630192517 0
2069 0.9115236086327294 -0.179691527769105 0
2070 0.9309511356889167 -0.211550342216323 0
2071 0.9706432066512937 0.4745762711849843 0
2072 0.9706432066514563 -0.4745762711878979 0
2073 -0.2161837884384787 0.09508948154922715 0
2074 -0.1868556358455209 0.08643944855162908 0
2075 -0.2119282223647176 -0.09999252266693054 0
2076 -0.5453356701771466 0.9710235186117282 0
2077 -0.5453365385012604 -0.9710825307269526 0
2078 -0.8897731520078307 0.8094391065159954 0
2079 -0.9199244844785067 0.8120585076540543 0
2080 0.09766852320988409 0.2219250793626851 0
2081 0.09237560448074647 -0.2232406398905045 0
2082 0.08159113029180293 -0.1939708651071952 0
2083 0.7873969715424196 -0.0987945603245016 0
2084 0.552641684217658 0.04279081725660708 0
2085 0.1550783309257233 -0.06771528699210988 0
2086 0.127516064710172 -0.05986332926865771 0
2087 0.1827987829607585 -0.07500566962220505 0
2088 0.8921077506389108 0.9339902606908828 0
2089 0.9232784352481004 0.9393142098389201 0
2090 -0.7719879765676954 -0.09254430600753183 0
2091 0.2267502097230484 0.09241788872183494 0
2092 0.2020994373709953 0.07774060904004668 0
2093 0.2265943387560815 0.06356548848749746 0
2094 -0.7715204742157128 0.09239505369017716 0
2095 -0.7947272143776624 0.07950080574446178 0
2096 -0.766276484786357 0.06382109516039662 0
2097 0.2279024934217652 -0.09395894461875501 0
2098 0.9439978595605161 -0.1791873136209791 0
2099 0.9526569111308201 -0.2311195665891795 0
2100 0.7577001768589582 0.0890047319388716 0
2101 0.7302003634516117 0.08066173685578099 0
2102 0.02474443690888086 -0.4866056018421898 0
2103 0.005647673345059653 -0.5082111949915961 0
2104 -0.02193999097763687 -0.5024900132036465 0
2105 -0.01204030155906599 -0.5293974266923562 0
2106 0.0137444211593631 -0.5358875807401725 0
2107 -0.003731604158865122 -0.5568939953910295 0
2108 0.02361432389869697 -0.5634629630930772 0
2109 -0.0323366491741877 -0.5508522366266086 0
2110 -0.02241787955660713 -0.5781698209289712 0
2111 -0.933986065176317 0.8430108545592611 0
2112 -0.9716512860425619 -0.5055745924328313 0
2113 -0.9716989706314769 0.5055750934536694 0
2114 -0.9377010770547426 0.7848034237450594 0
2115 -0.9286793437250375 0.7544584141683102 0
2116 -0.9519903215968701 0.8134788300332741 0
2117 -0.08603433763675393 -0.2338880393453711 0
2118 -0.07157607958565128 -0.2056250505609962 0
2119 -0.08639208397474155 -0.1852034093205126 0
2120 -0.09151736414092661 0.2362271585498227 0
2121 -0.091187569365386 0.766058501336958 0
2122 -0.07608822770257145 0.7936894082457659 0
2123 -0.09118759812355422 -0.7660589270753549 0
2124 -0.07608824791193992 -0.7936898732849675 0
2125 -0.06026489553210425 -0.2432970758391567 0
2126 -0.9343892196628816 0.9216890540498809 0
2127 -0.9159466184844891 0.9496906536269251 0
2128 0.07902721007425056 0.1969267160500295 0
2129 -0.9706494798131489 -0.4086004548724201 0
2130 -0.9705047650532364 0.4083851502410601 0
2131 0.7884365637241644 0.9018297508481186 0
2132 0.7810958482060802 0.9290216193893623 0
2133 -0.2125424474303057 -0.9020271063772602 0
2134 -0.2164979815431211 -0.9309639313792123 0
2135 -0.2122743420555648 0.9019916778527591 0
2136 -0.216545149319218 0.9309762295713023 0
2137 -0.1590559129629803 0.1014887101293222 0
2138 0.7871395063244911 -0.9015221193265335 0
2139 0.7826191113085376 -0.9330012580010214 0
2140 0.7520915733447728 -0.9429134036165385 0
2141 0.8052572376848104 -0.9492595323485178 0
2142 0.09642266109657749 -0.1664333305058914 0
2143 -0.8283070295648344 0.8811163748062949 0
2144 -0.9039416932225072 0.2212946929167781 0
2145 -0.9177554687810191 0.1936810864171131 0
2146 -0.9387767346004438 0.2208720479963548 0
2147 -0.9088438433216972 -0.2190569189858064 0
2148 -0.9403624549386184 -0.2296754833357182 0
2149 -0.2479748595050404 -0.9432144382497686 0
2150 -0.2480640032562262 0.943314317643703 0
2151 -0.6099465811776174 0.9702701332307957 0
2152 -0.6099466751279758 -0.9704183457565889 0
2153 0.07728750676812149 0.2809969127468017 0
2154 0.07121910660373088 0.3099871336238895 0
2155 0.07842511940893654 -0.2814147337311515 0
2156 0.07613019457850542 -0.7199976961343481 0
2157 0.07005832536429171 -0.6903437204059527 0
2158 0.04324223679931249 -0.6792012695665044 0
2159 0.07656720679485193 0.719261620035992 0
2160 0.5400499680895685 0.9711931271693756 0
2161 0.5407123326550008 -0.970983915897507 0
2162 0.09205322401401109 -0.7788160014337338 0
2163 0.09208331958878763 0.7787559310424018 0
2164 -0.7707489754665683 0.9059431457299418 0
2165 -0.7660725691131858 0.9389966286507549 0
2166 -0.05748875930328722 -0.1831753848555882 0
2167 -0.2713379052921687 -0.07647349545509188 0
2168 0.9083410565711888 0.2364166512304096 0
2169 0.9400354895028652 0.2430498016882668 0
2170 0.91078505610559 -0.2337654551852405 0
2171 -0.1174537507913944 -0.1800229681738197 0
2172 0.9099409010964433 0.7638623953874409 0
2173 0.9271443992561352 0.7888791835194948 0
2174 0.9168044157786863 0.8151012604636176 0
2175 0.9458425174580956 0.815285155872883 0
2176 0.9423024196894938 0.7607593921398288 0
2177 0.935836528664312 0.8408692471017865 0
2178 0.91196999143723 -0.7625099751022615 0
2179 0.9407577515244779 -0.7549445821331903 0
2180 0.9334329695142005 -0.7829370922042705 0
2181 0.9669157470473804 -0.7793856722151092 0
2182 0.8150510222153474 -0.08349718012403329 0
2183 -0.8735983487372093 0.1680712580733883 0
2184 -0.1887436425507265 0.9195539404172131 0
2185 -0.1885581700027367 -0.9200694369089668 0
2186 0.173628440934686 0.09214781650337148 0
2187 0.2860832129759481 0.07295721336959855 0
2188 -0.7113591841745392 -0.07484668560323191 0
2189 -0.7036315231462751 -0.04938505886521595 0
2190 0.2877100509459654 -0.07482454685337653 0
2191 0.2993049878784076 -0.04783932188404616 0
2192 -0.7124450208048171 0.07305586512855125 0
2193 0.9706432066514564 -0.5762711864418523 0
2194 0.9706942245167226 0.5751099358632148 0
2195 -0.06945596010472853 -0.2961626382709068 0
2196 -0.07311062073913062 0.293292687469802 0
2197 0.97097646763635 0.5430492721246043 0
2198 0.9710370929467376 -0.5430551124330318 0
2199 -0.9150288305082859 -0.7489619840545571 0
2200 -0.9415362649053473 -0.7439201057815664 0
2201 -0.9316756670934813 -0.770636458930519 0
2202 -0.9442819007975498 0.8725276540571307 0
2203 0.779328092798946 0.06780144263367557 0
2204 0.8860846387969443 0.8220913451747716 0
2205 0.3736654665968234 0.9728903361372416 0
2206 0.3733125155754767 -0.9727821710788814 0
2207 -0.9352341984574073 -0.0701571565130904 0
2208 0.9694852660621152 0.6071012449972305 0
2209 0.9701154290162289 -0.6079656729030105 0
2210 0.07310302447985306 -0.3085010376131226 0
2211 -0.07382381097227952 -0.7056076661176394 0
2212 -0.07382438437909333 0.7056072579838422 0
2213 0.06975547127523946 0.6905758627137841 0
2214 0.04190072610787252 0.6804185477022587 0
2215 0.4499725483697844 0.03395190265897645 0
2216 0.4812792206767735 0.02790443692082516 0
2217 0.1445496267500714 0.0985475024050982 0
2218 -0.2724202409588268 -0.9204182170874782 0
2219 -0.2727221467001935 0.9207159496849411 0
2220 0.7279524264267927 -0.9211387337048185 0
2221 0.7198408639583644 -0.9489656932904118 0
2222 0.7261995772889831 0.9226325531178847 0
2223 0.7193492450755241 0.949208605832237 0
2224 0.6721974162237796 0.06485780032358353 0
2225 -0.3333598219538617 -0.06308937895998395 0
2226 -0.2239851525092692 -0.06231537766492164 0
2227 -0.231333616084066 -0.03088863918282382 0
2228 -0.2091996102782709 0.06613838112569721 0
2229 0.9723586669541529 0.744351475188245 0
2230 -0.9696055453114909 0.6122603627849494 0
2231 -0.9697748522709484 -0.6123870909850955 0
2232 -0.06558046260245506 -0.3558180165059673 0
2233 -0.06608811592730378 0.3541747224034119 0
2234 -0.6023168042068701 0.04371220481591363 0
2235 -0.9222878739513012 0.279574452541021 0
2236 -0.9223531347400199 -0.2807116377055978 0
2237 0.7815190714008788 -0.06973709778715428 0
2238 -0.9709220188181159 -0.4408758522359318 0
2239 -0.970804207996133 0.4408420128739133 0
2240 -0.967730437984181 -0.3732320151149812 0
2241 -0.9675207372810799 0.3730751670885738 0
2242 0.3474528937070424 0.06103890992094584 0
2243 -0.6548875816162154 -0.06640770730804391 0
2244 0.3460822505077863 -0.06580541002954664 0
2245 -0.6498490364970021 0.06151882713421201 0
2246 -0.6725151653465684 0.04034223897151138 0
2247 0.9682075875444887 -0.3703350541498394 0
2248 0.9684176126878352 0.370478430639986 0
2249 -0.6465921607461607 0.9667473836985736 0
2250 -0.6465759978342165 -0.9669505656549107 0
2251 0.6434646736647263 0.972277194013512 0
2252 0.6434575100198567 -0.9721870226561242 0
2253 -0.7120352204429183 0.9232021035053083 0
2254 -0.7121829770580188 -0.9247697722720297 0
2255 0.2833371683219255 0.9238407386553293 0
2256 0.2833718604917991 -0.9240602599355405 0
2257 -0.3024901348780422 0.9724332413909395 0
2258 -0.302294375269903 -0.9722234728916842 0
2259 -0.0867464200233868 -0.8165731587002698 0
2260 -0.08674649373476949 0.8165728407309295 0
2261 0.9731435426614424 0.6776941772930307 0
2262 0.9740375949105151 -0.677836101580612 0
2263 -0.9753655965245416 0.6780556409653569 0
2264 -0.9740394931410246 -0.6776050089722682 0
2265 -0.974425708846118 -0.3056968195343763 0
2266 -0.9741190194500519 0.3052913422248711 0
2267 0.9718951741483061 -0.2992927951473008 0
2268 0.9714286486476349 0.2990851219413187 0
2269 -0.7141832702423929 0.9727130129033835 0
2270 -0.7140026750888545 -0.9730756152304141 0
2271 0.9247564819561969 0.7047797134794092 0
2272 0.9251010389194529 -0.704575598018552 0
2273 0.6679575333694294 -0.06746978924111079 0
2274 0.3052438637160944 0.9743824780928569 0
2275 0.3048548257260417 -0.9739689352323433 0
2276 0.9247444773416233 -0.2954287555599528 0
2277 0.9253837050639229 0.2956681067327487 0
2278 -0.4063450027951861 0.9702075086009487 0
2279 -0.4379828287957341 0.9703821659501026 0
2280 -0.3735226013178615 0.9691763758035564 0
2281 -0.4064051320230742 -0.970180258569733 0
2282 -0.4399502279262955 -0.9710660301774795 0
2283 -0.3735203049373055 -0.9689818674119162 0
2284 0.05800233728256807 0.3715500228200325 0
2285 0.06381363134908877 -0.6349156874598265 0
2286 0.06368387730923528 0.6318814078620526 0
2287 0.06138056098792929 -0.3668261377903754 0
2288 -0.846015524496063 -0.9681146334804721 0
2289 0.5079581290754577 -0.9710557138350531 0
2290 0.5078481470709793 0.9710424182580663 0
2291 -0.9739215445499017 0.7459579641055429 0
2292 -0.9448541755043269 -0.6925993976416516 0
2293 -0.06234590124215014 0.3815109400619736 0
2294 -0.780105353312322 0.9708997443705323 0
2295 -0.7786703095650251 -0.9727309076260996 0
2296 0.2370831833367111 0.9725433994105306 0
2297 0.2370890667280824 -0.972592683232262 0
2298 -0.5779480732999083 -0.9703303523482424 0
2299 -0.5779422186318431 0.9701892347380425 0
2300 0.8073137132978231 -0.05098107319703177 0
2301 0.8865738519566735 -0.9344479173942717 0
2302 -0.9704188669295426 -0.2400836998023182 0
2303 -0.9708869624071136 0.2368659382418987 0
2304 0.7827406904683685 0.9729003613141698 0
2305 -0.3937342073814541 -0.06304869121309896 0
2306 0.6093324798164865 -0.06435021037129057 0
2307 -0.3887240349180421 0.05697979312600622 0
2308 0.6099653006226834 0.06120152756032914 0
2309 -0.9284632349563832 0.6846934077992988 0
2310 0.4055333596643081 -0.06104814081870401 0
2311 0.3900171099135398 -0.03382901044452985 0
2312 -0.1690548551666091 0.9743440387999545 0
2313 -0.1656642871489649 -0.9682449791741866 0
2314 -0.05109701849777183 0.8455309255380975 0
2315 -0.05107845187388752 -0.8456529539770798 0
2316 -0.06296827450888115 0.61483712338104 0
2317 -0.03859025521395971 0.6016820867402175 0
2318 -0.03614326635997836 0.5751248275217918 0
2319 -0.0575041818587019 -0.6178048006822332 0
2320 -0.8836301047313878 -0.1321004703497861 0
2321 0.04453540256285618 0.3191202012982511 0
2322 -0.6750943235094674 -0.04051982030581267 0
2323 0.09554855191204888 0.1676215874066539 0
2324 -0.9678431014283011 -0.1683262014064922 0
2325 -0.9720294145413455 0.1693014355753923 0
2326 0.4078824623581721 0.0617202108776693 0
2327 -0.5942327707161348 -0.05765731705256454 0
2328 -0.9728973867464895 -0.8135976828029112 0
2329 0.9728325005000231 -0.8473270692153259 0
2330 0.1695092370762644 0.9713139806407588 0
2331 0.1699296062030443 -0.970896132708487 0
2332 0.04476572520009275 -0.7621735027239513 0
2333 0.04427603732028627 0.7627074959622512 0
2334 0.05980633597756424 0.5727803501529996 0
2335 0.03632615734809817 0.5869843746831124 0
2336 0.03432151705400117 0.5594250054023686 0
2337 0.01168676113693068 0.5737111565655773 0
2338 0.009353567649313773 0.5464120765748313 0
2339 0.03360497020721032 0.5303207440774944 0
2340 0.006848771497666281 0.5181396716805741 0
2341 -0.0161614538651017 0.5338218371782562 0
2342 -0.01590685236720949 0.5045536276137528 0
2343 0.004313292376702146 0.4946102535012931 0
2344 0.848411413505386 0.9733635332748914 0
2345 0.0331769378977702 -0.6124569985558355 0
2346 -0.8462837109377775 0.9720184293116834 0
2347 -0.9719200165838811 -0.1034705314389804 0
2348 -0.9700387527311385 0.1032352710882764 0
2349 -0.9403227557765658 0.05635583856433812 0
2350 -0.9459848443301464 0.02462725461992187 0
2351 -0.9246345821777232 0.003886220260227436 0
2352 -0.09783385704286714 0.9726215826573996 0
2353 -0.09763604819364191 -0.9734558669605873 0
2354 0.9711308187456322 0.101301739483817 0
2355 0.9382088457502629 0.08488008425149254 0
2356 0.942362684765675 0.05012121277255412 0
2357 0.9703149551040341 0.03479161828495456 0
2358 0.9453542048526471 0.01718633239597533 0
2359 0.5250434051680017 0.05604044950908646 0
2360 -0.4362305165382928 -0.03642334096406864 0
2361 -0.835368737898158 0.04437335278096344 0
2362 0.05442238547495643 -0.5694960901149139 0
2363 0.9694924369826692 -0.1032019383850876 0
2364 0.1013642728602289 0.9708341031280803 0
2365 0.1013642728625521 -0.9708341031237011 0
2366 -0.3320424617089207 -0.9325302102211133 0
2367 -0.3323675538836814 0.9334614618700581 0
2368 0.6701524198246328 -0.9305417240777728 0
2369 0.6698589374552089 0.9307006937663391 0
2370 -0.9723228872144306 -0.8831664655319575 0
2371 0.3228424125001468 0.03992669841939842 0
2372 0.03292682353758248 0.9722365450798249 0
2373 0.03297579976539405 -0.9722076312286154 0
2374 -0.05984886435119794 0.5597607094701165 0
2375 -0.9719612553248599 -0.03270149386571852 0
2376 -0.03237910236683295 0.9730887358503726 0
2377 -0.03232627410406281 -0.9731195283339718 0
2378 -0.9317266073936442 0.3395739813832022 0
2379 -0.9322201894015596 -0.3396698277285556 0
2380 -0.05360488720223441 0.4396295215786852 0
2381 -0.05963731139430515 -0.4410768600823284 0
2382 -0.03498433296296133 -0.4268908147856991 0
2383 0.9716529644227033 -0.03372453743600733 0
2384 -0.3092397632945008 -0.04148571912149254 0
2385 -0.4499532532246607 0.05981228120599852 0
2386 0.8843967850404214 -0.119907223010986 0
2387 0.9690543405329914 0.8825199988177153 0
2388 -0.6532254379353389 0.9344123856119482 0
2389 -0.6529896448021016 -0.9352716726076513 0
2390 0.8832090081529753 -0.9696901695849117 0
2391 0.344621456910891 -0.9324111997763689 0
2392 0.3445704297171496 0.9373392001634829 0
2393 -0.0322232784261587 0.4608339294836966 0
2394 0.0377391670841507 0.3483033062074035 0
2395 -0.05142110496371353 -0.2705956468566148 0
2396 0.9352408416088709 0.6458662324356885 0
2397 0.9358932254898078 -0.6461643211679606 0
2398 0.5528683582203826 -0.05918655193717046 0
2399 0.5164533413496925 -0.02673367881567486 0
2400 0.4937821531393373 -0.05141258960387236 0
2401 -0.9149119395666484 -0.9708408323332347 0
2402 0.9375456394994002 -0.3546285654783306 0
2403 0.9377028444964736 0.3547763054079232 0
2404 0.05919997765060937 -0.4556441641273228 0
2405 0.8382609736362957 -0.05618238556935795 0
2406 -0.9713257592727811 -0.4729996150817819 0
2407 -0.9712697788927596 0.4729966675668741 0
2408 0.1733338110412599 -0.1198572255540679 0
2409 -0.03271536981541344 -0.2490190282503693 0
2410 0.9714279449162395 -0.9151293538401968 0
2411 0.9441710469571363 -0.9312289791840862 0
2412 0.05799557324192529 -0.5165635524459138 0
2413 0.05837921234514939 0.4851960057244481 0
2414 0.03926638190758833 0.4666687280354314 0
2415 0.03057027979316046 0.4970868300475718 0
2416 -0.1152821272932486 0.1801496346213452 0
2417 -0.5089746954257924 0.05872225536160765 0
2418 -0.05320082147737173 -0.5003423121227378 0
2419 -0.060009712070885 0.5013022191877986 0
2420 0.05896549476277583 0.5438413274814884 0
2421 -0.9414402935833375 -0.6346728939491471 0
2422 -0.9410653147436866 0.6338434269466032 0
2423 -0.2744029995237642 0.07955032350227671 0
2424 0.8824039942253754 -0.8217369439406379 0
2425 0.05087335868631318 -0.1654926048290503 0
2426 -0.8266370758326088 -0.8780554352630845 0
2427 -0.7016086200774887 0.04440837394598782 0
2428 0.6097857912850977 -0.9382071576602194 0
2429 0.6097940439520733 0.9387516171385302 0
2430 0.1733629241679812 -0.8780554352632399 0
2431 0.1733629223547485 0.8780554338351647 0
2432 -0.3909890286884188 -0.9410261139618523 0
2433 -0.3909272703739466 0.9410196587441405 0
2434 -0.5222461282237116 0.03373525269636431 0
2435 -0.02172745345149257 0.8436584374296162 0
2436 -0.02172015223600007 -0.8437547014092762 0
2437 0.9709887651351854 -0.7451307710550854 0
2438 -0.9388828404047331 0.3981683938661771 0
2439 -0.9395547295606359 -0.3981447000891938 0
2440 0.7372265613064268 0.02328885741414488 0
2441 0.5744872106066078 -0.9716731855786427 0
2442 0.5744872101538264 0.9716731858415766 0
2443 0.03337300711303199 -0.7882231359551324 0
2444 0.03329645678504362 0.7883210916128953 0
2445 0.4054853143645205 0.9393006725151771 0
2446 0.4054511451304966 -0.9399401532934436 0
2447 0.8010164252444332 -0.01967755095714 0
2448 0.4424856713289764 0.9716868857501474 0
2449 0.4424856719461142 -0.9716868861080793 0
2450 -0.5939560884807999 0.9416790349243533 0
2451 -0.5939514773852042 -0.9417688891661946 0
2452 0.6478487818909319 -0.02867769796078131 0
2453 0.6808684413364985 0.0358527204785974 0
2454 -0.0286703017227696 0.7425779537136761 0
2455 -0.0286651551000659 -0.742585085533312 0
2456 0.3580862128718993 -0.04007983672661149 0
2457 0.0240481332595868 0.2984566125359969 0
2458 -0.02485507961613326 -0.6190010431908796 0
2459 0.941702282439871 0.5881869544003464 0
2460 0.9402722924985049 -0.5872328469341179 0
2461 0.6033715053871016 0.03400312063296523 0
2462 0.9396726878946119 -0.4127955850636288 0
2463 0.9402722925041298 0.4127671530824196 0
2464 0.04969581176999338 0.06567792958476476 0
2465 0.02161287735071075 0.07137885922700518 0
2466 0.2473997659665607 0.025071422037381 0
2467 -0.4649241013082671 -0.0333050254597234 0
2468 0.1075878308116277 -0.07865225181242115 0
2469 0.1002267422386847 -0.05105213205812816 0
2470 -0.0345274017958055 0.08280691329546974 0
2471 0.001835026047021038 -0.02589549335358366 0
2472 -0.07162757839664904 0.1157468832087056 0
2473 0.01251684595574513 0.0985554605684697 0
2474 -0.1005366628153639 0.04570205139312099 0
2475 -0.6181433780374797 0.02220447140937798 0
2476 -0.08234227420959285 -0.08328619829705572 0
2477 -0.06341569121779719 0.01270103488252303 0
2478 -0.04278278997416083 0.336083845740223 0
2479 -0.3065166616682917 0.03505978003588725 0
2480 -0.0171501783575325 -0.04735884074396612 0
2481 0.02982797809953736 -0.03152870642316341 0
2482 0.03841161881911469 -0.05825015563160607 0
2483 -0.4104570645705903 0.03262875076103051 0
2484 0.08684200085769447 0.03280431537248864 0
2485 0.07778357659485821 0.06000485956798141 0
2486 0.03674757845225977 -0.2111532749548915 0
2487 -0.03404212170803281 0.3884974938840982 0
2488 0.001325292180673069 -0.1017812651099063 0
2489 0.03442965068683771 -0.1053456215918693 0
2490 0.02142837895004092 -0.1559440765463644 0
2491 -0.03265323347556316 0.2344456481442303 0
2492 -0.06208746439926681 0.2419392433812835 0
2493 -0.3639828183956246 -0.02670437963353984 0
2494 -0.1396366954306056 -0.07721974495922478 0
2495 0.01081607025807198 -0.05296769461885179 0
2496 0.1343987303039949 -0.02495808580925692 0
2497 0.0307104242782416 0.04420597053572301 0
2498 -0.08240684060580038 -0.008765136534431138 0
2499 0.1898183436226871 -0.03737714807990078 0
2500 -0.2032319982386074 0.04039228443629263 0
2501 -0.0436169067315202 0.1099903930495173 0
2502 0.2451208191326972 -0.0489073761155744 0
2503 -0.138555475607003 0.002665243445608519 0
2504 0.1615765455565484 0.042791339281784 0
2505 0.08239405808796633 0.1389846846786517 0
2506 0.02002440989123197 -0.08024130442425213 0
2507 0.2198712158853816 0.03438485050498663 0
2508 -0.2776984187478433 0.03087847103202725 0
2509 0.004160494995089919 -0.5830525525488183 0
2510 0.002631172011037467 0.04991582999539779 0
2511 -0.09148776765886638 0.0184314805996906 0
2512 0.01675115655684046 -0.3078994186751685 0
2513 0.04176637602627101 0.2418627443197284 0
2514 -0.00646199678956039 0.07709130644804793 0
2515 -0.1195875307619509 0.02423752671257687 0
2516 -0.01556180836567287 0.1042626298455079 0
2517 -0.1476806692860245 0.02985381209154606 0
2518 -0.02464970740851598 0.131448325919274 0
2519 -0.1567079551179831 0.05612687429963131 0
2520 -0.005672345279112178 0.1528970276621831 0
2521 -0.01482428538648037 0.1800691515257219 0
2522 -0.04274074071502646 0.1856903063797649 0
2523 -0.05117444871984796 0.2124695346473827 0
2524 -0.5434376732245738 -0.04106639626240831 0
2525 -0.4492332411217827 -0.941500113057926 0
2526 -0.4492458824958351 0.9409389573693769 0
2527 -0.9402902967529128 -0.5726040403227678 0
2528 -0.9405637319466249 0.5720789499053047 0
2529 -0.8062427716414767 0.03754660147854993 0
2530 0.4637788763719068 -0.9412139519604432 0
2531 0.4637716832352855 0.9417018256130519 0
2532 -0.06186928300039089 0.644347624111182 0
2533 -0.06478797709183204 -0.6482425770658827 0
2534 -0.8533724891903838 0.1002531665770217 0
2535 0.97143521543901 -0.5111048659808117 0
2536 0.9714352162954671 0.5111048674230525 0
2537 -0.7577543923445408 -0.02339404504274899 0
2538 0.9467047228584113 -0.05529264893912764 0
2539 0.5507541217092252 -0.9409389574117396 0
2540 0.5507635531702006 0.9413579495389076 0
2541 -0.9428151611269681 0.4567827691693517 0
2542 -0.9429687794619883 -0.4567843271606858 0
2543 0.971193960151953 0.2338863790981185 0
2544 -0.8251235184534884 -0.06215308190918323 0
2545 0.913879914007885 0.9704750772989588 0
2546 -0.5362263413484296 -0.9415680245319332 0
2547 -0.5362211273274108 0.9412139517662366 0
2548 -0.05948404943548482 -0.5580242265664856 0
2549 0.943207500880596 0.5283156015012225 0
2550 0.9413108917184126 -0.4710353877382993 0
2551 0.9413853387446598 0.4705532412115856 0
2552 0.9432433371676363 -0.5283174622743836 0
2553 -0.1304131887767739 0.8767936583914306 0
2554 -0.1303401950353741 -0.8766926172084634 0
2555 0.492452757513072 -0.9431820639026008 0
2556 0.4924335102678914 0.9432642556725033 0
2557 -0.4790354570776889 -0.9410820995993272 0
2558 -0.4782828067979781 0.9416912207754523 0
2559 -0.9417345408837876 0.5144729436690479 0
2560 -0.941434183146349 -0.5144713856833346 0
2561 -0.8348343128384722 -0.03456038055978968 0
2562 0.9438132777664978 -0.8304929623949482 0
2563 0.9425321701782372 -0.01774609848022513 0
2564 -0.03065777683351091 -0.4751586747614059 0
2565 0.7053628963250564 -0.04097002385274698 0
2566 -0.749391551803785 -0.04979505261853607 0
2567 0.9443848944897754 -0.8978076253007726 0
2568 -0.06315273241756902 -0.9251886019574472 0
2569 -0.06315479921660938 0.9251702128877031 0
2570 -0.9137400523274503 -0.04833616145558665 0
2571 0.8726851373123328 0.01658970796153395 0
2572 0.9720424899078964 0.4382543364055281 0
2573 0.9720424901019866 -0.4382543360727366 0
2574 0.03283027446358709 -0.3617127493001968 0
2575 -0.001207549903629317 -0.9208125199112087 0
2576 -0.001207628939369545 0.9207813155791925 0
2577 -0.07529742129865713 -0.113781383254794 0
2578 0.3275818865571866 -0.04295591438431887 0
2579 0.06250769131201216 -0.216000405563741 0
2580 -0.972973127270721 0.5423728813572014 0
2581 -0.9729731273294528 -0.542372881354663 0
2582 -0.2357944620245153 0.9738049954379087 0
2583 -0.2357256076265485 -0.9737638289276741 0
2584 -0.9110748449962442 -0.8717228495821768 0
2585 0.07086968660324498 -0.8878653771744878 0
2586 0.07087018855530619 0.8878650869492495 0
2587 0.05464136097184556 -0.8637248496985902 0
2588 0.05464251608218593 0.8637230604925087 0
2589 -0.03125955502048908 -0.399275476516666 0
2590 -0.5078719976616083 0.9661339938537497 0
2591 -0.5084745762725499 -0.9731728129343652 0
2592 0.9431941066340078 0.1159620044918522 0
2593 -0.8630371218570358 -0.1107415615006835 0
2594 -0.9027790747707782 0.1681933670931748 0
2595 0.06243094548231368 -0.4268963815208178 0
2596 0.9702525588443107 0.1715392964959469 0
2597 -0.9431040304160311 0.123631782861975 0
2598 0.463795377750888 0.05990583006617851 0
2599 0.03629193244136079 0.6168635094953555 0
2600 0.7266762094654585 -0.07979301366322364 0
2601 -0.9448491652252035 0.2561219602161071 0
2602 0.05665621657570093 -0.2639269142574113 0
2603 -0.9448274338869732 -0.2610743733550012 0
2604 -0.9724541971402585 0.9503778637642248 0
2605 -0.9745121830414059 -0.9477057593115724 0
2606 -0.7628834974285624 -0.9459896750909584 0
2607 0.7424692532054895 -0.9732179187731377 0
2608 0.7497569304208827 0.9392148391499482 0
2609 0.9002582516600683 0.009733952171494994 0
2610 -0.801379971993035 0.9477218765913028 0
2611 0.972691029430652 0.9487852325904582 0
2612 0.9463567701860575 -0.9690298598692343 0
2613 0.4352552106394565 -0.06059687347773 0
2614 0.972763689596833 -0.1687983089853408 0
2615 -0.8248394636884255 0.09408845921992011 0
2616 0.7266628218451682 0.05246729142977197 0
2617 0.06182531671861283 0.4290831766123674 0
2618 -0.01039389288543671 0.5922248046219555 0
2619 -0.06328771963388524 -0.3838454827760207 0
2620 -0.05224951072332049 0.7465044095339368 0
2621 -0.05224646883193889 -0.7465107687512678 0
2622 0.04586961285885977 -0.3155150435243689 0
2623 -0.9130642884393817 0.8674032730435723 0
2624 -0.3311240351178759 0.07029723742580568 0
2625 0.04709320176649604 0.9442996819218538 0
2626 0.8976506005164269 0.1168323784432395 0
2627 -0.7303279609525066 0.9450837017873801 0
2628 0.05766710366589634 0.7402325801203674 0
2629 -0.9469162560321935 -0.1173485712587807 0
2630 0.2538400070936742 0.9465723226351688 0
2631 0.2538400070991729 -0.9465723229069765 0
2632 0.04710609641540197 -0.9442665410117317 0
2633 -0.7322572199862476 -0.9455767144802565 0
2634 0.1796328017280372 0.06313367737196388 0
2635 0.07755301226209407 0.9421467974249936 0
2636 0.07754669875582182 -0.9421475942673402 0
2637 -0.9722180981057678 -0.7445878103830363 0
2638 -0.1883602105047122 -0.08488663411745155 0
2639 0.8049061446593936 0.05510643139044487 0
2640 0.9143178215650747 0.06053986293378837 0
2641 0.6535490118084422 0.04255654461019241 0
2642 0.03187628683540902 -0.5142861219971648 0
2643 -0.5706622373355745 -0.03407335600153003 0
2644 0.890097094731506 -0.1494719404068045 0
2645 -0.9469090854202955 -0.01147610971522971 0
2646 0.01569960156765282 0.9458485105795736 0
2647 0.01574381295000373 -0.9458671832265587 0
2648 -0.4495217034106431 -0.06126393043415027 0
2649 0.5712731925196972 -0.03587451768883493 0
2650 -0.8850539614364437 0.9394918954765039 0
2651 0.9259350998275386 -0.1547767689241889 0
2652 0.946141319487231 -0.7248105501794095 0
2653 0.05651639951963616 -0.7387728823710344 0
2654 0.9469465835166513 0.7249101411666545 0
2655 0.04095477039679436 0.6550597917574621 0
2656 0.8349382607626457 -0.9418467946863798 0
2657 -0.9476130086890368 -0.9063859621807753 0
2658 0.8015830103253827 0.9472838608276226 0
2659 -0.4372044261573121 0.03635869968407759 0
2660 -0.1103277356524346 0.8495308572610738 0
2661 -0.1103152942018777 -0.8495151795372707 0
2662 0.2727999081315928 -0.05110263321265599 0
2663 -0.2020785517519468 -0.03413825947193397 0
2664 0.0417237450999345 -0.6534798684819383 0
2665 -0.9476471562466494 0.1860695343788702 0
2666 -0.01201697681639799 0.5622753787020194 0
2667 0.9423230875641814 0.9135446134855665 0
2668 -0.04687434341532792 0.2873390692527328 0
2669 -0.8183908716005696 -0.08747591994120874 0
2670 -0.1211879241677207 -0.1020825570279944 0
2671 0.1228382602846796 0.9451404389824913 0
2672 0.1228773564251618 -0.9451392294185785 0
2673 -0.9716723421509541 0.03638070465131359 0
2674 -0.07205648041060968 -0.164610121825341 0
2675 -0.8696789623727053 -0.9445682155926275 0
2676 -0.1825654621032076 0.06056894906052307 0
2677 -0.9163042313184435 -0.7966513677909873 0
2678 0.05110086905604171 0.2907703825122733 0
2679 0.4221678234211044 0.03701054271578954 0
2680 0.9464632239999435 0.2160421532531424 0
2681 0.8393056243560892 -0.1319870148422831 0
2682 0.575507937084517 0.03281099461359323 0
2683 0.7543743821767908 -0.06018762076750542 0
2684 0.03055147692187157 -0.5872211034091633 0
2685 0.02360696066099634 0.4469144675531186 0
2686 -0.1677664122822297 0.9068226244636246 0
2687 -0.1675572368434062 -0.9072301283854398 0
2688 0.5078427251421015 0.03407236065599036 0
2689 0.1320071662605871 0.1299101461265035 0
2690 -0.2838909537856825 -0.946745144831264 0
2691 0.9739287939771444 0.8102634711744301 0
2692 0.451046361763007 -0.03809481169929491 0
2693 -0.01604332497268957 0.9470556114374686 0
2694 -0.01599103772011677 -0.9470993351651785 0
2695 -0.9469041847834265 -0.1867670096647687 0
2696 -0.7945847446406278 -0.9484563313404022 0
2697 -0.9485536849843328 0.2906381437329181 0
2698 -0.04515911485815939 0.6678439784757871 0
2699 -0.04592561950162494 -0.6687947074198261 0
2700 0.2253854463319208 -0.06694191235350408 0
2701 0.9181744638266546 -0.04731053321661949 0
2702 -0.6436658906692085 -0.04224767799715824 0
2703 0.05395420273474253 0.1878602844372499 0
2704 -0.2848884165477419 0.9473332156658911 0
2705 -0.950157709580534 0.7308574472839713 0
2706 -0.766791662551046 -0.06805180382681802 0
2707 0.9442430028390738 -0.2753688328644568 0
2708 0.2202868426300887 0.9486900529918394 0
2709 0.2202868426210308 -0.9486900537428633 0
2710 0.02121454930422147 -0.6910197826874465 0
2711 0.9448152898432649 0.2767183386380074 0
2712 -0.5640240741368712 0.06212441101901869 0
2713 0.8643713575680814 0.9464840077699697 0
2714 0.06992362928453397 0.2308892403934457 0
2715 -0.2891204945788384 0.05551492630235881 0
2716 0.9500317460072391 0.6930489455017893 0
2717 0.599776440636727 -0.04080661292962249 0
2718 0.4826323749329499 9.521513822498967e-05 0
2719 -0.03801160255269213 -0.4520581395813208 0
2720 -0.03586376842836728 0.4149493374756822 0
2721 0.7102037849725817 -0.9753792227169423 0
2722 -0.5490482827589003 0.03602570440171186 0
2723 -0.03719403120104895 0.4884289586741297 0
2724 0.05992961147931027 0.2612512367786044 0
2725 -0.05020069214008557 0.79547048028154 0
2726 -0.05020064696520911 -0.7954727515720641 0
2727 -0.0359801048163524 0.5486499889661416 0
2728 -0.947597817520142 0.15423515473275 0
2729 -0.9720435722206786 0.8833749676258129 0
2730 0.05576977205901153 -0.1902488562376932 0
2731 0.9475549348463151 -0.8649892064996902 0
2732 -0.9484486662100468 -0.2919528360507533 0
2733 -0.7888018707297888 0.0550563248472021 0
2734 -0.9444012125313055 -0.04373938509491385 0
2735 -0.4083344316562778 -0.03916077510311745 0
2736 -0.1905245095323052 -0.9476823037798534 0
2737 -0.9498126316142667 -0.8301009856852842 0
2738 0.04083200903894826 -0.3869472505232632 0
2739 0.711319938679261 0.9771123760063547 0
2740 -0.03564942073119201 -0.5222029277648316 0
2741 -0.06547628829248291 0.7673276258197419 0
2742 -0.0654763882344658 -0.7673299957842561 0
2743 -0.9147589340055264 0.9782445832983028 0
2744 -0.7261619359862042 -0.05514370066220574 0
2745 0.203483709257973 -0.08276134040742679 0
2746 -0.1874021209979064 0.9481755875700161 0
2747 -0.8169659704147278 0.06443961017227863 0
2748 -0.02022815880005322 0.6197553632154094 0
2749 -0.4609183700809522 0.0382027804011166 0
2750 0.02006851263442037 0.6913257040090125 0
2751 -0.04770675836792755 -0.9480952094736033 0
2752 -0.9514245514635038 0.3226596831575197 0
2753 -0.06209869522138502 0.8223635136933949 0
2754 -0.06209869471322668 -0.8223635174534759 0
2755 -0.948729199579182 -0.7965959067947956 0
2756 -0.5391259539909743 -0.06393324350434186 0
2757 0.9482045342612525 0.8633799232935916 0
2758 -0.8988868080406044 0.007013368110675068 0
2759 -0.04446421810439578 -0.3407824815852232 0
2760 -0.04774208225770739 0.9480719938893151 0
2761 0.9160080005857212 -0.946075370052563 0
2762 0.9447023481598285 -0.1322989484664404 0
2763 -0.6982882031677655 0.9486811098932053 0
2764 0.9189059792415907 0.8594269151914118 0
2765 0.9785582454865276 -0.2372881355953349 0
2766 0.2880539521733209 0.9507827305786716 0
2767 -0.03720031645627075 0.5187074569553281 0
2768 -0.07832497498958337 0.2135156023895595 0
2769 -0.9518972668162062 -0.323086609571399 0
2770 0.8135593220333823 -0.9785427353167734 0
2771 -0.7961981974173636 0.9202671253590429 0
2772 0.9499471097193186 -0.6926308683501757 0
2773 -0.04509657671576828 0.3646218958516972 0
2774 0.03888345889745986 0.3943720882965517 0
2775 0.9201378849979772 0.02941045610838032 0
2776 -0.9203368384157806 -0.02169328270060303 0
2777 -0.03695096377690094 -0.5955433685136868 0
2778 -0.6986397845794322 -0.949312678508003 0
2779 -0.1640078033438242 0.07859464403518236 0
2780 -0.9276008372475132 0.1700358712847657 0
2781 0.2048652615035538 0.05447278727992882 0
2782 0.07365625687826088 -0.1720116233134268 0
2783 0.03796584593406318 -0.4673155799726139 0
2784 -0.01201607194436606 0.4787403381749604 0
2785 -0.9485505240867064 0.8984527334995346 0
2786 0.3686311464088639 -0.01792090940704499 0
2787 0.92980269086345 -0.8087096643766792 0
2788 0.2889590451508528 -0.9511356289315243 0
2789 0.3941721871352936 0.04015102186323062 0
2790 0.8312864868457336 0.9505573781391239 0
2791 0.08095952130031336 -0.03850117431743372 0
2792 0.2315045052512434 -0.9024795551250199 0
2793 0.2315005156816962 0.9024733686061306 0
2794 -0.9794996282571069 0.8135593220344148 0
2795 -0.08651160794999814 -0.1456360342185095 0
2796 -0.1647101834206309 -0.09155005805248315 0
2797 -0.7684651727239884 -0.9013504264875715 0
2798 -0.9521883657823805 0.7602772743439455 0
2799 -0.3644260445570259 0.04176125397242107 0
2800 -0.5921602062331458 0.0649624345396666 0
2801 0.9215820348910776 0.212357022715134 0
2802 0.08508685051188732 -0.9109566902777068 0
2803 0.08508684889365023 0.9109566877791054 0
2804 0.8347215905873646 0.0843622011539782 0
2805 -0.8968974739808729 -0.9494735524992083 0
2806 -0.9535081555388208 -0.9339033843623574 0
2807 0.03871804580414615 -0.5419773482849142 0
2808 -0.3133207909466665 -0.9488112875524245 0
2809 -0.818224299378257 0.9080392804958664 0
2810 -0.05501819091267483 0.6933259645844075 0
2811 -0.0550181912083364 -0.693325957169347 0
2812 -0.9751847183873945 0.9751847183874449 0
2813 -0.9769884871273731 -0.9757060491953342 0
2814 0.06791453125426435 -0.7637787701346078 0
2815 0.0680928245901854 0.763547826630899 0
2816 0.6924306820148054 -0.9517657687604344 0
2817 0.9325156324926511 -0.2453385262911183 0
2818 0.9751847183875955 0.9751847183875451 0
2819 0.9751847183875451 -0.9751847183875955 0
2820 -0.01347226242569357 -0.5978091570646356 0
2821 -0.3132647182528887 0.9489979910442472 0
2822 -0.07821823650954196 0.948161717896866 0
2823 -0.07868784258804987 -0.9486408837519832 0
2824 0.6259107140406179 0.04554700430375616 0
2825 0.952249996579398 -0.6653021111021934 0
2826 0.6271491527633317 -0.04551093589899953 0
2827 0.2430252713817829 0.04774395190850803 0
2828 0.4915589051612332 -0.02170836549639923 0
2829 0.1725823379978683 -0.05295640655602599 0
2830 0.9248539901961248 0.001336706761057495 0
2831 0.951761914562497 0.6640340749680713 0
2832 0.9475239684425327 -0.3061691517029473 0
2833 -0.8633646523580807 0.1225708153683701 0
2834 -0.9443101157694049 -0.8750894835621339 0
2835 -0.05418541884754799 0.3078334107695845 0
2836 0.6922833056482564 0.9512637406934451 0
2837 -0.09962869450641508 -0.0993246690690965 0
2838 0.1861622954682521 0.9527600640733114 0
2839 -0.9481422023927513 -0.09134012262190919 0
2840 0.7504713520231443 0.06684042195587271 0
2841 0.8641024877684007 -0.9514819990328801 0
2842 -0.947711181611175 -0.718681764387577 0
2843 0.05986324724703463 -0.06224548427865891 0
2844 -0.379846518937535 -0.04267493177875038 0
2845 0.1865225539940386 -0.9526238513977316 0
2846 0.9509912892583305 -0.08328613801203617 0
2847 0.1993177828287168 -0.05880157800906711 0
2848 0.2863973447106466 -0.02889905343510077 0
2849 0.9265852334781737 -0.8805655830603213 0
2850 -0.9214653302152789 -0.6892389673729675 0
2851 -0.04950379308908605 -0.1624743781625037 0
2852 0.3208292915458882 0.9535118777882109 0
2853 0.3216185903173867 -0.9539869467213687 0
2854 0.699071073301694 0.0504395324634993 0
2855 0.9478156286824313 0.3070113432156591 0
2856 0.5510407541266542 0.06630589348025462 0
2857 0.9203747975753914 0.1088188049900943 0
2858 0.83388436394225 -0.1052528761641851 0
2859 -0.9075723109082289 0.7466332708672248 0
2860 -0.01313940387135787 -0.4239227857895427 0
2861 -0.9516784476394611 0.6970987791615303 0
2862 -0.0438123245964733 -0.5730793901559607 0
2863 0.8676610259760105 0.9223421139535772 0
2864 -0.2326100717687409 0.06869948041203343 0
2865 0.05780621213424129 -0.2910753986055571 0
2866 -0.7518986896326231 0.04867189294648368 0
2867 0.3681669765208102 0.04343693511353432 0
2868 -0.4993440634514428 0.03576008355390257 0
2869 -0.7002574009178035 -0.02664758841395655 0
2870 0.9507361765601725 -0.8005763573449982 0
2871 -0.04969624788382172 -0.3158763534881459 0
2872 0.09433892094953644 -0.8821394925878163 0
2873 0.09433894574313875 0.8821394753906224 0
2874 -0.4998430931882957 -0.06242096648332211 0
2875 0.01554803710095981 0.5962245751048024 0
2876 -0.9162610796740717 0.06578965013468875 0
2877 -0.04272515243295184 -0.2004554255844924 0
2878 -0.09850119268811437 -0.1671923701006955 0
2879 0.9505083855190346 0.9383143981887223 0
2880 0.6596010881103079 -0.9540336631037463 0
2881 -0.9551720507124508 -0.7618767759389298 0
2882 -0.1074841759900514 0.9487025741603952 0
2883 -0.1111456459594507 -0.9502130515964522 0
2884 0.04248484360124544 -0.630303241627945 0
2885 0.1449091899704447 -0.04641796884749781 0
2886 -0.6160875473893678 -0.04291385519985005 0
2887 -0.9472665120307318 0.9441690865698438 0
2888 -0.952256754379831 0.3512762053951577 0
2889 0.2376036087708769 0.928040408647718 0
2890 0.2376133955602482 -0.92805558840217 0
2891 -0.6270531095234698 0.04459746030399601 0
2892 -0.1388879323760016 0.1083512525906971 0
2893 -0.6716580700443713 0.9500331338798307 0
2894 0.3611252281767634 0.9533280027303486 0
2895 -0.3149596421658158 0.05597506367118837 0
2896 0.4735711504824982 -0.03758308844887412 0
2897 -0.9527382524174853 -0.3517981630975942 0
2898 0.04101958978449742 -0.07968560975284752 0
2899 0.1025608330495072 -0.1459052749533533 0
2900 0.6595893847709463 0.9545212074362737 0
2901 -0.2092801164545926 -0.07760410346697365 0
2902 -0.9364900720997865 -0.2062255170818511 0
2903 0.04591112075256065 -0.3435620262119323 0
2904 -0.6714184607674965 -0.9501499338484994 0
2905 0.6541060523784306 -0.05056889527851549 0
2906 -0.1658975816804688 -0.1143859620950154 0
2907 0.06844758928901676 -0.2387582865160118 0
2908 0.3883754980529363 0.9551283041657281 0
2909 0.6273850236227082 0.9542822393157546 0
2910 0.6270979282610869 -0.9539673965509992 0
2911 -0.8218466879838704 -0.9495691787478777 0
2912 0.9102172988323265 0.1898154031911045 0
2913 0.9562068879178554 0.4563382902179793 0
2914 0.013437404687151 0.4721806318426924 0
2915 0.9561882761238841 -0.4564588248577353 0
2916 -0.3539290728344736 -0.04545516648200786 0
2917 -0.9495470601761666 -0.1452570744578117 0
2918 -0.8288876403057508 0.9534672956101851 0
2919 0.1013796456723526 -0.9462672091709914 0
2920 0.3567428763512354 -0.9552029368845705 0
2921 0.1013752905692091 0.946267420215966 0
2922 -0.04306501844672009 0.6243750622664082 0
2923 0.3893253495052407 -0.9553032285154638 0
2924 0.04462396088631969 0.442177441922394 0
2925 0.9097231767301079 0.8379756330950979 0
2926 -0.9562493278789596 -0.5586830985439366 0
2927 -0.8909913222809961 -0.7956117472997897 0
2928 -0.219904504629297 -0.9546938426515823 0
2929 -0.2199045046681302 0.954693843954146 0
2930 0.9555672956197262 -0.2533124146962647 0
2931 0.04647131107194996 -0.4126231982757584 0
2932 -0.9526205468217722 0.6638646750943743 0
2933 0.9518973294872921 -0.1553384907690125 0
2934 0.1826575190461671 -0.09555504937897991 0
2935 0.1092654725197738 0.1463953444479383 0
2936 -0.9563176866336276 0.5585518258840451 0
2937 0.944333938268599 0.1374523920703261 0
2938 0.1191592734721441 -0.04103975732177988 0
2939 -0.06071449266058767 0.2700626378858141 0
2940 -0.154375047844324 0.9531145297524064 0
2941 0.7692916483070406 0.9511667148624822 0
2942 -0.1394105286553531 -0.9492824531074266 0
2943 -0.09126286723273944 0.190362763852502 0
2944 -0.1559329973478776 -0.889231612931056 0
2945 -0.1560915055819729 0.8893121805112095 0
2946 -0.4923300909375738 -0.9565905927227574 0
2947 -0.9541002590821333 -0.6619142340523471 0
2948 -0.09879852400225515 -0.8331433724736914 0
2949 -0.09880206449708547 0.8331454679349489 0
2950 -0.9010896306721146 -0.1494312399674236 0
2951 -0.05787258002540147 -0.2230090291801678 0
2952 0.9509228547030187 0.7898085825400015 0
2953 0.8648130779545945 -0.1331661949169063 0
2954 0.9524253748838007 0.1967357606750943 0
2955 0.9522300509803092 0.1808104936699345 0
2956 0.9704478827478022 0.1874645635011067 0
2957 -0.4928735137921532 0.9397778248692601 0
2958 -0.4930774022297932 0.9539126073146009 0
2959 -0.5076681092239682 0.9519992114084088 0
2960 -0.04695624181379027 -0.6303632574454322 0
2961 -0.03063169069250595 -0.6309613786997554 0
2962 -0.04117963073741758 -0.6184029219365563 0
2963 0.4186469656903268 -0.02255353406385395 0
2964 0.4024683110171989 -0.02119849252215852 0
2965 0.4061957645866676 -0.03518405198622528 0
2966 0.8764233503853409 0.8883614786119352 0
2967 0.8655011181586958 0.9012127790426547 0
2968 0.8597244081060751 0.8868992217047026 0
2969 0.0388424987986413 -0.4869977876756637 0
2970 0.02831036187214495 -0.5004458619196773 0
2971 0.04240842376190538 -0.5008380477531512 0
2972 -0.8974193975515057 0.7938563288891507 0
2973 -0.9048488182431687 0.8107488070850248 0
2974 -0.9124950637868436 0.7951660294581802 0
2975 0.9487083082268327 -0.3298439569185063 0
2976 0.9348687913875425 -0.3399521412259722 0
2977 0.9513851563386904 -0.3445203811708647 0
2978 -0.9529650714787137 0.07884118960226608 0
2979 -0.9526628445185548 0.09656052006036636 0
2980 -0.9703409796912974 0.08551594063017608 0
2981 -0.8710845785265309 0.1419880475790877 0
2982 -0.8642017719756733 0.1566774116976587 0
2983 -0.8804811552880669 0.1533818939548173 0
2984 0.6873392577464407 -0.05532714009593255 0
2985 0.6723674286836245 -0.05347934359889044 0
2986 0.6829293624322456 -0.0693175857381529 0
2987 0.9532723419813894 0.6299770680652197 0
2988 0.9519437805085951 0.6446676239780065 0
2989 0.9365694030816653 0.6311756765229017 0
2990 0.8752359199818142 -0.8888594090394848 0
2991 0.8581047558863403 -0.8881896686780014 0
2992 0.8626431575732936 -0.9029551445611457 0
2993 -0.3490545616207615 -0.9526473433360043 0
2994 -0.3348006185231313 -0.9493115612388932 0
2995 -0.3462964048065509 -0.9358659923182243 0
2996 0.9490433438179107 0.3301843441185617 0
2997 0.9515902875869011 0.3447894404933878 0
2998 0.9351559007274831 0.3401712090330971 0
2999 0.9505152012729496 0.8837107408792333 0
3000 0.9556887140485864 0.8980323061516409 0
3001 0.9371495747885447 0.8992230482131589 0
3002 0.714271410938272 -0.06170451151064119 0
3003 0.7122887004802601 -0.07547919794920932 0
3004 0.7286589199234703 -0.0660183272246555 0
3005 -0.0375704062275043 -0.5014161626631921 0
3006 -0.02629888390557389 -0.4888243439825262 0
3007 -0.04192929915544132 -0.4877504934420719 0
3008 -0.9532468578127649 -0.2174617329782097 0
3009 -0.9384262635192024 -0.2179505002087846 0
3010 -0.9513106663933488 -0.2057367498512762 0
3011 0.9537825407570981 -0.6301496054373472 0
3012 0.936895595362959 -0.6313247172139899 0
3013 0.952780170883947 -0.644989209391318 0
3014 0.5950351733156329 -0.9553224497391475 0
3015 0.6099776414047203 -0.9544251821557566 0
3016 0.5948433231960103 -0.9391044252436104 0
3017 0.7180022633532693 -0.04660683231941717 0
3018 0.7016320439100591 -0.056067703043971 0
3019 0.8867318414213147 0.9523167336711695 0
3020 0.9029938323233979 0.9522326689949208 0
3021 0.8976179231058018 0.9705591419752075 0
3022 0.5950351711227682 0.9553224497609494 0
3023 0.5948474473355523 0.9393766550044862 0
3024 0.6099817677392892 0.9546974118949934 0
3025 0.5923283508401658 0.9711581962465166 0
3026 0.5771940304364288 0.9558374393560094 0
3027 0.5771940328567653 -0.9558374392028219 0
3028 0.5923283510654753 -0.9711581961149682 0
3029 -0.9353097132539347 0.01425673744007465 0
3030 -0.946446964875221 0.006575572452346079 0
3031 -0.9357718337990093 -0.003794944727501135 0
3032 -0.9288127807666247 0.7984309656995568 0
3033 -0.9213833600749617 0.7815384875036827 0
3034 -0.3490878349107515 0.9528697238219845 0
3035 -0.3555462564396361 0.967721500198846 0
3036 -0.367064179788977 0.954324599426695 0
3037 -0.3670353264207433 -0.9540918209136258 0
3038 -0.3555395401373237 -0.9675373898342947 0
3039 0.691070110161438 -0.04022946090470852 0
3040 0.05398162583304417 -0.127812801940586 0
3041 0.04989298328372137 -0.111841450861401 0
3042 0.03851829323616051 -0.1213169726710544 0
3043 0.9698912726471576 -0.6258898852588429 0
3044 0.9540066971261696 -0.6122253930815148 0
3045 0.9536916153082874 0.6117931828036727 0
3046 0.9690659927352172 0.6252851302587774 0
3047 0.5004767692139331 -0.06737713584246399 0
3048 0.4861340871629632 -0.06741337409177608 0
3049 0.04998790487529804 0.6243724586787041 0
3050 0.05231932385301481 0.6434705998097574 0
3051 0.03862335141907758 0.6359616506264087 0
3052 -0.9431538000533561 0.04049154659212999 0
3053 -0.95599754896376 0.04636827160782585 0
3054 -0.9588285932405503 0.03050397963561773 0
3055 -0.9554829812140111 0.06207622436820695 0
3056 -0.9378048460412683 0.07312080379839725 0
3057 -0.9711577744012052 0.05208865741169468 0
3058 -0.9144991943847722 -0.8859548372112255 0
3059 -0.9276924803828246 -0.8734061665721553 0
3060 -0.9311168297713526 -0.887638154201204 0
3061 -0.9682750638082269 -0.2226658412115097 0
3062 -0.9553906609340805 -0.2348795915690182 0
3063 0.09098679719527991 -0.8486066591636732 0
3064 0.09960068244464029 -0.862876158070027 0
3065 0.1068502688217771 -0.8503821776799821 0
3066 0.09098679617405775 0.8486066571280328 0
3067 0.1068502676635454 0.8503821757664037 0
3068 0.09960068122581565 0.8628761560288618 0
3069 0.4008652853480748 -0.005710344741258699 0
3070 0.3884140842444156 -0.01834086266363003 0
3071 -0.03790618317575437 0.4374176432600559 0
3072 -0.02721537878771652 0.4480198472125617 0
3073 -0.04291408281419655 0.4502317255311908 0
3074 0.3049920244272506 0.05667965420629586 0
3075 0.3008671599724889 0.0708825696035062 0
3076 0.2902080774307098 0.05875429797238821 0
3077 -0.0610253821556098 0.3951878656197209 0
3078 -0.04819401147509147 0.3850042169730359 0
3079 -0.04687349238855113 0.3986811425307831 0
3080 -0.3464866560718869 0.9364671424599458 0
3081 -0.334968732722546 0.9498640432320968 0
3082 -0.4745669064003628 0.9564180288176071 0
3083 -0.4893615018321779 0.9686394153567557 0
3084 -0.9595340452388514 0.01316758449830989 0
3085 -0.959996165783926 -0.004884097669265897 0
3086 0.06211662305950506 -0.1045391426369444 0
3087 0.04665329046262141 -0.0980433133674128 0
3088 0.04140307761936522 0.3731548860334761 0
3089 0.04844289809001397 0.3829610555582921 0
3090 0.03184363842681112 0.3845659187717357 0
3091 0.950277069315304 -0.2076439966227421 0
3092 0.9418040234098684 -0.2213349544027512 0
3093 0.9611299570362556 -0.2174286088091703 0
3094 0.05546806696516351 -0.5019767629775257 0
3095 0.04493593003866716 -0.5154248372215393 0
3096 0.9667161303612346 -0.3523736255066191 0
3097 0.9528766135219444 -0.362481809814085 0
3098 0.966947671682582 0.3526405031094193 0
3099 0.9530602285921543 0.3626273680239546 0
3100 0.7162770811779557 0.07682818027471082 0
3101 0.7145083103747341 0.06273095756170631 0
3102 0.72843159264839 0.06656451414277648 0
3103 0.8848914300548244 -0.9520690434895918 0
3104 0.8996085043693482 -0.9578827698187373 0
3105 0.9012909262711973 -0.9402616437234174 0
3106 0.9563743208102566 -0.320290674283173 0
3107 0.9398579558591088 -0.3157224343382806 0
3108 -0.2501134900945479 -0.01364398107889128 0
3109 -0.24548877412823 -0.02765604016026248 0
3110 -0.2359583320503838 -0.01687658010145262 0
3111 -0.06388678576105219 0.7270348282421898 0
3112 -0.07656013647242063 0.7204649410653832 0
3113 -0.06115103366772489 0.7121771451606487 0
3114 -0.0638820750165895 -0.7270382375162844 0
3115 -0.06114599459360788 -0.7121806538402158 0
3116 -0.07655989139526115 -0.720465249793708 0
3117 -0.03495294506820004 0.4017234156798902 0
3118 -0.04778431574871837 0.4119070643265752 0
3119 -0.5218426740568695 0.9395391903646522 0
3120 -0.5220465624945095 0.9536739728099931 0
3121 0.9381336199043889 0.1754731773511132 0
3122 0.9561561277683904 0.1662019801771256 0
3123 -0.0309030216965171 -0.6072722058522833 0
3124 -0.04722757281780142 -0.60667408459796 0
3125 0.8187141508293063 -0.03935650813901288 0
3126 0.8155655068026113 -0.02370474701906699 0
3127 0.8041650692711282 -0.03532931207708589 0
3128 -0.7364426057233524 0.062112381144621 0
3129 -0.747589659759192 0.06273732744184717 0
3130 -0.7407516355967836 0.04804694664925751 0
3131 -0.6975743673067742 0.07136950431898319 0
3132 -0.7070268204411529 0.05873211953726953 0
3133 -0.69215616694311 0.05704575872770147 0
3134 0.05584500265540249 0.236375992356587 0
3135 0.06492662038192212 0.246070238586025 0
3136 0.05084799375279064 0.2515569905491664 0
3137 -0.954737436662203 0.212297285249256 0
3138 -0.9548318485037787 0.2288689931191268 0
3139 -0.9707925505655379 0.2202942303720279 0
3140 0.9704941694054767 0.9008763656795462 0
3141 0.9571285429210716 0.9163886730134718 0
3142 -0.9327682762311685 -0.9032863935105246 0
3143 -0.9459615622292208 -0.8907377228714546 0
3144 0.9259164912476039 -0.01827313922086983 0
3145 0.9137376380718125 -0.03305535658906701 0
3146 0.9303533170024458 -0.03252831584842231 0
3147 0.2403261133248409 0.07027325286027461 0
3148 0.2348098050689322 0.05565472019800274 0
3149 0.2485415796376916 0.06236248457077989 0
3150 0.02713678661830748 0.6277773297628717 0
3151 0.02946820559602426 0.6468754708939251 0
3152 0.05976497061848085 0.7150259944386428 0
3153 0.05635910285867461 0.7006831157775388 0
3154 0.07316133903504569 0.7049187413748881 0
3155 0.2601780001049295 0.06265097208659334 0
3156 0.2546616918490209 0.04803243942432148 0
3157 -0.9412624319642642 -0.5289778358710733 0
3158 -0.9572036552379009 -0.5284221335189988 0
3159 -0.9570319040558162 -0.5429285837067375 0
3160 0.03127149252015654 0.3615315277271617 0
3161 0.04787075218335939 0.359926664513718 0
3162 -0.7972712590924538 -0.08848335104140913 0
3163 -0.7856645570726611 -0.09900569929902726 0
3164 -0.783594678587488 -0.08202195774991369 0
3165 -0.2097633838813923 -0.0620280357000263 0
3166 -0.1988100835027311 -0.04793947660353247 0
3167 -0.213031852130608 -0.04822681856842781 0
3168 -0.5217302002802943 -0.9415161381189072 0
3169 -0.5223504588104897 -0.9573704187331492 0
3170 -0.5078543177423545 -0.9573185323201232 0
3171 0.7972740864815849 -0.9260346998453191 0
3172 0.793938174496674 -0.9411303951747696 0
3173 0.8085931496697214 -0.9341638370190672 0
3174 0.7414720792888073 -0.08357102558464573 0
3175 0.7553211656444734 -0.07376832913678662 0
3176 0.7405252958211246 -0.06999031721536453 0
3177 -0.04473432781530085 0.4272894295271837 0
3178 -0.0290356237888208 0.4250775512085545 0
3179 0.06504557409736381 0.2047388608322444 0
3180 0.07447541967939227 0.2139079782217376 0
3181 0.06049378370250551 0.2217201230039525 0
3182 0.8287205275662259 -0.9106767729446394 0
3183 0.823433661208639 -0.9304574681879982 0
3184 0.8402251271202327 -0.922066099443021 0
3185 0.9402122928204619 0.3162887279369651 0
3186 0.95664667967988 0.3209069593972558 0
3187 0.02841661075318667 -0.6724100080719266 0
3188 0.0424829909496235 -0.6663405690242213 0
3189 0.02765736490349768 -0.6595493075296435 0
3190 -0.06577122032509083 -0.7409168011105222 0
3191 -0.05035732352343756 -0.73263220515703 0
3192 -0.05036359683983847 0.7326257209356961 0
3193 -0.06577269964453422 0.7409135168404306 0
3194 -0.952106951174212 0.3709556234772123 0
3195 -0.9377880027360386 0.383502236866014 0
3196 -0.9532017888429065 0.3856217804773754 0
3197 0.0390183546868267 -0.5664795266039955 0
3198 0.04657021563955129 -0.5557367191999141 0
3199 0.03116618485142156 -0.5527201556889957 0
3200 0.9568004312511036 -0.1914624823250701 0
3201 0.9374744976247165 -0.195368827918651 0
3202 0.5946876664138667 0.06034382508241726 0
3203 0.5913907687960758 0.04674462161873531 0
3204 0.6066684030048926 0.04760232409664718 0
3205 -0.9414126107747478 0.528978614750435 0
3206 -0.9570319039682145 0.5429285835945117 0
3207 -0.9573538340772543 0.5284229125131247 0
3208 -0.04546878803111713 -0.4060935091336595 0
3209 -0.04727363732718716 -0.3915604796463433 0
3210 -0.06148287033781522 -0.3983785122633369 0
3211 0.820097749223728 -0.9455531635174488 0
3212 0.8094082798590964 -0.9639011338326455 0
3213 0.824248791398014 -0.9601947650015765 0
3214 0.9076930929435056 0.9366522352649014 0
3215 0.9185791746279928 0.9548946435689394 0
3216 -0.2517056831091697 0.07138822178680825 0
3217 -0.260563850609414 0.08314410422978935 0
3218 -0.2655448320235199 0.06779444105929559 0
3219 -0.7635392648199198 -0.9201688128506309 0
3220 -0.7716123049759254 -0.9342287432386477 0
3221 -0.7548104572725569 -0.9319297447029417 0
3222 -0.9360846231965859 -0.9502129989530455 0
3223 -0.9314240173631569 -0.9683031428493758 0
3224 -0.9195725454000774 -0.9527506884369044 0
3225 -0.9591726474853058 0.1948960284405137 0
3226 -0.9432119454235466 0.2034707911876125 0
3227 -0.8753643070985025 0.1306316726023082 0
3228 -0.8590849237861089 0.1339271903451496 0
3229 0.9008103516821178 -0.1645817340879548 0
3230 0.918729354230134 -0.167234148346647 0
3231 0.9080160972795224 -0.1521243546654967 0
3232 -0.7210248011828806 0.0602389327402913 0
3233 -0.727862825345289 0.07492931353288096 0
3234 0.02720250841622571 -0.1333164432910953 0
3235 0.02311386586690291 -0.1173450922119102 0
3236 -0.9690127511671581 0.390730158664817 0
3237 -0.9546938027289847 0.4032767720536186 0
3238 -0.5407783987522787 0.9561187351889824 0
3239 -0.5266038339193775 0.9685787562327389 0
3240 0.4207328313158752 -0.9555921454852904 0
3241 0.4246326664807095 -0.9711650463796865 0
3242 0.4385858367812799 -0.9561139852136832 0
3243 0.4207328295392715 0.9555921453610192 0
3244 0.4385858346944627 0.9561139849103647 0
3245 0.4246326661737853 0.9711650462008019 0
3246 0.9446184465183243 -0.03651937370967638 0
3247 0.9324395933425329 -0.05130159107787356 0
3248 -0.8368788842301893 -0.1020721698685512 0
3249 -0.8237777286117942 -0.1020139773159743 0
3250 -0.8314920272189646 -0.08753411249378561 0
3251 0.07816220262430582 0.241093752112179 0
3252 0.07316519372169396 0.2562747503047583 0
3253 0.8538254089061331 -0.9145015854386238 0
3254 0.8485385425485461 -0.9342822806819825 0
3255 -0.08933143256275032 -0.1184664319072423 0
3256 -0.09493852588842083 -0.1343937573891001 0
3257 -0.08090451462432763 -0.1297087087366517 0
3258 0.954390005239232 -0.3938508243008604 0
3259 0.9692104338708051 -0.3869231071423336 0
3260 0.9533871589129157 -0.3772627713083662 0
3261 -0.867537661417361 0.9553050870619521 0
3262 -0.8500015507847195 0.955992698392147 0
3263 -0.863819821570419 0.9713308179814886 0
3264 -0.2276593842966676 -0.04660200842387273 0
3265 -0.2167060839180064 -0.03251344932737889 0
3266 -0.6353738577932376 0.9534161248276878 0
3267 -0.6499087993407497 0.9505798846552609 0
3268 -0.6386904963878268 0.9372486257843751 0
3269 0.9571867408070008 0.8295338617790552 0
3270 0.9521837464101091 0.842325907393507 0
3271 0.9408395230612038 0.8280772014873348 0
3272 0.3042448518925216 -0.03249600788579737 0
3273 0.3134434372177971 -0.04539761813418251 0
3274 0.3183833012319111 -0.03005430413593373 0
3275 -0.6780632045471504 0.01263973217629357 0
3276 -0.6682819966954692 0.02497425651990066 0
3277 -0.6822963731982497 0.02800771462790429 0
3278 0.8992541177575641 -0.973422921422786 0
3279 0.9156536139739371 -0.9616155216566116 0
3280 0.1130798211590598 -0.8354947670169208 0
3281 0.1216937064084202 -0.8497642659232748 0
3282 0.1130798201158847 0.8354947652359519 0
3283 0.1216937051676426 0.8497642641367809 0
3284 0.2761906626461035 0.06063907015486675 0
3285 0.2700705504347742 0.07496911530132515 0
3286 -0.9711023768878955 -0.6285519705725163 0
3287 -0.95693509754409 -0.6396948720545421 0
3288 -0.9556075729271429 -0.6235299924671213 0
3289 -0.9565427345944555 -0.510022989058083 0
3290 -0.9723122066860074 -0.5239737368937472 0
3291 -0.06755953476361495 -0.1276004174901632 0
3292 -0.07316662808928547 -0.1435277429720209 0
3293 0.841504267728588 -0.9577595134606539 0
3294 0.8308147983639563 -0.9761074837758508 0
3295 -0.9547630234824378 0.5890513960274448 0
3296 -0.9542441928124551 0.6070459841989932 0
3297 -0.9701243759814737 0.594265774613401 0
3298 -0.9547630235263141 -0.589051396286244 0
3299 -0.970209029461121 -0.5943291387122996 0
3300 -0.9543288463361415 -0.6071093485590398 0
3301 0.1392845810963222 0.07416260159023708 0
3302 0.1489178678530843 0.08499410769571253 0
3303 0.1349163399933093 0.08771599629962275 0
3304 -0.2445272520819167 -0.06874338792315007 0
3305 -0.2607942939247248 -0.06526472128577268 0
3306 -0.2550708634493606 -0.07995216209246928 0
3307 -0.8142528616003228 -0.1110095636406313 0
3308 -0.8088660045890983 -0.09647150626586572 0
3309 -0.5134202601489641 0.02051894505072727 0
3310 -0.5019692277628296 0.0215313604794964 0
3311 -0.5107950958375772 0.03474766812513344 0
3312 0.05991154530284785 -0.7153166275176079 0
3313 0.07309425997139857 -0.7051707082701504 0
3314 0.056875610695741 -0.7004896396534102 0
3315 0.9834578735236902 -0.7710487683112734 0
3316 0.9834578735236902 -0.7879979208535992 0
3317 0.9857818869336428 -0.80499330352732 0
3318 0.969239760457333 -0.7963810548888299 0
3319 -0.540781439924845 -0.9563252776294429 0
3320 -0.5269055573869051 -0.9721276718306588 0
3321 -0.8538151523471977 -0.09916693327352299 0
3322 -0.8461008537400273 -0.1136467980957117 0
3323 -0.2313944870579108 -0.07287310319738416 0
3324 -0.237117917533275 -0.05818566239068756 0
3325 0.1824946012245881 -0.9017003211371359 0
3326 0.1781586068852869 -0.9173866926163299 0
3327 0.1957443904051783 -0.9121357525921383 0
3328 0.1824945991457585 0.9017003196995994 0
3329 0.1956999426205568 0.912148041879825 0
3330 0.1781141591349397 0.9173989817121855 0
3331 -0.8173786839494968 -0.901816104724374 0
3332 -0.823584343545119 -0.9173969930498698 0
3333 -0.8060143839334364 -0.9120247038169051 0
3334 0.5324758410897612 -0.04550287986076919 0
3335 0.5298451602094616 -0.02956152566586344 0
3336 0.5190840222299919 -0.04267503301058062 0
3337 -0.4865142972739124 -0.04476676797465474 0
3338 -0.4973716596930701 -0.04682975794954196 0
3339 -0.488985730769138 -0.06035797650843489 0
3340 0.8029374422010314 0.9097664746674754 0
3341 0.7992670844419894 0.9233624089380972 0
3342 0.7847662059651224 0.9154256851187405 0
3343 -0.2682800208284308 -0.09140368261034838 0
3344 -0.2821855114674136 -0.08790049914302325 0
3345 -0.38556080297186 0.04183481644963594 0
3346 -0.3995905497443162 0.04480427194351837 0
3347 -0.3964273177981342 0.02965929526714808 0
3348 -0.9567167557576323 0.5100240185613587 0
3349 -0.972336048951099 0.5239739874054354 0
3350 0.2404040488083244 0.08469945297744334 0
3351 0.226672274239565 0.07799168860466621 0
3352 0.7810561813660359 -0.9514853463499533 0
3353 0.7673553423266553 -0.93795733080878 0
3354 0.7657924123841535 -0.9564414191577119 0
3355 0.7007124361029969 0.06171707807856998 0
3356 0.7128669475734311 0.05145341194663564 0
3357 0.9555855520379262 0.254921047176253 0
3358 0.9556147248274092 0.2384680903931927 0
3359 0.97116478736247 0.2503393358811788 0
3360 0.1397760997483999 0.1547041877337841 0
3361 0.129916878700764 0.1466594701152906 0
3362 0.141866387308223 0.1379548637449971 0
3363 0.1185460318303573 0.154902069276008 0
3364 0.1206363193901804 0.1381527452872209 0
3365 0.870956573001607 -0.9151713258001071 0
3366 0.9402146019591464 -0.4273824447478181 0
3367 0.9563995030628338 -0.4401118202523719 0
3368 0.9558575889982992 -0.4255249605681827 0
3369 -0.952159353195871 0.8445473608164578 0
3370 -0.9611614814061475 0.8297813485534642 0
3371 -0.9429881933865936 0.8282448422962676 0
3372 0.02749161484931854 0.6733345486133512 0
3373 0.02701863699377945 0.6606551706409529 0
3374 0.04142774825233344 0.6677391697298605 0
3375 0.9380561848903715 -0.3694095269726118 0
3376 0.7995342839895617 -0.9102951305080751 0
3377 0.7848793088165144 -0.9172616886637774 0
3378 -0.883204946819752 0.9550675510638988 0
3379 -0.8693866760340525 0.9397294314745572 0
3380 -0.6353489738240047 -0.9536426131620248 0
3381 -0.6385557973079472 -0.9378031666383951 0
3382 -0.6497828213181591 -0.951111119131281 0
3383 0.4711324469304833 -0.07110010340624637 0
3384 0.4787805129068573 -0.05509931891834265 0
3385 0.9544790041904587 0.3939909552269977 0
3386 0.9535237375593271 0.3773655968907403 0
3387 0.9693728793189669 0.3871037889762434 0
3388 0.4061324876915573 0.9549719395833167 0
3389 0.4200856562122347 0.9399208782928796 0
3390 -0.1719721396485119 0.1214552675700947 0
3391 -0.172929325979652 0.107352181037338 0
3392 -0.1580987266318402 0.1155917966620789 0
3393 -0.2446483681460083 0.06236901951417395 0
3394 -0.2396673867319024 0.07771868268466772 0
3395 -0.9229312042937521 -0.1461078806101752 0
3396 -0.915423511766392 -0.1559196467290255 0
3397 -0.9085973231994747 -0.1396194738485733 0
3398 -0.1870332101773671 0.1275445287907734 0
3399 -0.1722026108295552 0.1357841444155143 0
3400 0.4200685733734711 -0.9402406188063653 0
3401 0.4061154030729007 -0.9552916799723686 0
3402 0.7472804132751312 -0.9580656611948382 0
3403 0.7609812523145119 -0.9715936767360114 0
3404 0.2704795351819612 -0.9198647642524953 0
3405 0.2557136084856482 -0.9311207957382133 0
3406 0.268605933795486 -0.9353162914212585 0
3407 0.7425080062791365 -0.05621563077679639 0
3408 0.2704251243394403 0.9196812569999114 0
3409 0.2685885877077998 0.9352065306452491 0
3410 0.2556765437253147 0.9310470489898311 0
3411 0.5774589846447835 0.04614855860904931 0
3412 0.5894397212358093 0.03340705762327922 0
3413 -0.7576012949202698 -0.9096101204012481 0
3414 -0.7744031426236384 -0.9119091189369541 0
3415 0.8559806457760213 0.8705698285417197 0
3416 0.8450584135493762 0.8834211289724394 0
3417 -0.952211801495457 -0.371034047826318 0
3418 -0.9536425837724085 -0.3856883576020875 0
3419 -0.9381239472836845 -0.3834903903134242 0
3420 -0.617051068008966 0.9551774995937988 0
3421 -0.628269370961889 0.9685087584646846 0
3422 -0.6170343124708844 -0.9553765032128639 0
3423 -0.6282613364810962 -0.9686844557057498 0
3424 0.1168819709191288 -0.1786212445820008 0
3425 0.1104818025302095 -0.1649947940063654 0
3426 0.1028228294854968 -0.1800597810815268 0
3427 -0.9701243759814737 0.6281640796980531 0
3428 -0.9553354300275887 0.6230518948657764 0
3429 -0.9558542606975715 0.6389556117788799 0
3430 0.9523609434120508 -0.1043188113375447 0
3431 0.9399658990006304 -0.1188673163782211 0
3432 0.9570973925712488 -0.117750443425764 0
3433 0.123552842079489 -0.1934539456916364 0
3434 0.1312118151242016 -0.178388958616475 0
3435 0.1235528428894735 0.1934539442134059 0
3436 0.118524794872723 0.1785475120926477 0
3437 0.1328546391576915 0.1783152262248359 0
3438 0.8560114245463055 -0.870602616420925 0
3439 0.8434186621377848 -0.8846983519425858 0
3440 0.9381663534636462 0.3695145342747089 0
3441 0.9405144044358507 0.4273682325761196 0
3442 0.9561573912060131 0.4255107447439739 0
3443 0.956399503137734 0.4401118242376738 0
3444 0.005152012332288207 -0.5975185365718734 0
3445 0.01834750329567903 -0.5996028120020459 0
3446 0.01735598595848075 -0.5851368279789908 0
3447 -0.9169763533222046 -0.1664546407364518 0
3448 -0.9026424722279273 -0.1599662339748499 0
3449 -0.9395865685771236 -0.587217823227876 0
3450 -0.9554667517021032 -0.5744376133811357 0
3451 -0.9388706533861635 -0.9342819644514657 0
3452 -0.9507221253492433 -0.9498344188639372 0
3453 0.3485259324170363 0.04554965508504613 0
3454 0.3351476531035946 0.05048280417017213 0
3455 0.3362206918135885 0.03499354933427242 0
3456 0.8220715918478373 0.06913750386287879 0
3457 0.8078289978197524 0.0682161433218989 0
3458 0.8191487386874785 0.05602779193142476 0
3459 -0.9556034692990407 0.5741750681735787 0
3460 -0.9397232861300221 0.5869552777591709 0
3461 0.1999866652843878 0.1197840276305024 0
3462 0.1838187334631121 0.1282664325300409 0
3463 0.1844909326857095 0.1139494962579862 0
3464 0.1564363138072526 0.1104897017813115 0
3465 0.1501650835625104 0.1261710236420141 0
3466 0.1382783965053292 0.1142288242658009 0
3467 0.1600243046101463 0.1342157412605077 0
3468 0.9560587352945145 0.4872881375532581 0
3469 0.9710392114733803 0.4928405693040184 0
3470 0.9564547401166013 0.5055524356722922 0
3471 0.9560587352965817 -0.4872881336398297 0
3472 0.9564547396903587 -0.5055524310362867 0
3473 0.9710392110452332 -0.4928405685843548 0
3474 0.9549429840458667 -0.4081533725992283 0
3475 0.9711278851495541 -0.4208827481037822 0
3476 -0.05594496487926381 -0.4856888499390729 0
3477 -0.0446734425573334 -0.473097031258407 0
3478 -0.8409736836216588 -0.129009689767813 0
3479 -0.8579099517386674 -0.1261044531727848 0
3480 0.01966023378362835 -0.6122207595753819 0
3481 0.03186420740982089 -0.5998390509824993 0
3482 -0.940161566992336 -0.6182522500410657 0
3483 0.1867216544562304 -0.8872524081880921 0
3484 0.1691358709363389 -0.8925033482122837 0
3485 0.1691358690074449 0.8925033466835623 0
3486 0.1867216524930621 0.8872524068512019 0
3487 -0.06114607947526697 -0.6330236888740579 0
3488 -0.05059813943035534 -0.645582145637257 0
3489 0.1475098864703298 -0.9558299289695338 0
3490 0.1533479126305207 -0.9706947064654452 0
3491 0.1640915800428534 -0.9560313552125757 0
3492 0.95988565571762 0.8127743135236565 0
3493 0.9712298790665252 0.8270230194298287 0
3494 0.9579754522081261 0.2717553156511233 0
3495 0.942425389673065 0.2598840701631371 0
3496 -0.8132229000852115 -0.8872496253772469 0
3497 -0.8307928596968941 -0.8926219146102116 0
3498 0.2856955602476232 0.9373117346170005 0
3499 0.2709469796334975 0.9486775266069202 0
3500 0.1709757208995599 0.1072898588304481 0
3501 0.1871436527208356 0.09880745393090959 0
3502 0.124038371040931 -0.8074442298480032 0
3503 0.1190586568245594 -0.8214934866478012 0
3504 0.1329029729620745 -0.8208275984604155 0
3505 0.124038370201124 0.807444228338243 0
3506 0.1329029719492677 0.8208275969354488 0
3507 0.1190586558718382 0.8214934850091233 0
3508 -0.7564227457014367 0.9548459142412367 0
3509 -0.7634391378010048 0.9707974721011254 0
3510 -0.7730889612127538 0.9549481865106436 0
3511 0.8340564616514641 0.07065567681319143 0
3512 0.8227367207837379 0.08284402820366557 0
3513 0.01740276700564116 -0.6783192646323977 0
3514 0.03222839305176698 -0.6851105261269754 0
3515 0.2803155271008652 0.0464361547576564 0
3516 0.3085876771928091 0.04223904049728815 0
3517 0.3192467597345883 0.05436731212840613 0
3518 -0.2263606789910186 -0.005530277964301149 0
3519 -0.2217359630247008 -0.01954233704567235 0
3520 0.9712871268762819 -0.1208802815645109 0
3521 0.9588920824648615 -0.1354287866051873 0
3522 0.08897130500000761 0.1533031360426528 0
3523 0.09582976530387005 0.142690014563295 0
3524 0.1024070122159113 0.1570084659272961 0
3525 0.5372915306653371 -0.05890146957132841 0
3526 0.5480526686448066 -0.04578796222661124 0
3527 -0.9210783475034032 -0.9174236846904241 0
3528 -0.9359230799612714 -0.9205232533606746 0
3529 0.9391197090879773 -0.3984930367652609 0
3530 0.4871601827105472 0.04239461647041362 0
3531 0.4784182612476044 0.0583953130430903 0
3532 0.4725372992138308 0.04390513349350184 0
3533 -0.7156066008192163 0.04591518714900958 0
3534 0.07197676849602011 -0.7977887873264635 0
3535 0.08632742058719471 -0.7942434001443255 0
3536 0.0777025719228365 -0.7823613886158718 0
3537 0.07197676805797178 0.7977887854272856 0
3538 0.07771761957650555 0.7823313524650852 0
3539 0.08634246807025385 0.7942133640046021 0
3540 0.5232376428802838 0.0005145246309914081 0
3541 0.5130560804539461 -0.0110962233004432 0
3542 0.5266349037760301 -0.01512293088424025 0
3543 -0.969189958898665 -0.3909162349937007 0
3544 -0.9551021046868924 -0.403372577480807 0
3545 -0.5197896430878921 0.007893593851002991 0
3546 -0.5286155111626396 0.02110990149664002 0
3547 -0.5965744523902872 -0.04405120589521299 0
3548 -0.5824475040258547 -0.04586533652704729 0
3549 -0.5847891857000072 -0.03225922536969574 0
3550 -0.6475408300259008 0.04559519845454972 0
3551 -0.6611821009217853 0.05093053305286169 0
3552 -0.658873894450684 0.03500690437319941 0
3553 0.05937345336721678 -0.5565014108264403 0
3554 0.05152128353181164 -0.5427420399114405 0
3555 -0.8000133366649719 -0.1197840287886283 0
3556 -0.8149250606876678 -0.1253264998387369 0
3557 -0.8000133347164942 0.1197840276309317 0
3558 -0.816073554892325 0.1281340706077005 0
3559 -0.8154013556691508 0.1138171343352032 0
3560 -0.8067961261039251 -0.07948776471675215 0
3561 0.2713995261250128 -0.9488539759192504 0
3562 0.2861654528213259 -0.9375979444335324 0
3563 -0.8520269905470038 0.896982700011161 0
3564 -0.8448953448132598 0.8831133751131444 0
3565 -0.8354386752985784 0.8949856997043115 0
3566 0.9553002192271142 0.4082481501974602 0
3567 0.9394510774674744 0.3985099581119571 0
3568 -0.6361428665391347 0.03713451503944172 0
3569 -0.638451073010236 0.05305814371910401 0
3570 -0.2903588367909137 -0.05784641214384584 0
3571 -0.286042317176483 -0.07328998337360262 0
3572 -0.2756544249065994 -0.0610299242253351 0
3573 0.1473899762924264 0.9558333187344796 0
3574 0.1637948476461296 0.9562459147103055 0
3575 0.1531043657225612 0.970901384664933 0
3576 -0.3757696882963 -0.9401139441885938 0
3577 -0.3822546668128622 -0.9550039906868842 0
3578 0.1042152192379163 -0.8221113984045085 0
3579 0.104215218367741 0.8221113966387462 0
3580 0.2977910303086411 -0.02302587366132468 0
3581 0.2928511662945271 -0.03836918765957346 0
3582 0.4954690201174867 0.01622283456780681 0
3583 0.5087507723501506 0.01930679643538941 0
3584 0.4945609729094375 0.03098839878840776 0
3585 0.9711853179289975 0.4209917418590145 0
3586 0.8227873434670594 -0.05358172938319486 0
3587 0.8341877809985425 -0.04195716432517596 0
3588 0.4819557978048617 0.01399982602952508 0
3589 0.4961455972455748 0.002318223676506725 0
3590 0.5161073971726157 0.06969106579968326 0
3591 0.5304496227862551 0.06980716682749211 0
3592 -0.4715262348291237 -0.04580000599663554 0
3593 -0.4799121637530558 -0.03227178743774261 0
3594 0.05250907042760979 0.2002056450258546 0
3595 0.06649070640449654 0.1923935002436397 0
3596 -0.116507136954001 0.7938906090541848 0
3597 -0.1091956033719549 0.8074422645589344 0
3598 -0.1232113298012673 0.8080225794027551 0
3599 -0.1165071339031947 -0.7938906033325218 0
3600 -0.1232113266347881 -0.8080225740134662 0
3601 -0.1091956001259703 -0.807442258805237 0
3602 0.8306402199357036 -0.084513727229424 0
3603 0.8422451956461777 -0.07085632995208634 0
3604 0.8266559979258216 -0.06983978284669562 0
3605 0.08153338890153181 0.1667237529301225 0
3606 0.07495614198949054 0.1524053015661214 0
3607 -0.4544169173992407 0.9707635014049323 0
3608 -0.4600484442492913 0.9560418971145694 0
3609 -0.4436143556457846 0.9556605616597398 0
3610 0.02708290041028427 -0.5753420332511203 0
3611 0.042486931198414 -0.5783585967620386 0
3612 -0.2314542450667713 0.09091368325326457 0
3613 -0.2243969301036098 0.08189448098063029 0
3614 0.1023857752582769 0.1806539087439358 0
3615 0.1116875715264949 0.1655151907553658 0
3616 0.04243173027499114 0.6956044582717761 0
3617 0.05582809869155599 0.6854972052080215 0
3618 -0.5498849328582522 0.06064003747686195 0
3619 -0.5565361784478857 0.04907505771036528 0
3620 -0.5423970371692668 0.04759068416820853 0
3621 -0.3899627184801899 -0.9695810629908246 0
3622 -0.3986970803557465 -0.9556031862657927 0
3623 -0.2968899233517279 -0.08471698706153399 0
3624 -0.09461895212972901 0.8049415674706468 0
3625 -0.1013231449769953 0.8190735378192171 0
3626 -0.1013231064404753 -0.8190736940932256 0
3627 -0.09461891370888184 -0.8049417234122812 0
3628 0.9452639085715968 -0.9501294195266603 0
3629 0.9300895237714287 -0.9386521746183246 0
3630 0.9311823853858894 -0.9575526149608986 0
3631 -0.939974077528553 0.6178375162798202 0
3632 0.8141301609696602 0.8720611723986142 0
3633 0.8270254826046092 0.8626091667054503 0
3634 0.8284193295843733 0.8765437415026206 0
3635 0.01158969518921233 0.3400225579231042 0
3636 0.02696739952407307 0.3373802909458914 0
3637 0.02236146274928997 0.3509455731846162 0
3638 0.2501721412481058 -0.06383638979239328 0
3639 0.235253132732309 -0.05792464423453924 0
3640 0.2403044548477176 -0.07285365791135812 0
3641 0.8111823677565853 -0.06723912666053253 0
3642 0.874930543206986 0.9125085749517323 0
3643 0.8582316009277202 0.9110463180444998 0
3644 -0.0852417849708985 -0.7506908802725658 0
3645 -0.07833199317901002 -0.7666944614298055 0
3646 -0.0723861800263543 -0.7513264146270163 0
3647 -0.08524172896556698 0.7506905627419411 0
3648 -0.07238608842911542 0.751325124983333 0
3649 -0.07833192882893444 0.76669306357835 0
3650 0.09539783603189708 -0.8088904584451531 0
3651 0.1011236394587135 -0.7934630597345613 0
3652 0.09539783533770729 0.80889045668936 0
3653 0.1011386868562411 0.7934330237271596 0
3654 -0.1852852291511694 -0.8733296906552914 0
3655 -0.1703226823720826 -0.877856664704781 0
3656 -0.1723011345798803 -0.862653568413684 0
3657 -0.1852852338904541 0.8733296937656616 0
3658 -0.1723011392568296 0.8626535717055623 0
3659 -0.1703226871504243 0.8778566678789983 0
3660 -0.3822249358459041 0.9550980172738485 0
3661 -0.3757665143170195 0.9402462408969871 0
3662 0.9076056942353943 -0.8109748307778502 0
3663 0.8927297420508221 -0.8084637577921912 0
3664 0.8972799464099476 -0.8242480169262969 0
3665 0.7866629728607224 0.1128846275791857 0
3666 0.8013726721319552 0.1044548399621014 0
3667 0.8028563816293555 0.118712379447268 0
3668 0.1204768086729633 0.09056735474725361 0
3669 0.1301100954297254 0.1013988608527291 0
3670 0.4139538894620517 -0.04879361717331235 0
3671 0.397775234788924 -0.04743857563161693 0
3672 -0.5553248360542782 0.9557823013408968 0
3673 -0.5616389444044949 0.9706063766748854 0
3674 -0.5716281102816265 0.955365159404054 0
3675 -0.555325268451341 -0.9558118075219036 0
3676 -0.5716310358506649 -0.9554357183325486 0
3677 -0.5616423059005844 -0.9707064415375974 0
3678 0.8141264106433459 -0.87208569117099 0
3679 0.8284209167142886 -0.8765780438368089 0
3680 0.8270308247268074 -0.8626189470196903 0
3681 -0.9580093717681137 -0.4963889845134375 0
3682 -0.9578466083832233 -0.4801014958379127 0
3683 -0.9714885226576715 -0.4892871037573066 0
3684 -0.9580260889715141 0.49638995910132 0
3685 -0.9714843747621182 0.4892858805102717 0
3686 -0.9578114931021554 0.4801007461579224 0
3687 -0.9505605821139288 -0.9201446732715663 0
3688 0.03098461937114644 0.6858721258556356 0
3689 0.01657550811259246 0.6787881267667281 0
3690 0.5144430441994103 -0.07097903464327099 0
3691 0.5077484281248144 -0.05501448840467937 0
3692 -0.03491206090534572 -0.3834996277097482 0
3693 -0.05092614321204381 -0.3757846308394256 0
3694 -0.7547785573360589 0.07031192854880364 0
3695 -0.75908758720949 0.05624649405344015 0
3696 -0.8568419197894477 0.8707297413320694 0
3697 -0.8402536045410223 0.8687327410252199 0
3698 -0.5699047146958028 0.05111552341533065 0
3699 -0.5780921401850085 0.06354342277934265 0
3700 -0.5839727807439401 0.05253453517565461 0
3701 0.7046603430830587 0.08616106379501477 0
3702 0.7185836253567146 0.08999462037608494 0
3703 0.7923752445541723 -0.9596144835237015 0
3704 -0.8762651478375814 -0.1926664429694068 0
3705 -0.8691232577991022 -0.1780670233451917 0
3706 -0.8832710919229424 -0.1775118065911206 0
3707 0.8961750745027133 -0.1796984953941784 0
3708 0.8854618175521016 -0.1645887017130281 0
3709 0.771102557914828 -0.9849847173494426 0
3710 0.7525905588058056 -0.9866089593865688 0
3711 0.9398001234971654 0.6023360375052307 0
3712 0.955593774250993 0.5976440996987884 0
3713 -0.9368901783039847 0.7257534017468578 0
3714 -0.9509180786099976 0.7139781132227507 0
3715 -0.9376505473334482 0.7088740676856373 0
3716 -0.9328260379515008 -0.1375323910937673 0
3717 -0.939652226518418 -0.1538325639742195 0
3718 -0.5782312223492989 -0.05958118380330774 0
3719 -0.5664459556590188 -0.04778920327779049 0
3720 0.7979655571717167 0.08997647167368601 0
3721 0.8141589659403496 0.09580422354176829 0
3722 0.7982850468081131 -0.07661713895559379 0
3723 0.794416392349351 -0.06035908549209303 0
3724 -0.5890510797308023 0.04190942031377812 0
3725 -0.597238505220008 0.05433731967779012 0
3726 0.04841218726824617 0.411951077700726 0
3727 0.06165175190086791 0.4155707967481401 0
3728 0.04858575208599109 0.4254634575649533 0
3729 0.01661322999850452 -0.1426443196891578 0
3730 0.03201765736776212 -0.146616200148302 0
3731 0.8012239968788835 -0.09114587022426744 0
3732 0.7844580214716492 -0.08426582905582794 0
3733 -0.6546407257995848 0.01963892192158869 0
3734 -0.4572632495570966 -0.970854618414468 0
3735 -0.4445917345240391 -0.9562830716177028 0
3736 -0.4619047561548403 -0.9560716598546912 0
3737 0.0566502810818021 -0.6847724949862286 0
3738 0.04346756641325139 -0.6949184142336861 0
3739 0.9700897452894188 0.5911055904302227 0
3740 0.9561982534782968 0.5816484451317806 0
3741 -0.506576237355003 -0.04054116736007541 0
3742 -0.5090476708502285 -0.05613237589385556 0
3743 0.3165104060719404 0.01197766607954753 0
3744 0.3267199601914687 0.02425140647172672 0
3745 0.3126328583806185 0.02765295802721923 0
3746 -0.04442512110428187 -0.5112726199437847 0
3747 -0.02879470585441444 -0.5123464704842391 0
3748 0.7725250939527191 0.04129468655206812 0
3749 0.7829564877716731 0.05306195440827417 0
3750 0.7688966989799919 0.05603417477746953 0
3751 0.07327271798263266 0.1813763172518103 0
3752 0.08728788099314971 0.1822741517283417 0
3753 0.8321630919144272 0.8928731346656035 0
3754 0.8095106655016406 0.9324935296572274 0
3755 0.7913394292657314 0.9381527401084925 0
3756 -0.492507837071763 0.0157135181586128 0
3757 -0.4898826727603762 0.02994224123301897 0
3758 -0.2946053539077654 -0.04353603605853543 0
3759 -0.3049932461776491 -0.05579609520680295 0
3760 0.9209792947289849 -0.8177343771443175 0
3761 0.9164290903698594 -0.8019501180102118 0
3762 -0.2520129789856227 -0.09488234924772578 0
3763 0.7930152451348871 -0.04573073309849 0
3764 0.7898666011081921 -0.03007897197854412 0
3765 -0.3899338020565238 0.9696919422022525 0
3766 -0.3986361365845663 0.9556135836725446 0
3767 -0.05400084787472326 -0.2962426431022858 0
3768 -0.04498342030421576 -0.2834591473951398 0
3769 -0.06043853253422103 -0.2833791425637608 0
3770 -0.9261509953762364 0.7375538851890272 0
3771 -0.9394185266527857 0.7426579307261407 0
3772 -0.5624168190068174 0.03806617010667724 0
3773 -0.1304770660707238 0.9511092858986119 0
3774 -0.1435351344015582 0.9605533775405466 0
3775 -0.1413169795134896 0.9436704381104717 0
3776 0.8827724433207512 0.2067792380412919 0
3777 0.8771900098699604 0.1920933807590783 0
3778 0.8904853135927195 0.193343537323083 0
3779 0.8305142480543234 -0.8941650960938854 0
3780 0.06711715523037413 0.7297471000781797 0
3781 0.05031491905400305 0.7255114744808304 0
3782 -0.3346976261998981 -0.04814500128183513 0
3783 -0.3212997926241812 -0.05228754904073825 0
3784 -0.3226375968702176 -0.03734317136258943 0
3785 0.5653274884080741 -0.9404703251193705 0
3786 0.5626206661579165 -0.9563060714951912 0
3787 -0.4804525507667465 0.03952013615322533 0
3788 -0.4899139414578131 0.04533797847410893 0
3789 0.9551938607573669 -0.5975992599185642 0
3790 0.9390851288673076 -0.6018589800970685 0
3791 -0.9260429409919092 0.7026713820045215 0
3792 -0.9400708412979222 0.6908960934804145 0
3793 0.8835784286953051 -0.2055715774724207 0
3794 0.8892531305756186 -0.1926597709352112 0
3795 0.8751518384923835 -0.1926172695564612 0
3796 -0.225366021985635 -0.0917116756983886 0
3797 -0.2106041694096551 -0.0887983130669521 0
3798 -0.2240419690305726 -0.08051746609841015 0
3799 -0.4706698260751309 0.03116358965662598 0
3800 -0.4707010947725678 0.04655932689771596 0
3801 -0.8901622578341016 -0.1667068074745909 0
3802 -0.8973041478725807 -0.1813062270988059 0
3803 0.3520842316898428 -0.05294262337807906 0
3804 0.342834049714543 -0.04151787555546518 0
3805 0.3368320685324865 -0.05438066220693276 0
3806 -0.3030249413140338 -0.01561566907600879 0
3807 -0.3132149479712639 -0.02710393541324009 0
3808 -0.2990497566372707 -0.02999745278426124 0
3809 -0.2549473073648375 -0.03923969412707731 0
3810 -0.2407921493206735 -0.04247229314963865 0
3811 -0.7831238442966876 0.08594792971731946 0
3812 -0.7805018495820097 0.07166095045242921 0
3813 -0.768898479501035 0.07810807442528689 0
3814 0.5400267226357993 -0.01795077773442883 0
3815 -0.4044115899116393 0.0584890501501289 0
3816 -0.4152781047379134 0.04631352896764105 0
3817 0.05010464777341322 -0.7247042206359511 0
3818 0.06632329704907079 -0.7293852892526913 0
3819 0.2415629783926397 -0.08636217404398358 0
3820 0.226643969876843 -0.08045042848612954 0
3821 0.1634572749453916 0.08179426474484917 0
3822 0.1590890338423787 0.09534765945423485 0
3823 -0.1178715435863533 0.9414644603144661 0
3824 -0.1200896984744219 0.958347399744541 0
3825 -0.05614699762836713 0.4553324585356683 0
3826 -0.04545619324032928 0.465934662488174 0
3827 -0.9053107993648503 -0.1912457085087982 0
3828 -0.9145262300449881 -0.2047185548940335 0
3829 -0.8996284126415593 -0.205584072600571 0
3830 0.05573687016446541 -0.5874500317115492 0
3831 0.04380141588792298 -0.596312538358674 0
3832 -0.2423791625468635 0.101094935526187 0
3833 -0.2271087059185709 0.1052707338221496 0
3834 -0.2384187249904408 -0.09944140645278698 0
3835 -0.2249809253695233 -0.1077222534213289 0
3836 -0.08691058297179385 0.2499095323081023 0
3837 -0.07680241427009671 0.2390832009655531 0
3838 -0.07219563310096394 0.2527655747238328 0
3839 -0.9391339829869334 0.8577692543081958 0
3840 -0.9235251768078494 0.8552070638014166 0
3841 -0.9286730946184658 0.8699654635503515 0
3842 -0.5939443999047302 0.9702296839844191 0
3843 -0.6019513348292087 0.9559745840775745 0
3844 -0.5859491535563215 0.9559341348311979 0
3845 0.5626253816620135 0.9565155676902422 0
3846 0.5653322019446159 0.940679821204675 0
3847 0.03529716631977758 -0.5281317351410395 0
3848 0.04835680952303572 -0.529270450365414 0
3849 0.0371148231754146 0.4081079134070454 0
3850 0.05018082299029143 0.3982152525902322 0
3851 -0.2126916993583748 0.08061393133746218 0
3852 -0.2209048410235059 0.06741893076886532 0
3853 0.9703793178338427 -0.5921184296724313 0
3854 0.9554577495749806 -0.581752016687985 0
3855 0.9222225930503917 0.08678121635142225 0
3856 0.9102770809577976 0.07461110569257015 0
3857 0.9262633336576688 0.07270997359264045 0
3858 0.9208680958972534 -0.2226578987007817 0
3859 0.9216503442991206 -0.2395519907381794 0
3860 0.931733384090784 -0.2284444342537206 0
3861 -0.9540995552269333 0.7830802144391302 0
3862 -0.9448456993258063 0.7991411268891668 0
3863 -0.9612441774979971 0.7974179175832377 0
3864 0.05974026218284553 0.3868042198519726 0
3865 -0.1429167954348011 -0.09176098435115559 0
3866 -0.1336924098033586 -0.1041923903855404 0
3867 -0.1304123097991632 -0.0896511509936096 0
3868 -0.9282661016907314 0.207276567206734 0
3869 -0.9327013125138343 0.1898753103979917 0
3870 0.9563514516718818 0.1482289420974457 0
3871 0.9431968174805345 0.1491585279643152 0
3872 0.9574885724599463 0.1365228062034566 0
3873 -0.4134362087978958 -0.955356745201708 0
3874 -0.4302087567495065 -0.9557996310055813 0
3875 -0.4231776799746849 -0.9706231443736062 0
3876 -0.4132220760377668 0.955104600735739 0
3877 -0.4221639157954601 0.9702948372755257 0
3878 -0.4290409890380409 0.9551919294103159 0
3879 -0.5198831136587706 -0.06662897194200262 0
3880 -0.5106785359968378 -0.07291756253146918 0
3881 -0.1628686287105847 -0.95098671173104 0
3882 -0.1752987399022549 -0.9407053740338733 0
3883 -0.178094398340635 -0.9579636414770201 0
3884 -0.4637643446469066 0.9413150890724147 0
3885 -0.5286891012515679 -0.05688851440436543 0
3886 -0.530319966398177 -0.07367370104197907 0
3887 0.09911640281511162 -0.2490237312248055 0
3888 0.1026628426990519 -0.2339974509603444 0
3889 0.08882916459680616 -0.2382669201549656 0
3890 0.09967542866488102 0.2480262623064231 0
3891 0.09203464958698088 0.2366116715967987 0
3892 0.1053093022877842 0.2333396700723095 0
3893 0.5575997716308043 -0.9713285507380749 0
3894 0.545733227182113 -0.9559614366546233 0
3895 0.2640116857475536 -0.06493401834093407 0
3896 0.258960363632145 -0.0500050046641152 0
3897 0.9075127406567494 -0.7788502733730029 0
3898 0.9182442296952347 -0.7890638319240074 0
3899 0.9227014804757152 -0.7727235336532661 0
3900 -0.7962805780261735 -0.9250367017643688 0
3901 -0.7900749184305513 -0.9094558134388732 0
3902 0.9352679928025017 0.9534431589316947 0
3903 0.9305687321823941 0.969023592661714 0
3904 0.5313987608730233 0.9570735256713034 0
3905 0.5239490575802739 0.9711177727137209 0
3906 0.5152978503637287 0.9569981712156488 0
3907 0.5317290934995189 -0.9569596337533708 0
3908 0.5153519917097473 -0.9569955327221439 0
3909 0.5243352308652293 -0.9710198148662801 0
3910 -0.152537407902159 -0.9587637161408067 0
3911 -0.1497417494637788 -0.94150544869766 0
3912 0.7591171603631051 -0.101400510838657 0
3913 0.7746816715782369 -0.1071232722478739 0
3914 0.7718324603272879 -0.09307179891528471 0
3915 0.2082894185679608 0.9086112642218807 0
3916 0.203908978557142 0.9243099262344666 0
3917 0.2039623153105252 -0.9242951785643985 0
3918 0.2082983096498264 -0.9086088070852045 0
3919 0.465625884523279 0.03092816978990081 0
3920 0.4568839630603362 0.04692886636257748 0
3921 0.9046016647056347 -0.1926528033101378 0
3922 0.9585532153256187 0.2097159918797044 0
3923 0.9403353835581256 0.2030619220485323 0
3924 0.2183926485673174 0.9347316007841808 0
3925 0.2058031726199133 0.9382683784421252 0
3926 0.205847619343454 -0.9382560889070979 0
3927 0.2184015385881021 -0.9347291434001639 0
3928 -0.6870618927120286 0.0423753064587496 0
3929 -0.6968431005637097 0.03004078211514251 0
3930 -0.9564613124859722 -0.4174699199782643 0
3931 -0.9707857493156324 -0.424738153554176 0
3932 -0.9565975819884558 -0.4336076186600202 0
3933 -0.9563008094343505 0.4173648363449854 0
3934 -0.9564505309057988 0.433593267661412 0
3935 -0.9706544865246847 0.4246135815574867 0
3936 0.1456647592068132 -0.1283594816559893 0
3937 0.1611781510575898 -0.1311254292309403 0
3938 0.1578204191904833 -0.1170912779791169 0
3939 -0.4638250358803117 -0.05977945848384898 0
3940 -0.4572229023594551 -0.04728447794693684 0
3941 -0.6090558216605573 0.9408819504405777 0
3942 0.2527938940366254 0.09379117136600165 0
3943 0.2391400549513495 0.1015096071103933 0
3944 0.2533766806143113 -0.09468336487114176 0
3945 0.2397161956434367 -0.1022801354459132 0
3946 -0.7458753648545098 0.09370204371856761 0
3947 -0.7599952870194857 0.1014981895950509 0
3948 -0.7574005520507368 0.0845989078136939 0
3949 0.9704478827478022 0.153566258416267 0
3950 -0.05886142853320235 -0.7569203822677619 0
3951 0.9559770491849344 -0.4728058294630986 0
3952 0.9413925778300599 -0.4855176919150304 0
3953 -0.0588628995079017 0.7569160176768394 0
3954 -0.7455720489921066 -0.094766377560685 0
3955 -0.7573309862095529 -0.08573786742826456 0
3956 -0.7602290393502491 -0.1015728161399523 0
3957 0.08834786664206733 0.2094258977063573 0
3958 0.08379607624720903 0.2264071598780654 0
3959 0.01744178608493131 0.4958485417744324 0
3960 0.008875348531926574 0.4833954426719927 0
3961 0.02200384224015573 0.4846337309451321 0
3962 0.9425862718117356 -0.2382290464401489 0
3963 0.03491833085037439 0.4818777790415016 0
3964 0.02635189329736966 0.4694246799390619 0
3965 -0.8905567729906894 0.7799988722625287 0
3966 -0.8829105274470144 0.7955816498893734 0
3967 0.9414298013411975 0.4852766225665587 0
3968 0.9560142726979768 0.472564756198285 0
3969 -0.4641343490997358 -0.9412911063286267 0
3970 -0.4768058641327934 -0.9558626531253918 0
3971 -0.1241271635688867 -0.152501434222274 0
3972 -0.1271725032027158 -0.1675088445469917 0
3973 -0.1144084111575653 -0.165015557849102 0
3974 -0.1227350894050884 0.1522074524583854 0
3975 -0.1119305604249126 0.1647848836128583 0
3976 -0.1260866562734243 0.1675722034668723 0
3977 0.9581219692454499 0.287901730289663 0
3978 0.9596221386650331 0.3030482325784889 0
3979 0.9463154592628481 0.2918648409268333 0
3980 -0.005741189876286892 -0.2401918063060596 0
3981 -0.02143853060255865 -0.237850860660831 0
3982 -0.01701802908914168 -0.2513599738955979 0
3983 0.06812257034716566 0.6755826255384794 0
3984 0.05419519776348219 0.6705039680327166 0
3985 0.9022841261616901 -0.1389434044788871 0
3986 0.9202031287097063 -0.1415958187375793 0
3987 -0.5939473742139421 -0.9703743490524157 0
3988 -0.5859497753425562 -0.9560496207572184 0
3989 -0.60194907625659 -0.9560936174613918 0
3990 0.08041159688488161 -0.2309994632032581 0
3991 0.07686515700094131 -0.2460257434677193 0
3992 0.06116004725070121 -0.5300351419919404 0
3993 0.5572685891216975 0.9714331565054761 0
3994 0.5454067606298846 0.9562755383541416 0
3995 -0.04553506360466613 -0.5411807128577266 0
3996 -0.05910876373531469 -0.544766707827665 0
3997 -0.04591034930483626 -0.5544382315965471 0
3998 0.06043249310153158 -0.6201598303840056 0
3999 0.04976809922760991 -0.6178536074680648 0
4000 0.0531492374751671 -0.6326094645438858 0
4001 -0.1979246121868387 -0.8952799466618243 0
4002 -0.2005503087165212 -0.9110482716431135 0
4003 -0.1859324734730542 -0.9043011119276776 0
4004 -0.1977905619198068 0.8952622338959283 0
4005 -0.1860252121673877 0.9040433651781552 0
4006 -0.2005089923031456 0.910772809134986 0
4007 0.7688935102565175 -0.07854306764661105 0
4008 -0.8671811941775637 -0.8219195352872897 0
4009 -0.8789707054694775 -0.8122670542897706 0
4010 -0.8840345868241343 -0.8274082479185416 0
4011 0.07962023681127589 0.3333076381571991 0
4012 0.06876106732806901 0.3241464907620133 0
4013 0.08207827608693777 0.3191482810190753 0
4014 0.0797135574828953 -0.6661399803830163 0
4015 0.06827399738001347 -0.6754665547934233 0
4016 0.08149788546717356 -0.6810171459955456 0
4017 -0.9283784623420559 0.6720496835625699 0
4018 -0.9405418908890777 0.6742790414468365 0
4019 -0.9404571182747503 0.6616353172101077 0
4020 0.0451141463758723 -0.60893048593201 0
4021 0.03783089074950782 -0.6213801200918903 0
4022 -0.09463935343792731 -0.2612554539604077 0
4023 -0.08345733525498159 -0.2490223817350102 0
4024 -0.09721635581969966 -0.2461211115707686 0
4025 -0.09535108694349792 0.2609730480108324 0
4026 -0.09995786811263069 0.2472906742525528 0
4027 -0.09384713128550584 0.7384842201795825 0
4028 -0.09979297168532487 0.7538521587745992 0
4029 -0.09384717195185846 -0.738484321759076 0
4030 -0.09979298510451418 -0.7538523685618651 0
4031 -0.2583861048999577 -0.9576152791439674 0
4032 -0.2522614789607118 -0.9728899744829201 0
4033 -0.2418502335657944 -0.9584891335887213 0
4034 -0.2585353894035377 0.9577417340998543 0
4035 -0.2419292326403708 0.9585596565408059 0
4036 -0.2524006187876823 0.9729870729969572 0
4037 -0.9573072710064874 0.8593057605653925 0
4038 -0.6090367135994985 -0.9410517749176668 0
4039 0.9685599236631433 -0.3168524960053498 0
4040 0.9597095712954193 -0.302730973425124 0
4041 -0.02423710233507181 -0.438337154783985 0
4042 -0.01331463778927009 -0.4368531402859068 0
4043 -0.0240618684171596 -0.4254068002876209 0
4044 0.9316178301888253 -0.7958233782904749 0
4045 -0.07057261420265674 -0.253726899981903 0
4046 -0.07314961658442909 -0.2385925575922639 0
4047 -0.03649796775782673 -0.43947447718351 0
4048 -0.02575073712993722 -0.4509208171817958 0
4049 0.7921618503968756 0.9600921110708962 0
4050 0.7760161693877046 0.962033538088326 0
4051 0.7854373293162116 0.9492252878450524 0
4052 0.95806908849369 -0.2873308140058788 0
4053 0.9458834856408033 -0.2907689922837021 0
4054 0.9712821316103111 0.2829387073027789 0
4055 -0.9335685195882524 0.267848206378564 0
4056 -0.935420779467817 0.2851062981369695 0
4057 -0.9467014251047681 0.2733800519745126 0
4058 -0.9338913527870888 0.8842683717155909 0
4059 -0.9182825466080047 0.8817061812088117 0
4060 -0.373411807791352 0.03422554687284336 0
4061 -0.376575039737534 0.04937052354921365 0
4062 -0.9500073249775839 -0.8496259125310095 0
4063 -0.9557094506890658 -0.8623615327575771 0
4064 -0.9386079900579231 -0.8623538633355663 0
4065 0.9576503076984734 0.769362227533131 0
4066 0.9573305433218233 0.7525554336640369 0
4067 0.9726784313308029 0.7611582690573391 0
4068 -0.04860187163596698 0.4948655889309642 0
4069 -0.03719717382865985 0.5035682078147289 0
4070 -0.04860501426357787 0.5100048380715634 0
4071 0.07033658457238874 -0.3224932557504372 0
4072 0.05948631866935641 -0.3120080405687458 0
4073 0.05671987876189209 -0.3260002587060604 0
4074 -0.9418129499128236 0.238497004106231 0
4075 -0.9578680638161585 0.2464939492290029 0
4076 0.5001062669607752 0.07011323905514107 0
4077 0.5090422749561613 0.05646262276454427 0
4078 -0.1868291874209223 0.09982755024849144 0
4079 -0.1729557744042506 0.09396407934047565 0
4080 0.3501090397055485 -0.02882165313574656 0
4081 0.3348568765481922 -0.03025969196460025 0
4082 -0.3254397831420042 -0.9574520999045488 0
4083 -0.3226816263277936 -0.9406707488867689 0
4084 -0.8281505197667036 0.108127818265946 0
4085 -0.8120902995908728 0.09977777528917725 0
4086 -0.939195483361001 0.1067587759472157 0
4087 -0.9565713915735847 0.1134335269751257 0
4088 0.9733071444317793 -0.2841980812590095 0
4089 0.9594810587771632 -0.2722361001175876 0
4090 -0.9521494972306166 0.6804817271279523 0
4091 -0.9404898471100989 0.4122564581575439 0
4092 -0.4057281571305681 -0.9407796728977678 0
4093 -0.2166326344819309 -0.06995974056594764 0
4094 0.1297688773267688 0.9578146138357992 0
4095 0.1404593592503372 0.9431591438811717 0
4096 0.1405654551539122 -0.9431529035676214 0
4097 0.1298217877415795 -0.9578162548204909 0
4098 0.4531322741590105 -0.9564504190342613 0
4099 0.4492324389941763 -0.9408775181398652 0
4100 0.2032245690491704 0.9507250585325754 0
4101 0.188740899038995 0.9403033839828612 0
4102 -0.9568771815055575 -0.7442539580823013 0
4103 -0.944623723258261 -0.7313009350845717 0
4104 -0.9599646398584714 -0.7316347873853066 0
4105 0.09540706408310953 -0.1938285483821786 0
4106 0.08900689569419021 -0.1802020978065433 0
4107 0.9566080365139326 -0.5673234949371377 0
4108 0.9708401497990971 -0.559663149437442 0
4109 0.9568049796615732 -0.5507154579327275 0
4110 0.9565563489032292 0.5667401951717228 0
4111 0.9566974704630429 0.5507098633024177 0
4112 0.9708353460765363 0.5590796039939095 0
4113 -0.9155974789678321 0.7336413135384845 0
4114 -0.9181258273166332 0.7505458425177675 0
4115 -0.5507675646294103 0.940877517918151 0
4116 -0.9413592479803539 -0.8398596143971415 0
4117 -0.9584607086114967 -0.8398672838191523 0
4118 -0.9365441261206782 -0.8273192188874008 0
4119 -0.9360024101031359 -0.8105666794421564 0
4120 -0.9492709155967243 -0.81334844624004 0
4121 0.0303655172634258 0.3227887384913153 0
4122 0.04113728482350344 0.3337117537528273 0
4123 0.1889654750299579 -0.9402229877345321 0
4124 0.2034046983075347 -0.9506569525702975 0
4125 -0.5507701698749257 -0.941054554424394 0
4126 -0.7482002650328462 0.9420401652190675 0
4127 -0.7385504416210972 0.9578894508095492 0
4128 0.01589378818529581 0.3641737947043744 0
4129 -0.2769475960492955 0.9597511831109484 0
4130 -0.2664762099019841 0.9453237666547971 0
4131 -0.09442425728512079 -0.1963019304344337 0
4132 -0.101922917383068 -0.1826131887471661 0
4133 -0.1099550906934472 -0.1937117098610872 0
4134 0.4585309715655492 -0.9711650463796865 0
4135 0.4691775737784455 -0.9559285793058685 0
4136 -0.9409139373597157 -0.4122420425866511 0
4137 0.05486595309752385 -0.6698953293736992 0
4138 -0.7460327738275977 -0.06436324073376667 0
4139 -0.7344179659188073 -0.06703756475560152 0
4140 -0.7377767438949946 -0.05246937664037091 0
4141 0.9854943825675927 -0.7539213177312615 0
4142 0.9689522560912829 -0.7622582216350973 0
4143 -0.1711211914498626 -0.1379365605814005 0
4144 -0.1604381392936354 -0.1241928404236512 0
4145 -0.176580633836696 -0.1281296822527647 0
4146 -0.9723855356674327 -0.7271946224322277 0
4147 -0.9601320774201363 -0.7142415994344981 0
4148 -0.579635045206105 0.9411100594972094 0
4149 0.9446245016030725 0.7428347666532417 0
4150 0.9596526252354021 0.7346308081774497 0
4151 -0.45057730892328 -0.03486418321189602 0
4152 -0.4428761099744679 -0.04884363569910946 0
4153 0.09361083152897165 0.1318042674844582 0
4154 0.1070465387448754 0.1355095973691015 0
4155 -0.67760943957765 0.05501269124046325 0
4156 0.4492288406476172 0.941121454841817 0
4157 0.453128677282131 0.9566943556815997 0
4158 -0.9197899259727667 -0.8105944099402522 0
4159 -0.9325167154488128 -0.7966236372928914 0
4160 0.0202268708524383 0.5242302078790342 0
4161 0.01870952564541337 0.5076132508640729 0
4162 0.03208762500018539 0.5137037870625332 0
4163 -0.05957610399427513 -0.3060194958795264 0
4164 -0.04412099176426986 -0.3060995007109054 0
4165 0.75940446169708 0.898582175437983 0
4166 0.7752014676678843 0.8931888833389088 0
4167 0.77263955775336 0.9072230429471929 0
4168 -0.2402809618084673 -0.8986006543741037 0
4169 -0.2275353738252343 -0.9073402006106347 0
4170 -0.2252880354135386 -0.8932875601407293 0
4171 -0.240344103663293 0.8987151085789722 0
4172 -0.2251539852161727 0.8932698468389888 0
4173 -0.227464460502685 0.9074369395927424 0
4174 0.2013791509389902 0.09160385019924719 0
4175 0.1878639391528406 0.08494421277170908 0
4176 0.957751096624052 -0.9400973640769975 0
4177 0.9588439582385127 -0.9589978044195715 0
4178 0.9074641851313603 0.8034380807942199 0
4179 0.9014445272878153 0.8185963028191946 0
4180 0.8921042966404893 0.8069331231497968 0
4181 0.9308279987741052 -0.9730927665649473 0
4182 -0.4055132098271471 0.9405106758073349 0
4183 -0.02655044178412922 0.4964912931439412 0
4184 -0.02655358441174012 0.5116305422845404 0
4185 0.3588829738239202 0.03674866768134037 0
4186 0.3578099351139263 0.05223792251724008 0
4187 0.9853216033256469 0.4830508474561942 0
4188 0.9857176081477336 0.5013151455752283 0
4189 0.9853216033257282 -0.4830508474590609 0
4190 0.985717607719505 -0.5013151448555178 0
4191 -0.4346725158880913 0.9404703251199531 0
4192 0.7597105296765034 -0.8986138977741369 0
4193 0.7722970945312206 -0.9071009504875859 0
4194 0.774552941469774 -0.8930350666130845 0
4195 -0.9048985471545999 -0.1174078952051162 0
4196 -0.8998675602291113 -0.1309540890397545 0
4197 -0.8886610916568765 -0.1185542765151477 0
4198 0.01744266096669369 -0.6510771988351371 0
4199 0.03150904116313052 -0.6450077597874319 0
4200 -0.05665487513565193 0.4242471563780766 0
4201 -0.957623150408258 -0.2505790365786597 0
4202 -0.9425949444127958 -0.2453749283453597 0
4203 -0.9309651316243855 0.9602898549201102 0
4204 -0.9153527762450078 0.9639676184626139 0
4205 -0.9303712893849042 0.9745668197557991 0
4206 -0.659125115395266 0.9583902587892021 0
4207 -0.6624417539898551 0.9422227597458894 0
4208 0.2983781230732808 0.02996530010510895 0
4209 0.3400982395049104 0.01931825738660072 0
4210 0.3315520003380361 0.06492341787917985 0
4211 -0.2603930749782098 0.9320151336643221 0
4212 -0.2788052816239677 0.9340245826754161 0
4213 0.7648997224110452 0.06732093229477415 0
4214 0.7544683285920911 0.05555366443856809 0
4215 0.05541921530763166 0.3287130245991941 0
4216 0.05787725458329353 0.3145536674610703 0
4217 0.9711833462692621 -0.1862679800072509 0
4218 0.9583807745786745 -0.1739928113031599 0
4219 -0.7917645425537256 0.06727856529583194 0
4220 -0.7775391777580729 0.05943871000379936 0
4221 -0.4348502633472501 -0.9410166724458046 0
4222 -0.8682064431758434 -0.1367839075973361 0
4223 -0.8733336132942118 -0.1214210159252348 0
4224 -0.5796327378933128 -0.9411549867415246 0
4225 0.7400219998857828 -0.9320260686606785 0
4226 0.7238966451925786 -0.9350522134976151 0
4227 0.7359662186515686 -0.9459395484534752 0
4228 0.4585309712584371 0.9711650462008019 0
4229 0.4691739772115917 0.9561725161322541 0
4230 -0.985825643021281 -0.4985500080801177 0
4231 -0.9856628796363905 -0.482262519404593 0
4232 -0.9858494853157385 0.4985502585919466 0
4233 -0.9856348894463798 0.4822610456485489 0
4234 0.09412510433937779 0.1953064730656235 0
4235 -0.3468002638513362 0.05402421065842985 0
4236 -0.3331810833208314 0.05648737181702269 0
4237 -0.3447432156483807 0.06783407626721283 0
4238 -0.9710369934444463 0.4569193402203937 0
4239 -0.9568096845615506 0.4488123910216325 0
4240 -0.9570424700098639 0.4648897183681129 0
4241 0.4912122091294385 0.9708428124547612 0
4242 0.4835048907278946 0.9569537311619798 0
4243 0.5001408286694353 0.9571533369652847 0
4244 0.0818539220609012 -0.2673539670752891 0
4245 0.0709694706442834 -0.258610057338419 0
4246 0.06754066799231874 -0.2726708239942814 0
4247 -0.6347863709091 0.06369952775990052 0
4248 -0.6233884074223339 0.05523884434479253 0
4249 -0.2844153472505354 -0.03204776972130413 0
4250 -0.2025280757729289 -0.9255166841440896 0
4251 -0.2035112455377132 -0.9393231175795329 0
4252 -0.189541339767521 -0.9338758703444101 0
4253 -0.3266127815469807 -0.02296138765433697 0
4254 0.005581031937184214 0.5063749625909335 0
4255 -0.03399303495268986 -0.5365275821957201 0
4256 -0.04719144938316829 -0.526856058426838 0
4257 0.9684531896624817 0.3169438487600856 0
4258 -0.9429008203200072 -0.5008373811386891 0
4259 0.9853216033257282 -0.4661016949167349 0
4260 0.9860212450509933 -0.4479407273591542 0
4261 0.9713428483767215 -0.4564153036303172 0
4262 0.9853216033256469 0.4661016949137743 0
4263 0.9713428482795951 0.4564153037952562 0
4264 0.9860212449539483 0.4479407275240462 0
4265 0.1453300938419735 -0.8721161477784226 0
4266 0.1575396367540197 -0.882226009870651 0
4267 0.161153381255935 -0.8679455731710115 0
4268 0.1453300922370888 0.8721161461004814 0
4269 0.161153379611599 0.8679455716684282 0
4270 0.1575396349802384 0.882226008267218 0
4271 -0.3228161360682851 0.9412297264571526 0
4272 -0.3254173149071496 0.9576323078191914 0
4273 0.9305852704329376 0.7478097218231049 0
4274 0.9329073523465163 0.7298850963365178 0
4275 -0.8542644123164237 -0.8723754956648164 0
4276 -0.8420446567170001 -0.8824530834877625 0
4277 -0.8388568314320324 -0.8679778474401383 0
4278 0.7751937482565604 0.9400941671259222 0
4279 -0.2659329066453615 -0.9449797915405163 0
4280 -0.2763441520402788 -0.9593806324347152 0
4281 0.7324891160297728 0.0934978040317453 0
4282 -0.9430438740976694 0.5008388842090092 0
4283 -0.03548253070136254 -0.2727199951602342 0
4284 -0.02612966312721249 -0.2619316858571114 0
4285 -0.04206823738956349 -0.2598073375534921 0
4286 0.1522134048693253 -0.1045872248469059 0
4287 0.167726796720102 -0.1073531724218568 0
4288 -0.7450529951909473 0.9033239950844664 0
4289 -0.7561924318532025 0.9115962310871712 0
4290 -0.7596095388043129 0.8976709097272368 0
4291 0.768969199994318 0.9208189772178148 0
4292 0.7990554540714647 0.9727309779894178 0
4293 0.8084766139999718 0.9599227277461442 0
4294 -0.229513140881642 -0.9218086131116108 0
4295 -0.2145202144867134 -0.9164955188782362 0
4296 -0.2144097456873914 0.9164839537120307 0
4297 -0.2295998641345116 0.921929215452014 0
4298 0.9402857652579689 0.06750064851202334 0
4299 0.9283402531653748 0.05533053785317124 0
4300 -0.02904484604186477 -0.2855834956987591 0
4301 -0.883230442422001 -0.2051935164725147 0
4302 -0.8924458731021387 -0.21866636285775 0
4303 0.9712058419659086 0.5270770697738284 0
4304 0.9570919842584731 0.5356824368129134 0
4305 0.9573213585880316 0.5197102344621375 0
4306 0.491267200130221 -0.9708494602431734 0
4307 0.5002054432942649 -0.9571188888688269 0
4308 0.4835145143490281 -0.9569126352769473 0
4309 0.538042079647328 0.06117317149467054 0
4310 0.5434482972655813 0.0749398888130762 0
4311 -0.04733117700235326 -0.4199011782681761 0
4312 -0.0331219439917252 -0.4130831456511825 0
4313 -0.9514631713193381 0.9201759782203391 0
4314 -0.9408278658468067 0.9329290703098623 0
4315 -0.9579018175032632 0.9314159944803206 0
4316 0.9581192956009263 0.008902716553300468 0
4317 0.9439431875154422 -0.0002798830421248955 0
4318 0.9567082782637213 -0.008563498884799762 0
4319 -0.09924739898654034 0.1597302967304352 0
4320 -0.1025989658548763 0.1750950477389221 0
4321 -0.2182012430862091 -0.9428288870153974 0
4322 -0.2052145070808011 -0.9511880732157179 0
4323 -0.9711238890454486 -0.4569377336588569 0
4324 -0.9571472693673847 -0.4648919711212339 0
4325 -0.9569453991400521 -0.4488300896983088 0
4326 0.08903806588383975 -0.8716200660707671 0
4327 0.104901537510337 -0.8733955845870762 0
4328 0.104901549229221 0.8733955750289275 0
4329 0.08903807773973341 0.8716200563905567 0
4330 0.3113713981845942 0.08264828243752471 0
4331 0.2965874511880534 0.08472292620361707 0
4332 -0.688316613575052 -0.08308627231783708 0
4333 -0.6975420490071571 -0.07226529534683171 0
4334 -0.7021337487424343 -0.08566766257423727 0
4335 0.7822536780811341 0.08321426536384734 0
4336 0.7950399718895286 0.07456364894351425 0
4337 0.3116264113753379 -0.08313717167017703 0
4338 0.3019355935107342 -0.07230512532288644 0
4339 0.297400868810569 -0.08565659320066712 0
4340 -0.687806012205038 0.0830858912736661 0
4341 -0.7026766657030807 0.08477225208323416 0
4342 -0.04846452553397889 -0.2334266696153717 0
4343 -0.04649013267375884 -0.246158052044763 0
4344 -0.03468976267563349 -0.236287645820978 0
4345 0.7700368970232438 -0.9228405198248298 0
4346 0.04608539356019832 0.5223960648422884 0
4347 0.04456804835317339 0.505779107827327 0
4348 0.9368934103835675 0.9388143040138213 0
4349 0.9488829679379689 0.9529432531065958 0
4350 0.8771978305559986 0.8487370591500615 0
4351 0.8747479893699677 0.8335880329654963 0
4352 0.8885344799829754 0.8372403713593367 0
4353 -0.693678218493025 -0.05953448197782374 0
4354 -0.7074953536604072 -0.06211587223422393 0
4355 0.3077330619769553 -0.05881251283822125 0
4356 0.2935075194121865 -0.06133193436871134 0
4357 -0.9466250783975069 0.9575290713915695 0
4358 -0.9316065652576104 0.9469298700983844 0
4359 0.9420603778648033 0.5732787044402887 0
4360 -0.1245164467686111 -0.07765013394889414 0
4361 -0.1152920611371687 -0.09008153998327895 0
4362 -0.9657449749269885 0.8135190760338444 0
4363 -0.9749988308281154 0.7974581635838079 0
4364 0.4152542372865147 -0.9853216033256469 0
4365 0.4331072427519194 -0.9858434430540397 0
4366 0.4152542372897571 0.9853216033257282 0
4367 0.4331072424449482 0.9858434428750737 0
4368 0.9052378148664704 0.2618443495487938 0
4369 0.8999713422459465 0.2473854206009358 0
4370 0.9136075291917126 0.2508755801782677 0
4371 -0.9186636499680976 0.2650992454475972 0
4372 -0.9299442956050488 0.2533729992851402 0
4373 0.8779064280596672 -0.8477276865783604 0
4374 0.8873961501436474 -0.8360533325647925 0
4375 0.8729142721413953 -0.8334112979542059 0
4376 0.9044361895031214 -0.2620106265922227 0
4377 0.9140279045593724 -0.2497162622936092 0
4378 0.9011933410493391 -0.2460598194838541 0
4379 -0.9269552748274119 0.8275346811066577 0
4380 -0.9359574030376885 0.8127686688436642 0
4381 -0.05715061600930156 -0.2030402380727444 0
4382 -0.06472432980552638 -0.214317039870582 0
4383 -0.05029886622917666 -0.2117322273823301 0
4384 0.6016949152553421 0.9853216033257282 0
4385 0.5838537745690027 0.9858365929207883 0
4386 0.601694915253133 -0.9853216033256469 0
4387 0.5838537747942654 -0.9858365927893213 0
4388 -0.2026443959349722 0.9252650849942576 0
4389 -0.1880728817743164 0.9338647639936146 0
4390 -0.2019736351585622 0.9395759085706592 0
4391 -0.1696198871456246 -0.8888821999387222 0
4392 -0.1566357925743355 -0.8782060776971148 0
4393 -0.1567150490493864 0.8782463631650543 0
4394 -0.1696991436830109 0.8889224852251535 0
4395 -0.06453241944446925 -0.1944002177082922 0
4396 -0.05010695586811953 -0.1918154052200403 0
4397 0.07744164789637931 -0.2196205227271227 0
4398 0.06547764030051445 -0.2273793460398764 0
4399 -0.08225200310900924 -0.3205102106802704 0
4400 -0.06937216131784613 -0.3115169742250389 0
4401 -0.08233580189589162 -0.3051558747261384 0
4402 -0.08257767001022588 0.3195355313254072 0
4403 -0.08416313163361712 0.3037209026631498 0
4404 -0.07152515911573938 0.3091073161320595 0
4405 -0.662204052784799 -0.9427108032280753 0
4406 -0.6589972293008565 -0.9585502497517051 0
4407 -0.08297626162133034 0.6808835490571188 0
4408 -0.07228063196740972 0.6907617336400709 0
4409 -0.08452001403301396 0.6957290734008901 0
4410 -0.08297626075335657 -0.6808835427951536 0
4411 -0.08451972675052714 -0.6957292741325037 0
4412 -0.07228034497510895 -0.6907619347802892 0
4413 -0.003951758990264553 -0.163861087051046 0
4414 0.01086710554898028 -0.1667655777661398 0
4415 0.006609514410796085 -0.1530395858312707 0
4416 -0.8986512753437748 0.9601669301391094 0
4417 -0.9005002899604664 0.9445912745517144 0
4418 -0.1780577034230715 -0.9136497826472033 0
4419 -0.1754320068933889 -0.8978814576659141 0
4420 -0.1755365970331392 0.8976777072013611 0
4421 -0.1782550274164781 0.9131882824404188 0
4422 -0.9219903546713427 -0.8606705463455878 0
4423 -0.261517319216268 -0.986008060019083 0
4424 -0.2449814478821046 -0.986881914463837 0
4425 -0.2616220318421876 0.9860845752780028 0
4426 -0.2450158750790206 0.9869024977189543 0
4427 -0.8980574331042934 0.9744438949747982 0
4428 -0.02341292346277869 -0.2251194782314397 0
4429 -0.01043232240094074 -0.26427263150234 0
4430 -0.9315106358795142 -0.1235781394942518 0
4431 -0.9482316581041801 -0.1313028228582962 0
4432 -0.7702545823643574 0.04911190291172141 0
4433 -0.7630656847874904 0.04153730180476494 0
4434 0.9848015014708456 -0.1950891644987592 0
4435 0.9863818447984165 -0.177619493476849 0
4436 -0.2601975502319336 -0.9318163276686233 0
4437 -0.2781555973722547 -0.9335816809593711 0
4438 0.9712361541928738 -0.5270799892069218 0
4439 0.9573392763033232 -0.5197111641275977 0
4440 0.9571402150571869 -0.5356862873537077 0
4441 0.676532928780139 0.05035526040109047 0
4442 0.6899697573190963 0.04314612647104835 0
4443 0.6856342447627368 0.05764866639354142 0
4444 -0.1874458426507854 -0.1258021906515836 0
4445 -0.1767627904945582 -0.1120584704938343 0
4446 0.9293541018671796 -0.9205698622217406 0
4447 0.9442779707234559 -0.9145183022424295 0
4448 0.9294610256334991 -0.9038591852800838 0
4449 -0.1611017053850973 0.144843096632618 0
4450 -0.160020285782512 -0.1469955124028819 0
4451 0.04641515707337403 0.2272068749670939 0
4452 -0.93319021038989 0.7696309189566848 0
4453 -0.9168724934101091 0.7663659827153081 0
4454 0.8334657451449529 0.1072228924785591 0
4455 0.8261438357439764 0.09732239649208092 0
4456 0.842043499988341 0.09426269714045638 0
4457 0.1398383649206951 -0.1669475050482893 0
4458 0.1414811891056625 0.1668737726715396 0
4459 0.9414225794374568 -0.5728043251832705 0
4460 0.8514238982194681 0.1430728163688189 0
4461 0.8551798425409478 0.1286492785852495 0
4462 0.8657643975759926 0.1388057143077947 0
4463 0.3256582912229167 -0.01735808171621511 0
4464 0.03960718426246949 -0.1743646131744477 0
4465 0.03615086881817705 -0.1607183406877074 0
4466 0.02488469439433336 -0.1695903490331048 0
4467 -0.9094905596037006 0.2359593656354757 0
4468 -0.9269080802926688 0.2357480431752641 0
4469 -0.9213592139114755 0.2210833704565665 0
4470 -0.344982251640204 -0.03932789504284708 0
4471 -0.3436444473941676 -0.05427227272099591 0
4472 0.162415129406916 -0.1464456825425295 0
4473 0.1745707893905861 -0.1351774788656571 0
4474 0.1720653850619242 0.1364648160485295 0
4475 0.7325559784703181 0.9599259062418467 0
4476 0.7345530877482034 0.9442117224910926 0
4477 0.7477598211429973 0.9549290229007024 0
4478 -0.9283493444340327 -0.1983028539420559 0
4479 -0.9226669577107418 -0.2126412180338287 0
4480 -0.7975223211856328 0.04630146316287602 0
4481 -0.8028839205722583 0.05974796750974036 0
4482 -0.8116043710281022 0.05099310582541428 0
4483 0.01553207219300936 0.6524708497774159 0
4484 -0.9370356359350885 -0.6788039837715902 0
4485 -0.9416586777239917 -0.663461401976938 0
4486 -0.9494772172932301 -0.6772568158469994 0
4487 -0.9424560074712163 0.4415636458091312 0
4488 0.5367499880266311 -0.9419371545104871 0
4489 0.08025379505472899 -0.3323974515734763 0
4490 0.0830202349621933 -0.3184052334361616 0
4491 0.1766306213313616 0.07764074693766768 0
4492 0.1908661195495163 0.07043714320600528 0
4493 0.07971355743181138 0.666139979551978 0
4494 0.08134645835988517 0.6811332167272829 0
4495 -0.1414843390255526 -0.1682245028628235 0
4496 -0.1317655866142313 -0.1807386264896514 0
4497 -0.1414843020525287 0.1682245309415851 0
4498 -0.1306797730723529 0.180801962096058 0
4499 0.141529522909956 -0.8322690520127716 0
4500 0.1415295217451812 0.8322690505042363 0
4501 0.8924704640662409 -0.7819077911844209 0
4502 0.8969277148467214 -0.7655674929136795 0
4503 -0.9038233895561741 0.1938270822588002 0
4504 -0.9102672717758986 0.1809372267551439 0
4505 -0.8963351925510536 0.1810832225968311 0
4506 -0.2036533128330183 0.9514347157620811 0
4507 -0.2182248269936741 0.9428350367627242 0
4508 0.07204941080190755 -0.2049856353354681 0
4509 0.06868045117540722 -0.1921098606724442 0
4510 0.05913873168551184 -0.2031246309007171 0
4511 -0.8266784089402337 -0.1335248834329182 0
4512 -0.827826903292522 0.13633245412554 0
4513 -0.552328852037115 0.9855117593058641 0
4514 -0.5686321262644634 0.9850946173690213 0
4515 -0.5523292862003939 -0.9855412653634763 0
4516 -0.5686350535997178 -0.9851651761741211 0
4517 0.04674014723589824 -0.1513904642896449 0
4518 0.532736848452222 0.9855965635846877 0
4519 0.5166359379429274 0.9855212091290331 0
4520 0.5330680307336222 -0.9854919579487535 0
4521 0.5166909289438506 -0.9855278569175265 0
4522 -0.1337709108931957 -0.8614876141645976 0
4523 -0.1203277446186259 -0.8631038983728671 0
4524 -0.1237584604764475 -0.8478988953290013 0
4525 -0.1338074094191488 0.8615381365955845 0
4526 -0.1237646828569791 0.847906736030406 0
4527 -0.1203704622146043 0.8631622578262522 0
4528 -0.2453592911030157 0.9280982594882143 0
4529 -0.2576883628249994 0.9167990755088334 0
4530 0.01178387126282127 0.6278783966438498 0
4531 0.02093901708587458 0.6169645763763336 0
4532 -0.7538542286765113 0.9281229725475779 0
4533 -0.768410772289877 0.9224698871903484 0
4534 0.08453830820950051 0.3050196482771733 0
4535 0.08395791758962159 -0.6951457787369582 0
4536 0.8728636448859 0.9585636072107131 0
4537 0.8782395541034961 0.9402371342304262 0
4538 0.5367555534133395 0.9421559368560695 0
4539 0.9423408824091657 0.5141578027113771 0
4540 -0.1309886093311128 0.8200599750549555 0
4541 -0.1309886058534989 -0.8200599699563609 0
4542 -0.04446717411069583 -0.8322893487934557 0
4543 -0.03639930205494379 -0.844703827693178 0
4544 -0.0297880242917521 -0.831340222509554 0
4545 -0.9632650802934879 -0.6533155421061421 0
4546 -0.9477702763327354 -0.648293564000747 0
4547 0.9853216033256469 0.144067796607797 0
4548 0.9851262794221554 0.1620408346874769 0
4549 -0.8622782169040148 0.8453265569396945 0
4550 -0.867217530321668 0.85948202395323 0
4551 -0.8772955677084728 0.8484594736487796 0
4552 0.9855678072864935 0.2605147903988826 0
4553 0.9855969800759765 0.2440618336158223 0
4554 -0.9426209623103919 -0.4415618561223972 0
4555 0.8753381698625371 -0.942964958213576 0
4556 0.873655747960688 -0.9605860843088959 0
4557 -0.4661016949167349 -0.9853216033257282 0
4558 -0.4487886732859337 -0.9855330150887398 0
4559 -0.4642390623226558 0.9855724184298809 0
4560 -0.4478049737191492 0.9851910829750513 0
4561 -0.3170532755073295 -0.06659792512604866 0
4562 0.1190652459602746 -0.9706636916730522 0
4563 0.1121208146438569 -0.9579866662711398 0
4564 0.1190318836145434 0.9706614459085937 0
4565 0.1121012665724542 0.9579872710552858 0
4566 0.8381263882739988 0.8535502148842725 0
4567 -0.1612002291348952 -0.8535946161961481 0
4568 -0.1612002335885652 0.8535946198837221 0
4569 -0.7693898195593707 -0.08029805491717493 0
4570 -0.7809965215791633 -0.06977570665955679 0
4571 0.8151511997785037 0.1260779987383492 0
4572 0.9705996707266198 0.01770535949779008 0
4573 0.9578345799783405 0.02598897534046495 0
4574 -0.9577461859383298 0.2636542004480469 0
4575 -0.9595984458178946 0.2809122922064524 0
4576 0.3017781318237519 -0.9404263600146741 0
4577 0.3052888177341198 -0.9525612878264464 0
4578 0.3181079044070189 -0.9418520189095962 0
4579 0.8381317301716875 -0.8535599948003048 0
4580 -0.9852523825266182 0.3991078293586642 0
4581 -0.98376036864054 0.381452837782421 0
4582 -0.3467454893644791 -0.9830464561283365 0
4583 -0.3647262541644609 -0.9844909337059581 0
4584 -0.3467510574747279 0.9831333122970678 0
4585 -0.3647274023529534 0.9845881879017782 0
4586 -0.858554644229665 -0.8333609888399485 0
4587 -0.8604967080032254 -0.1666255697780598 0
4588 0.9843233597041596 0.6352938297935435 0
4589 0.9847426330310576 0.6171099445319965 0
4590 0.9848335581390431 -0.6354663708417529 0
4591 0.9850577145081145 -0.6175421584859206 0
4592 -0.0435355449167351 0.8580949494099122 0
4593 -0.0364122359746322 0.8445946814838569 0
4594 -0.02885076239359547 0.8571587053556715 0
4595 -0.9853216033257282 0.5847457627130157 0
4596 -0.9848027726557455 0.6027403508845642 0
4597 -0.9853216033256469 -0.5847457627107134 0
4598 -0.9848874261354742 -0.6028037149835093 0
4599 -0.7815172753360733 0.04472951775512415 0
4600 -0.9872132515040102 -0.3471512132686698 0
4601 -0.9838652189920905 -0.3645821092515132 0
4602 -0.9710784704961006 -0.3558011191321377 0
4603 0.8975600894871276 0.184236541615987 0
4604 0.9031425229379184 0.1989223988982005 0
4605 0.04994826001145126 -0.0852133074479019 0
4606 0.03772462023566757 -0.09251561567235843 0
4607 0.566025858211354 0.05113846993055624 0
4608 0.5640748106510876 0.03780090593510015 0
4609 0.200711044845085 -0.1206898573603122 0
4610 0.1877207182436256 -0.1135679876429321 0
4611 0.1863241376427194 -0.126979095271448 0
4612 -0.05207251469632872 -0.3617708977043989 0
4613 -0.06443409111817015 -0.369831749640994 0
4614 -0.8923598677017512 -0.1407658551586048 0
4615 -0.04447645735891745 0.8322283330524379 0
4616 -0.02979167483577782 0.8312920889981973 0
4617 0.924188273037027 0.2397332264593382 0
4618 0.9294547456575508 0.2541921554071963 0
4619 0.9423588005546717 -0.5141587291830725 0
4620 0.9851066400985607 -0.3966708343055481 0
4621 0.9841037937722443 -0.3800827813130538 0
4622 0.7462390227334461 0.09766930157329061 0
4623 0.7439502701552849 0.08483323439732629 0
4624 -0.3567503204681934 -0.07769445213040484 0
4625 -0.3414987599588111 -0.07660558954365877 0
4626 -0.348611382463244 -0.06417824154673002 0
4627 0.6445150472948497 0.07767942685945017 0
4628 0.6554326020551315 0.06504742668611416 0
4629 0.6612798614634977 0.07748980049691956 0
4630 0.5051177472445149 -0.03907313420977361 0
4631 0.3482696559702678 0.9845277890088107 0
4632 0.3571362875728714 0.9709729570774315 0
4633 0.3647988349942198 0.9864451680686208 0
4634 0.3474676468483763 -0.9865171493409527 0
4635 0.364622359481761 -0.9863910855394407 0
4636 0.356157802942092 -0.9729082348803935 0
4637 -0.9732962331850611 -0.6937032217268436 0
4638 -0.9587035743667123 -0.7012004160615353 0
4639 -0.9594468343226757 -0.6851022033069598 0
4640 0.9827388653386644 0.3453673894834489 0
4641 0.9842088063439176 0.3632053170140156 0
4642 0.9634250472845745 0.4654572807014818 0
4643 0.9641246889128758 0.4472963133117537 0
4644 -0.9468429307827294 0.6488540510204888 0
4645 -0.9616318767366143 0.6539662358527656 0
4646 -0.1750853387527746 0.9245475130386495 0
4647 -0.1744145779763646 0.9388583366150509 0
4648 0.8451023762868705 0.1185397868866042 0
4649 0.8292027120425058 0.1215994862382287 0
4650 -0.6706904930552664 0.986580542149271 0
4651 -0.6634780988525455 0.9699542339985578 0
4652 -0.6538045549488816 0.9833736918492868 0
4653 -0.6706249495973231 -0.9866461579229435 0
4654 -0.6537964734938495 -0.9834752828274553 0
4655 -0.6634044739376901 -0.9701214407503989 0
4656 -0.1472701072759054 -0.8567315767919528 0
4657 -0.1438393914180838 -0.8719365798358185 0
4658 -0.1472701112891617 0.8567315803093187 0
4659 -0.1438758906467869 0.8719871021051648 0
4660 -0.7547328292012282 -0.07349161633790766 0
4661 0.8694127306522208 0.1800559848151033 0
4662 -0.329801904932308 0.9831333122970678 0
4663 -0.3200300232197264 0.9693499329925375 0
4664 -0.3122620165906238 0.9862166206954697 0
4665 -0.3297963368221531 -0.9830464561283365 0
4666 -0.3121641367884337 -0.986111736445842 0
4667 -0.3199265753036225 -0.9691581925741787 0
4668 0.8673745589640004 -0.1805798739072984 0
4669 0.0836995309534963 -0.9710532666134943 0
4670 0.08945548580918695 -0.9564908486955206 0
4671 0.07179074390013117 -0.9567100121853139 0
4672 0.9428129870851659 0.5433430279907268 0
4673 0.08364899034921325 0.9710642474997805 0
4674 0.07174336005014585 0.9567205946482371 0
4675 0.08945864256116148 0.956490450276537 0
4676 -0.1164896469879222 -0.2064647638278511 0
4677 -0.1239883070858694 -0.1927760221405836 0
4678 -0.1171243108709314 0.207387511576437 0
4679 -0.1229024938524286 0.1928393580406611 0
4680 -0.1095039443117514 0.1946977881571211 0
4681 0.6692647708705131 0.987227494463723 0
4682 0.6522408114091043 0.986138597006756 0
4683 0.660488633126135 0.973366091470479 0
4684 0.6693791653489629 -0.9866517562368102 0
4685 0.6605994457830902 -0.9727452675648723 0
4686 0.6522372295857296 -0.9860935113280621 0
4687 -0.7811353832652748 0.9296318770048989 0
4688 -0.783473586441966 0.9131051355444924 0
4689 0.9848335581390431 -0.6524155233840789 0
4690 0.9718523555943006 -0.6608250995976437 0
4691 0.9870187974552576 -0.6694265253670473 0
4692 0.9144045111364123 0.7493612234469109 0
4693 0.9261216603929685 0.7623108937636349 0
4694 -0.9749161347362659 0.8298215945540346 0
4695 -0.04349643367998746 -0.8582907878157688 0
4696 -0.02881728386104374 -0.8573416615318671 0
4697 -0.2452515798626017 -0.9279338665468888 0
4698 -0.2574742705894949 -0.9165357559657437 0
4699 -0.3613942203679558 0.05356608454052053 0
4700 -0.3498320880404064 0.04221938009033038 0
4701 0.9854421931746027 0.008784126625136864 0
4702 0.9851574775520171 0.02587038541230134 0
4703 -0.9853216033257282 0.6525423728823196 0
4704 -0.9730044015879991 0.6610617187882568 0
4705 -0.9876827982622708 0.6695362950594197 0
4706 -0.8462004405812855 -0.8970195628348896 0
4707 -0.7907426626526786 0.9593108104809176 0
4708 -0.7837262705531104 0.9433592526210288 0
4709 -0.9872132515040102 -0.3302020607262499 0
4710 -0.9744261059270691 -0.3220335213418353 0
4711 -0.9872128544230589 -0.3138653589187909 0
4712 -0.9871685411296645 0.3300683948151121 0
4713 -0.9870595097250259 0.3136626202659178 0
4714 -0.9742280508546904 0.3216971167740654 0
4715 0.08109307231465837 0.7330583751831982 0
4716 0.07164302075018057 0.7435438552253859 0
4717 0.05876565583798107 0.5291563565442854 0
4718 0.04628523248499308 0.5370810357794914 0
4719 -0.1743155701374707 -0.92689894059843 0
4720 0.9826123365889903 -0.3282230475851816 0
4721 0.985947587074153 -0.3106633467271326 0
4722 0.9827388653386644 0.328418236941029 0
4723 0.9857143243238174 0.310559510122262 0
4724 -0.2196533855040168 0.05619335009951509 0
4725 -0.216669579484185 0.0433203017548128 0
4726 -0.2062158042584392 0.05326533278099492 0
4727 -0.9862764866145488 -0.7023583443589307 0
4728 -0.9870197465705123 -0.6862601316043553 0
4729 0.7547731280413614 -0.9277965926325884 0
4730 0.7427035545823714 -0.9169092576767284 0
4731 -0.2140185530489776 0.1111158243022566 0
4732 -0.2118907724508432 -0.1135673436047751 0
4733 0.3012553494817222 0.9400161813671221 0
4734 0.3176430191680059 0.9413807549718918 0
4735 0.3044416218596045 0.9521473041834412 0
4736 0.1533125835223774 -0.8966739228196948 0
4737 0.1533125816329348 0.8966739211156155 0
4738 -0.9435841842192596 0.4719937969591612 0
4739 0.9865137933358162 0.7028847076418039 0
4740 0.9730855646665375 0.694274169170098 0
4741 0.9865717713307212 0.6863047157647365 0
4742 0.04962763488213597 -0.2135768402593162 0
4743 0.04625867525563565 -0.2007010655962923 0
4744 0.3313205034279419 0.9845277890088107 0
4745 0.3136388810115295 0.9871912390464285 0
4746 0.3229254861325069 0.9717190280552391 0
4747 0.3305184943059564 -0.9865171493409527 0
4748 0.3219289580173745 -0.9735016169571243 0
4749 0.3134443620146236 -0.9869844676161716 0
4750 0.8378887363647736 0.1464538453653464 0
4751 0.8484732913998182 0.1566102810878916 0
4752 0.3425887691330345 0.9531973890905521 0
4753 0.3307182000474038 0.9612837279029161 0
4754 0.3326998606315189 0.9454255389758469 0
4755 0.3710348641637338 0.07618956163092669 0
4756 0.3556759819896352 0.07481854119088391 0
4757 0.362811775881141 0.06240993036098862 0
4758 -0.6309232560328533 -0.07639557357670973 0
4759 -0.6403165804435682 -0.06530034085049122 0
4760 -0.6454942572055006 -0.07750294003426242 0
4761 0.3698741206090737 -0.07564629698913561 0
4762 0.3609657122653807 -0.06424991562317789 0
4763 0.3549906588514793 -0.07720179139550436 0
4764 -0.6279123175296639 0.07723920042371152 0
4765 -0.6429749831175661 0.075058499798023 0
4766 0.9429081017720224 -0.5433466328534033 0
4767 -0.7377932408054849 0.9853475999158592 0
4768 -0.7304780962660403 0.971704106367551 0
4769 -0.7214984147818375 0.9863565064516917 0
4770 -0.7376831202281993 -0.9860061684383412 0
4771 -0.7214081172058202 -0.986537807615207 0
4772 -0.7302776781112337 -0.9725439760535484 0
4773 -0.04476404210966557 0.782008645966713 0
4774 -0.05783849021628424 0.7813990530506409 0
4775 -0.05240184018586423 0.767937218735814 0
4776 0.7877718244973675 -0.1129683624308005 0
4777 -0.0447636488785964 -0.7820175194891331 0
4778 -0.05240151951322475 -0.7679461415952291 0
4779 -0.05783851759983746 -0.7814013736781601 0
4780 0.3669676934474372 -0.05138712897171031 0
4781 0.9641153831129354 -0.4473565804652359 0
4782 0.9634157413876703 -0.4655175480228166 0
4783 0.8878173241008888 0.1622523402474915 0
4784 0.9014815870137862 0.1565301071178172 0
4785 0.8985671430548263 0.1729354469111952 0
4786 0.1081638507984834 -0.2207582233113514 0
4787 0.1108103104840118 0.2201004423771502 0
4788 -0.7580916071774155 -0.05892342822267704 0
4789 0.6872756075640397 0.0689262120086121 0
4790 -0.7970341749354912 0.09248394855144809 0
4791 -0.809783339033044 0.08679463248219094 0
4792 0.9022721023282195 -0.8385644055504515 0
4793 -0.8759452328637889 0.8081087233916 0
4794 0.1013719592674523 -0.9585506561473462 0
4795 0.08946317221408723 -0.9442074017191657 0
4796 -0.747570358707405 -0.9457831947856075 0
4797 -0.7394973185513994 -0.9317232643975907 0
4798 0.08946415141565159 0.9442071088204798 0
4799 0.101369781714719 0.9585507616720231 0
4800 0.06073621431287864 0.1768431014454205 0
4801 0.9588259618037764 -0.7899810147800537 0
4802 0.961149975213729 -0.8069763974537745 0
4803 0.4203942851518823 -0.06082250714821701 0
4804 0.4288148149496259 -0.04856798350282535 0
4805 0.2257682055335312 0.1066816385915696 0
4806 0.5006088623597165 -0.008583566640805387 0
4807 0.5040061232554629 -0.02422102215603705 0
4808 0.2263443463421463 -0.1074521670035205 0
4809 -0.9723777941492553 0.01904430951400575 0
4810 -0.07516814648896888 -0.280159681197778 0
4811 -0.06615071891846139 -0.267376185490632 0
4812 -0.7733671364352885 0.1066702210754909 0
4813 -0.08448950447478959 -0.8307420404356568 0
4814 -0.07216564181970953 -0.8336372198122599 0
4815 -0.07442255736830675 -0.8194683380768728 0
4816 -0.08449036305834304 0.8307383897856087 0
4817 -0.07442259447807725 0.8194681772121621 0
4818 -0.0721664638016508 0.8336337262668414 0
4819 0.298984539494225 -0.9268886755166822 0
4820 0.2988969575560245 0.9265451854054509 0
4821 -0.773600888651181 -0.1067448476972841 0
4822 0.1170730763318381 -0.7949171563241014 0
4823 0.1080026608871358 -0.7802700980232739 0
4824 0.1170730756181482 0.7949171548360812 0
4825 0.1080177083506947 0.7802400621513232 0
4826 -0.6688804164829344 -0.01501971438579207 0
4827 -0.678976127114546 -0.02614999579419731 0
4828 -0.6649986128778558 -0.02938953889740743 0
4829 0.04589036680571021 -0.3295385348681506 0
4830 0.05674063270874254 -0.3400237500498421 0
4831 -0.8498347040725358 0.1578111582812118 0
4832 -0.8592312808340719 0.1692050046569414 0
4833 0.2232327773207315 0.04897516949624205 0
4834 0.2314482436335822 0.04106440120674733 0
4835 -0.9436681184778268 -0.4719938518773648 0
4836 -0.985249016699562 0.7720344347703193 0
4837 -0.9869607722749508 0.7543349142564902 0
4838 -0.9722097889745128 0.763657484619372 0
4839 0.3528478289469565 0.9453336014469158 0
4840 0.3508661683628413 0.9611917903739849 0
4841 0.5075905319621847 0.9431090899228673 0
4842 -0.7151328141932352 -0.03956150982754843 0
4843 -0.7019444620320393 -0.03801632363958625 0
4844 -0.7134457530789994 -0.02819277460191873 0
4845 -0.7547423933479047 0.9853475999158592 0
4846 -0.7714086088592218 0.9854498721852661 0
4847 -0.7546322727705251 -0.9860061684383412 0
4848 -0.7626114953493189 -0.9723716222513911 0
4849 -0.7706910869862313 -0.9863654538130497 0
4850 0.08757250829169583 0.2905245378386294 0
4851 0.07425330668592618 0.2954920231853456 0
4852 0.5652253931658521 0.06289600804238001 0
4853 0.5518412191721561 0.05454835536843085 0
4854 -0.06314444743857452 -0.7945813124285158 0
4855 -0.06909347131258331 -0.8080266953692217 0
4856 -0.0561496708392179 -0.8089181345127701 0
4857 -0.06314445992132851 0.794579944263653 0
4858 -0.0561496936807353 0.8089169969874674 0
4859 -0.06909346146197824 0.8080264609695804 0
4860 0.2626256639383493 0.9862348069529842 0
4861 0.245660235737186 0.9862716997052653 0
4862 0.2540486115378745 0.9725065066582494 0
4863 0.2626252797998275 -0.9862766030451993 0
4864 0.2540511690971057 -0.9725729446613303 0
4865 0.2456631774308042 -0.986296341616131 0
4866 -0.1020744508964229 -0.2326315113995373 0
4867 -0.1048159629458719 0.2338010739038805 0
4868 0.08699385219672845 -0.7099727666011558 0
4869 -0.1046510667636487 0.7673417589486489 0
4870 -0.10465107993745 -0.7673419689093461 0
4871 0.08941900036639755 -0.8228917388142727 0
4872 0.08941899958175376 0.8228917369161887 0
4873 -0.940433854753709 0.7573678442561278 0
4874 -0.9511730376814573 0.7455673608139584 0
4875 0.9864990978537265 0.7703384636662775 0
4876 0.9861793334770764 0.7535316697971833 0
4877 0.07412449391896167 0.3936967053034252 0
4878 0.0723865690186842 0.3784425082714851 0
4879 0.07528641621641571 -0.392033513300989 0
4880 0.07407568085034057 -0.3760805660426978 0
4881 0.06259129635400444 -0.3827790850486666 0
4882 -0.8881887117539937 0.1681323125832815 0
4883 -0.8950715183048513 0.1534429484647105 0
4884 0.07191107780433115 -0.6100344897918586 0
4885 0.07529221605188832 -0.6247903468676794 0
4886 0.07399818239954284 0.6081601195918493 0
4887 0.07522733901090714 0.6232732067823405 0
4888 0.06245472069787097 0.6167683206715615 0
4889 -0.9861363735901013 -0.2633206609419392 0
4890 -0.9713458070548726 -0.2562438667763353 0
4891 -0.9852094334647713 -0.2471604939679221 0
4892 -0.9853216033257282 0.2627118644088237 0
4893 -0.9854434812035568 0.2455516131897797 0
4894 -0.970765084529285 0.2540261894609427 0
4895 0.162375803804097 -0.8536689900716162 0
4896 0.1745853467161432 -0.8637788521638446 0
4897 0.1623758023012948 0.853668988659872 0
4898 0.1745853450444444 0.8637788508266084 0
4899 -0.8485321968231812 0.8430051773234088 0
4900 -0.8586102342099859 0.8319826270189583 0
4901 -0.958550090533588 -0.2667392035526768 0
4902 0.7542372881362748 0.9853216033257282 0
4903 0.7642517011667402 0.9717717839828131 0
4904 0.772726277437903 0.9864501806570849 0
4905 -0.08141733396766336 -0.8051315159926187 0
4906 -0.08141736071867048 0.8051311244883477 0
4907 -0.895823440179479 0.8244139024410764 0
4908 -0.9108991064148171 0.8257236030101058 0
4909 0.9149615457311332 0.2243868369727718 0
4910 0.9308087621969714 0.2277034122017004 0
4911 -0.8381962058902145 0.852925687532174 0
4912 -0.8262496309140266 0.865309321313249 0
4913 -0.1947706690538831 -0.9863292863132643 0
4914 -0.176052482558661 -0.9841224895870933 0
4915 -0.184382473644187 -0.9704517759003577 0
4916 -0.8376344088833139 -0.8537012643410338 0
4917 -0.8254146532838904 -0.8637788521639799 0
4918 0.001794365459259683 -0.139739828974064 0
4919 0.01432342099327272 -0.1804118502528801 0
4920 -0.06801390670982596 0.3395483335988644 0
4921 -0.05636124373325449 0.33050289526727 0
4922 -0.05443545295073231 0.3451292840718175 0
4923 0.3777211024920776 -0.0103868121448876 0
4924 0.3793241281612019 -0.02587495992578742 0
4925 0.5075993059285545 -0.9430587077559178 0
4926 0.07998387763413772 -0.7712973857841707 0
4927 0.06563322554296312 -0.7748427729663088 0
4928 0.06572237207720444 0.7747273002593338 0
4929 0.08008807208948651 0.7711518788366505 0
4930 -0.1426187969188997 0.9839961126643434 0
4931 -0.160798614022808 0.9871720193999772 0
4932 -0.1508750380627008 0.9711681320643206 0
4933 0.759833276736061 0.102228359019253 0
4934 0.8164811643136614 0.9018494728413085 0
4935 0.8019802858367944 0.8939127490219516 0
4936 -0.1521734394256183 -0.08438490150585395 0
4937 -0.1554535394298137 -0.09892614089778479 0
4938 -0.8494736487382755 -0.07322105824958013 0
4939 -0.8348583506454241 -0.07487269347777285 0
4940 -0.8397388165463398 -0.0605014466809905 0
4941 -0.2121978825455955 -0.8874424696613501 0
4942 -0.2120638322975627 0.8874247566557373 0
4943 0.04875874826393373 0.6092593714882129 0
4944 0.7882916205869448 0.8873437931561767 0
4945 0.4781158169424894 -0.942198007931522 0
4946 -0.0727627425270006 0.4042554771739222 0
4947 -0.07408326161354095 0.3905785516161749 0
4948 0.05381397844225487 0.7743071349250099 0
4949 0.04832418817463355 0.787113932750332 0
4950 0.03878624705266494 0.7755142937875732 0
4951 0.9861559233389832 -0.7200404525338255 0
4952 0.971650305906576 -0.7281990583999753 0
4953 0.9854943825675927 -0.7369721651889356 0
4954 0.858673565610977 -0.8318156811878721 0
4955 0.8681632876949571 -0.8201413271743042 0
4956 -0.9271463703550931 0.0461135839891868 0
4957 -0.9299774146318833 0.03024929201697867 0
4958 0.8586669587461803 0.8318152179843812 0
4959 0.870003608173157 0.8203185301936564 0
4960 0.7876430943406034 -0.887189976131453 0
4961 -0.9707514321668795 0.1195440963273953 0
4962 -0.9572840710093259 0.1297423522142446 0
4963 -0.8232656644715457 0.8945778276510806 0
4964 -0.8303973102052897 0.9084471525490974 0
4965 0.4781025967515884 0.9424830406427775 0
4966 -0.9853490693619811 0.1950816002352571 0
4967 -0.9860147072706728 0.1778710567718747 0
4968 -0.9713637766326539 0.1865119790387747 0
4969 -0.9862447986064933 -0.1438162636949679 0
4970 -0.9839215507141506 -0.1604342871427496 0
4971 -0.9701663493206438 -0.1517081779587106 0
4972 0.7285413252721865 0.9738777913289056 0
4973 0.7153345918773926 0.9631604909192959 0
4974 -0.2539383576589856 0.9032741657840641 0
4975 -0.2689721415341797 0.9071910399601717 0
4976 0.7801179241864149 -0.05510874539355126 0
4977 0.8763701106571807 0.1495381262727388 0
4978 0.8734556666982207 0.1659434660661168 0
4979 -0.7270165900129748 -0.0768890572261146 0
4980 -0.7187605600803717 -0.06499519313271881 0
4981 -0.4143328770129729 -0.07339376834718377 0
4982 -0.4002701942403578 -0.07423294016090309 0
4983 -0.4077968901540692 -0.06220951939937964 0
4984 -0.4134526608225809 0.07270774825741867 0
4985 -0.3977651058289837 0.071198491233296 0
4986 0.5870274258883353 -0.07323549913540914 0
4987 0.6012631493602738 -0.07488369974008727 0
4988 0.5950967563445481 -0.06270200976661244 0
4989 0.5863019277367431 0.07245165597276795 0
4990 0.6015795619455597 0.07330935845067982 0
4991 0.05405882251587732 -0.7740401392609806 0
4992 0.03906936615656237 -0.7751983193395419 0
4993 0.04836246347234695 -0.7870649558765711 0
4994 0.09917917359404836 -0.7512606763001997 0
4995 0.08873074491832839 -0.7630458074083584 0
4996 0.1025016526897311 -0.767030870325575 0
4997 0.09928450937384631 0.7510504341443611 0
4998 0.1025167002510077 0.7670008345003598 0
4999 0.0888511287116262 0.762805530686403 0
5000 0.1948910629052985 0.9857409235015127 0
5001 0.1779749575223108 0.9856569903203793 0
5002 0.1864253424592521 0.971397913821892 0
5003 -0.909549859371569 -0.82114660950527 0
5004 -0.9060641647172458 -0.807203567356005 0
5005 -0.0472683677806275 -0.2232826462858773 0
5006 -0.05906873777875286 -0.2331530525096623 0
5007 -0.05949230520739272 -0.3213738318336584 0
5008 0.8137227821427298 -0.9025564648388626 0
5009 0.8013280044776592 -0.893783453657321 0
5010 -0.723129947537551 -0.9593261648553353 0
5011 -0.7394049505599302 -0.9587945256784696 0
5012 0.7458102076985785 0.9031412326433337 0
5013 0.7415210645357694 0.917624444082076 0
5014 0.7304887204517923 0.9081493416791424 0
5015 0.9861839907002138 -0.8727814847972888 0
5016 0.9864162502500116 -0.8558669244383594 0
5017 0.9726002409502253 -0.8642416295742553 0
5018 -0.07147527760539479 0.5370531309519007 0
5019 -0.05955399572376071 0.5454203484851483 0
5020 -0.07177014623283202 0.5513934919368688 0
5021 -0.8119855287304037 0.938496832034869 0
5022 -0.8151338061493929 0.9505945861007439 0
5023 -0.8257393628867616 0.9413695415443102 0
5024 -0.9835543928043633 -0.8400710282644107 0
5025 -0.9700030861776081 -0.8316156323779658 0
5026 -0.9864486933732448 -0.8220530786893562 0
5027 -0.07271774903606504 -0.6233826985366526 0
5028 -0.07635964665263011 -0.6386015867284773 0
5029 -0.9862447986064933 -0.126867111152548 0
5030 -0.9722048068984338 -0.1192803429749547 0
5031 -0.9859600082919405 -0.1110572996165738 0
5032 -0.9857320558013103 0.1272484946827838 0
5033 -0.9850193763655692 0.110939669443665 0
5034 0.144654295968502 -0.9852466401112017 0
5035 0.1612359895410256 -0.9854480663542435 0
5036 -0.1256696443764798 0.9839961126643434 0
5037 -0.1152645390008298 0.9703069039930432 0
5038 -0.1082389624185171 0.9863107913286998 0
5039 -0.1251274994092646 -0.9864865969846163 0
5040 -0.1081400579963477 -0.9867279334802936 0
5041 -0.1146234896065588 -0.9732145304649099 0
5042 0.87435633814556 -0.9305828420359284 0
5043 0.8831740868127205 -0.9190364011584503 0
5044 0.4430263231634468 0.04694186694733856 0
5045 0.4499377378539986 0.05991883065093959 0
5046 -0.8728813559318507 0.9853216033256469 0
5047 -0.8553452452992092 0.9860092146558417 0
5048 -0.7729813881044014 0.8924988781697676 0
5049 -0.2559734165438928 0.09653587808241071 0
5050 -0.269812565458243 0.09294209735489806 0
5051 -0.8732505160794901 -0.9864529720931088 0
5052 -0.855211152078728 -0.984057316740236 0
5053 -0.8640548884968252 -0.9705102888333449 0
5054 0.9853471122583612 0.5672159848801491 0
5055 0.985488233818175 0.5511856530108439 0
5056 0.9853216033257282 -0.5677966101706897 0
5057 0.9855185464733688 -0.5511885731662796 0
5058 -0.7222556155974498 0.9588983573453818 0
5059 0.05696607549442445 -0.7991091631044388 0
5060 0.0419766191351095 -0.8002673431830001 0
5061 0.9853216033256469 0.1271186440653771 0
5062 0.970887012698463 0.118447479910202 0
5063 0.9855654093728161 0.1099729036389921 0
5064 -0.9853247399065744 -0.4161646342150724 0
5065 -0.9854610094090579 -0.4323023328968282 0
5066 -0.9852523825266182 0.4160569819009901 0
5067 -0.9854021039980665 0.4322854132174166 0
5068 0.428606498744105 0.0723360226271621 0
5069 0.4145076809446364 0.07323021244814641 0
5070 0.4219812801576407 0.06082602105668498 0
5071 -0.5705483889252152 -0.07312263235695997 0
5072 -0.5865499372920511 -0.07119876560621677 0
5073 0.731155058581927 -0.9610918060317748 0
5074 -0.8765543175519515 -0.8011950444791541 0
5075 -0.8934077101985221 -0.8066837571104062 0
5076 0.8728813559325557 0.9853216033257282 0
5077 0.8564090965833895 0.9866817666374457 0
5078 0.8648836728545523 0.9720033699631739 0
5079 0.03245372266570588 -0.7008276707941571 0
5080 0.04108164390800908 -0.2242417737019336 0
5081 0.05396170033788528 -0.2266653390063584 0
5082 0.9853471122583612 0.5841651374225689 0
5083 0.9847426330310576 0.6001607919895768 0
5084 0.9853216033257282 -0.5847457627130157 0
5085 0.9850577145081145 -0.6005930059435948 0
5086 -0.9853247399065744 -0.3992154816726525 0
5087 -0.9838652189920905 -0.381531261793933 0
5088 -0.87600431157912 0.1935973682240901 0
5089 -0.8817448295342692 0.1810221680869379 0
5090 -0.86785783078206 0.1806464582105405 0
5091 -0.9853216033257282 0.6355932203399937 0
5092 -0.9848027726557455 0.6196895034268901 0
5093 -0.9862149507524213 -0.6359177471133499 0
5094 -0.9848874261354742 -0.6197528675259291 0
5095 0.3983050847474311 0.9853216033257282 0
5096 0.3817479875365458 0.9864451680686208 0
5097 0.3902225638077087 0.971766771394349 0
5098 0.3983050847440948 -0.9853216033256469 0
5099 0.3900460882953908 -0.9717126888650875 0
5100 0.3815715120241808 -0.9863910855394407 0
5101 -0.9871685411296645 0.347017547357438 0
5102 -0.9709289097702045 0.3555890292059167 0
5103 -0.98376036864054 0.3645036852400951 0
5104 0.09484194494531092 -0.2627105168064871 0
5105 0.09141314229334627 -0.2767712834623495 0
5106 0.09084433612454078 0.2765623724086365 0
5107 -0.05584300024790889 -0.2569463613478857 0
5108 0.9865409083849472 -0.1286013462714939 0
5109 0.9847462184913346 -0.1109230030920706 0
5110 0.9851640729750493 0.3967798278926928 0
5111 0.9842088063439176 0.3801544695564354 0
5112 0.09026568002846423 -0.7239349320272397 0
5113 0.09501005150442765 0.7373636485621955 0
5114 0.09048418598462121 0.7235668934149894 0
5115 0.895113247413964 0.2338958202532912 0
5116 0.1276717810839558 0.9852443943445536 0
5117 0.1100041703296412 0.9854170515640401 0
5118 0.1277051434260821 -0.9852466401112017 0
5119 0.1100041703283596 -0.9854170515618506 0
5120 0.6186440677976679 0.9853216033257282 0
5121 0.6268170825956157 0.9714602003324841 0
5122 0.6352916588667785 0.986138597006756 0
5123 0.6186440677955528 -0.9853216033256469 0
5124 0.6352880770433097 -0.9860935113280621 0
5125 0.6268135007720999 -0.9714151146537089 0
5126 -0.6185326126221899 0.9851350666153978 0
5127 -0.6368554024064617 0.9833736918492868 0
5128 -0.6185326595984033 -0.9852091728782945 0
5129 -0.6368473209515235 -0.9834752828274553 0
5130 0.8963352459719049 -0.232570219312609 0
5131 0.05696607513653435 0.7991091610513028 0
5132 0.04193834374694442 0.8003163199138661 0
5133 0.9165707355665828 -0.8409711501462463 0
5134 0.9323994251525718 -0.8428380863877425 0
5135 0.9279845881805088 -0.828626026153452 0
5136 -0.07215523785838708 0.565730917905372 0
5137 0.9826123365889903 -0.3451722001275076 0
5138 0.9841037937722443 -0.3631336287707279 0
5139 0.9152725786814719 -0.9279930576559789 0
5140 -0.6693062477279952 -0.06804580619923772 0
5141 -0.6649909525628415 -0.05346376380692829 0
5142 -0.6794096186746211 -0.0551018626981221 0
5143 -0.0719534588310777 -0.2284485342627695 0
5144 -0.9835543928043633 -0.8570201808068306 0
5145 -0.9861614436072152 -0.8737866225962992 0
5146 -0.9697158364115785 -0.8664000237424889 0
5147 -0.8871149913209735 0.8368463525007007 0
5148 -0.8810647031493252 0.8218715565756197 0
5149 0.2825753761835589 0.08777530098188795 0
5150 -0.7161458236489745 -0.08872003741458573 0
5151 0.2833887939034533 -0.08870896804162388 0
5152 -0.7166887407069997 0.08782462686140852 0
5153 0.9843233597041596 0.6522429823359635 0
5154 0.9865717713307212 0.6693555632223166 0
5155 0.9708951310348808 0.6605815964066776 0
5156 -0.2785711843846075 0.9860845752780028 0
5157 -0.295312864048204 0.9862166206954697 0
5158 -0.2857484552144457 0.9723011959734725 0
5159 -0.2784664717585938 -0.986008060019083 0
5160 -0.285545862782389 -0.9721197964649252 0
5161 -0.2952149842461078 -0.986111736445842 0
5162 -0.9862149507524213 -0.6528668996557698 0
5163 -0.9870197465705123 -0.6693109790619354 0
5164 -0.9732346973229336 -0.6611609295661027 0
5165 -0.7995668555068197 0.8795501028662212 0
5166 -0.8133776024093747 0.887158772764949 0
5167 -0.8144962826622794 0.873507704907567 0
5168 0.05839058273397374 0.9856471959357404 0
5169 0.04188714058366616 0.9861182725399125 0
5170 0.04943026568789005 0.9717654684756528 0
5171 0.0006517451528160398 0.2910244904983137 0
5172 0.01459728107187618 0.2879555891055748 0
5173 0.01010259734052666 0.3015255139287357 0
5174 -0.9055475028492214 -0.2618401290209036 0
5175 -0.9189246528082486 -0.2661320312774451 0
5176 -0.9089759847809926 -0.2764197354490563 0
5177 0.9851574775520171 0.04281953795472125 0
5178 -0.8002471291363806 -0.8811714257954011 0
5179 -0.813661304883778 -0.8719772356812385 0
5180 -0.9859461722255141 0.7033911877979415 0
5181 -0.9876827982622708 0.6864854476017455 0
5182 -0.9736289704877849 0.6949613811615529 0
5183 -0.0767558897224242 -0.3634287065304818 0
5184 -0.07560951823813929 -0.3774424396655084 0
5185 0.9861559233389832 -0.7030912999914998 0
5186 0.9870187974552576 -0.686375677909373 0
5187 0.9731747207942407 -0.6945517236627388 0
5188 -0.6876396455976863 0.986580542149271 0
5189 -0.7045492622394176 0.9863565064516917 0
5190 -0.6972736536006616 0.9729370486009629 0
5191 -0.6875741021396489 -0.9866461579229435 0
5192 -0.6971178125650092 -0.9731839655381506 0
5193 -0.7044589646634942 -0.986537807615207 0
5194 0.9842654820779531 0.8540946736729342 0
5195 0.9845271702664957 0.8734633892391781 0
5196 0.9687926523444488 0.8631512832514714 0
5197 -0.08518006764998701 -0.2910999460111113 0
5198 -0.08700739721446457 0.2896649738315724 0
5199 -0.8394232053119455 0.01912562230716328 0
5200 -0.8300556874233187 0.03020848740690709 0
5201 -0.8447362557867848 0.03329048768121963 0
5202 0.08076923020057555 -0.7336366547586655 0
5203 0.07096233267114091 -0.7430242478770087 0
5204 0.008662658575947396 -0.9861636936704554 0
5205 0.02496247615252109 -0.9861038156143077 0
5206 0.01667598218882036 -0.9722675092847631 0
5207 0.9864058407518648 -0.05924537564173344 0
5208 0.9858264822113516 -0.04228599753287859 0
5209 0.9722323229632165 -0.05068391554486218 0
5210 0.1996974254054958 -0.8811742086066046 0
5211 0.1863386951172467 -0.8719772356817523 0
5212 0.1996974234340725 0.8811742074369914 0
5213 0.186338693295759 0.8719772344209542 0
5214 -0.0582466676523747 -0.9863406076474354 0
5215 -0.04158686586690633 -0.9865597641669859 0
5216 -0.04898607588953117 -0.9729003718144212 0
5217 -0.4150369081764553 0.9851037543004744 0
5218 -0.4308558211767294 0.9851910829750513 0
5219 -0.4150669727919971 -0.9850901292848665 0
5220 -0.4318395207436078 -0.9855330150887398 0
5221 0.9873595573576263 -0.2786194802965155 0
5222 0.985947587074153 -0.2937141941848067 0
5223 0.9855678072864935 0.2774639429413025 0
5224 0.9857143243238174 0.2936103575798422 0
5225 -0.08736427978738313 0.7097850021171777 0
5226 -0.08736399233096814 -0.709785202961845 0
5227 0.7654263893134814 0.9341182292696553 0
5228 0.7532997411017192 0.9259155870981077 0
5229 -0.9036477767997197 -0.7961315575453884 0
5230 -0.9861363735901013 -0.2802698134843591 0
5231 -0.9872128544230589 -0.2969162063763711 0
5232 -0.9733492280131604 -0.2890504266423644 0
5233 -0.9853216033257282 0.2796610169511496 0
5234 -0.972381113050754 0.2882388914524289 0
5235 -0.9870595097250259 0.2967134677235919 0
5236 0.8562385271775856 -0.986836116117464 0
5237 0.8738078939068081 -0.9848450847924559 0
5238 0.8656396414237528 -0.9716812009099198 0
5239 -0.8072712075299824 0.9605661010944847 0
5240 -0.8210250416863403 0.9634388106039258 0
5241 -0.008389118100108136 0.9861627762950219 0
5242 -0.02466412745324054 0.9865443679251863 0
5243 -0.01610409301370054 0.9727071442202082 0
5244 0.07416835845977032 -0.5504360839142316 0
5245 0.06921729056750997 -0.5634307632027051 0
5246 -0.9865416230737782 -0.007620619081475108 0
5247 -0.9859806276624299 -0.02482532320268332 0
5248 -0.9725222507362081 -0.0154967897445103 0
5249 0.04545320331123245 -0.4773527767408757 0
5250 0.03135514142147202 -0.4769605909074018 0
5251 0.2795748164806753 0.9862348069529842 0
5252 0.2881289517275661 0.9734260459994126 0
5253 0.2966897284692035 0.9871912390464285 0
5254 0.2795744323422474 -0.9862766030451993 0
5255 0.2964952094722038 -0.9869844676161716 0
5256 0.2879340485960853 -0.9732610706613709 0
5257 -0.3980877556340354 0.9851037543004744 0
5258 -0.3816765548953732 0.9845881879017782 0
5259 -0.3981178202496712 -0.9850901292848665 0
5260 -0.3816754067067869 -0.9844909337059581 0
5261 0.8318112456511231 0.9229861113543762 0
5262 0.8387353287350405 0.9394132011805222 0
5263 0.824362403761816 0.9341302883129781 0
5264 0.4830508474561942 -0.9853216033256469 0
5265 0.4997417764014309 -0.9855278569175265 0
5266 0.4830508474590608 0.9853216033257282 0
5267 0.4996867854006015 0.9855212091290331 0
5268 -0.8979468812019058 -0.2319055905072601 0
5269 -0.2982056714668485 0.08740960163324617 0
5270 -0.288890614853834 0.07752101143745121 0
5271 -0.2837180561367786 0.08943891369807166 0
5272 0.03396324363060575 0.5448728747399315 0
5273 0.0466435059083885 0.5516331664419285 0
5274 0.9143154282337285 -0.2085822105337468 0
5275 0.9042323884420651 -0.2196897670182056 0
5276 -0.9331597528598029 -0.6909191825073095 0
5277 -0.9253412132905645 -0.6771237686372482 0
5278 0.4661016949167349 0.9853216033257282 0
5279 0.4661016949137743 -0.9853216033256469 0
5280 -0.985825643021281 -0.5154991606225374 0
5281 -0.9858494853157385 0.5154994111342724 0
5282 -0.4811882148650757 0.9855724184298809 0
5283 -0.4830508474590608 -0.9853216033257282 0
5284 -0.7338349388600061 -0.9076382128610483 0
5285 -0.729460197087285 -0.9213197932934774 0
5286 -0.7165577188307399 -0.9110881918396008 0
5287 0.5496860009945479 0.9855965635846877 0
5288 0.5500171832760421 -0.9854919579487535 0
5289 0.04762111155608178 -0.4467099572558288 0
5290 0.06081546156646152 -0.4412702728240703 0
5291 0.04923659547193394 -0.4323360659525763 0
5292 -0.5353796994946951 0.9855117593058641 0
5293 -0.5353801336580679 -0.9855412653634763 0
5294 -0.9859461722255141 0.7203403403402673 0
5295 -0.9729069445004649 0.7289125427316459 0
5296 -0.9869607722749508 0.7373857617141644 0
5297 -0.9853216033257282 0.5677966101706899 0
5298 -0.9853216033256469 -0.5677966101682936 0
5299 0.0470639265157827 0.5661026777776841 0
5300 0.05938591537017003 0.558310838817244 0
5301 0.5620707753700399 -0.04753053481300269 0
5302 0.557255085794464 -0.03413194510244347 0
5303 0.9851066400985607 -0.413619986847874 0
5304 0.9851640729750493 0.4137289804351127 0
5305 0.7356414062633858 -0.9866089593865688 0
5306 -0.9864865636353606 0.5338983050860384 0
5307 -0.9864865636647264 -0.5338983050834534 0
5308 -0.6015834600797703 0.9851350666153978 0
5309 -0.6015835070560774 -0.9852091728782945 0
5310 -0.7987890847051993 0.9339945009751729 0
5311 0.08548026704848963 -0.3042766007627542 0
5312 0.08380649044584436 0.6952618493990218 0
5313 0.9865137933358162 0.7198338601842238 0
5314 0.9861793334770764 0.7365825172547635 0
5315 0.9726931268128927 0.7276028181177052 0
5316 0.7227744111822536 0.9359205794750609 0
5317 0.7379782538549329 0.9309236961339165 0
5318 0.2683273746345078 -0.9065379399883553 0
5319 0.2812196999443456 -0.9107334356714005 0
5320 -0.9864865636353606 0.5508474576283644 0
5321 -0.9718081669610887 0.5593220338995269 0
5322 -0.9718081669903733 -0.5593220338970835 0
5323 -0.9864865636647264 -0.5508474576258733 0
5324 -0.7263980206131997 -0.04244083072604333 0
5325 -0.7148967295662396 -0.05226437976371084 0
5326 -0.07119026801517035 0.4640045643347271 0
5327 -0.06864815758903764 0.448301627377744 0
5328 -0.07119026819772212 -0.4640045566807536 0
5329 -0.05916320983773052 -0.4560561239188682 0
5330 -0.07166436975429674 -0.4490252928442138 0
5331 0.06215268266748761 0.3549279353600848 0
5332 0.05202109756827893 0.3433045770537703 0
5333 0.9709709866117994 0.0847119888997125 0
5334 0.9546698322479475 0.09309091186765475 0
5335 0.9545100001141147 0.07650116128355029 0
5336 -0.8969165017769182 0.2076338855086328 0
5337 -0.9108485810017631 0.2074878896669456 0
5338 -0.5855842061420437 -0.9851651761741211 0
5339 -0.585581278806883 0.9850946173690213 0
5340 -0.8048863062789455 0.9867051627988332 0
5341 -0.7966338981896258 0.9721550349840995 0
5342 -0.7883577614016417 0.9854498721852661 0
5343 -0.8039709972083913 -0.9864179444990999 0
5344 -0.7876402395285572 -0.9863654538130497 0
5345 -0.7950010672448592 -0.9727833983121498 0
5346 -0.4996987106945062 0.9830669969268748 0
5347 -0.4915254237302238 -0.9719080097929107 0
5348 -0.5000000000013869 -0.9865864064671825 0
5349 0.2118402154476244 0.9857409235015127 0
5350 0.2202123155894755 0.9720126232067779 0
5351 0.22871108319486 0.9862716997052653 0
5352 0.2118653098266302 -0.9859061189551963 0
5353 0.2287140248883844 -0.986296341616131 0
5354 0.2202403516663282 -0.9722024605713273 0
5355 -0.516647863236926 0.9830669969268748 0
5356 -0.5169491525437127 -0.9865864064671825 0
5357 -0.9704956600580266 0.9345203830775111 0
5358 -0.9598603545854951 0.9472734751670343 0
5359 -0.1948279477267602 0.9863263302367992 0
5360 -0.1861350363281414 0.9734983496367764 0
5361 -0.1777477665652278 0.9871720193999772 0
5362 0.6862139234128389 0.987227494463723 0
5363 0.6863283178913828 -0.9866517562368102 0
5364 0.9713795456036036 -0.9320475514050528 0
5365 0.9577994959366879 -0.9231791665121415 0
5366 0.2157298001298177 0.05901913788371314 0
5367 0.2123682386944677 0.04442881889245773 0
5368 -0.4723139895366343 0.06924487877000768 0
5369 -0.4652185363444221 0.05736407730015691 0
5370 -0.4570487064168729 0.07169308267584928 0
5371 0.06508677336416357 0.6462353981126135 0
5372 0.05372221990794311 0.6578245900603183 0
5373 0.8862663147369298 -0.7948307450835903 0
5374 0.8759405669114831 -0.8081039312320371 0
5375 0.8838005455465687 0.7931229125182504 0
5376 0.8777808877030238 0.808281134543225 0
5377 0.8059901935833251 0.9862807973323329 0
5378 0.7896754299802289 0.9864501806570849 0
5379 -0.9830656303434556 -0.2127934828346938 0
5380 -0.9852094334647713 -0.2302113414255023 0
5381 -0.9853490693619811 0.212030752777583 0
5382 -0.9854434812035568 0.2286024606474538 0
5383 0.9017858096783983 -0.7520778925672262 0
5384 0.8331202482786642 0.9087268603111271 0
5385 0.9569186566426507 0.1257776124142196 0
5386 0.9571624626898201 0.1086318719878346 0
5387 -0.1420766519515906 -0.9864865969846163 0
5388 -0.1486376090842203 -0.9706090865717096 0
5389 -0.1591033300163351 -0.9841224895870933 0
5390 -0.9862764866145488 -0.7193074969013507 0
5391 0.9100862553258467 -0.1148942009709452 0
5392 0.8950490690501204 -0.1106403782009534 0
5393 0.8994339713161478 -0.1241610457809778 0
5394 0.8448925737580921 -0.03111029162058796 0
5395 0.8489657663958453 -0.04533551286476995 0
5396 0.9397304700937998 0.9837860540122346 0
5397 0.9230416519192908 0.9852375386494794 0
5398 0.5668646955464961 -0.0601201805495524 0
5399 0.5760671126961534 -0.04846416342538463 0
5400 -0.95970292662259 -0.1262193628848548 0
5401 -0.9594181363080373 -0.1104095513488806 0
5402 -0.3272910803853812 -0.07856143823605485 0
5403 0.6754875410998632 0.07944564930312795 0
5404 0.9873595573576263 -0.2616703277541895 0
5405 0.6883394263369792 -0.08259943987332255 0
5406 0.6733675972741631 -0.08075164337628044 0
5407 -0.6893629233278713 -0.04495243958551431 0
5408 -0.9346795022357075 0.6466246931362221 0
5409 0.2714667571547399 -0.07679497516129434 0
5410 0.2802549795387791 -0.06296359003301626 0
5411 -0.8593392076888829 -0.04430182744576709 0
5412 -0.8445942137388317 -0.04670509600629373 0
5413 -0.8495793067885234 -0.03215711199926304 0
5414 -0.9830656303434556 -0.1958443302922739 0
5415 -0.9669871810576062 -0.1867870920135967 0
5416 -0.9839215507141506 -0.1773834396851694 0
5417 -0.9875497444654091 -0.7880204595181411 0
5418 -0.9864486933732448 -0.8051039261469364 0
5419 -0.9739984378386539 -0.796514216174116 0
5420 -0.9857320558013103 0.1441976472251098 0
5421 -0.9717467630719832 0.1525771785709532 0
5422 -0.9860147072706728 0.1609219042295489 0
5423 0.9089849140634745 0.2756858846693859 0
5424 0.9221288534380796 0.2805013079294372 0
5425 0.9122397656893177 0.2908526834726974 0
5426 -0.04357611083189243 -0.1787103076860325 0
5427 -0.03619430739672475 -0.1873503280504846 0
5428 0.9857818869336428 -0.8219424560696459 0
5429 0.9721981371836543 -0.8303517533889382 0
5430 0.9864162502500116 -0.8389177718960334 0
5431 -0.1139988777555501 -0.8758936295952469 0
5432 -0.1039864273388019 -0.8623049107596505 0
5433 -0.1140353746478015 0.8759441481879557 0
5434 -0.1039926480856319 0.8623127476227774 0
5435 0.03572587782361704 -0.8134582214769723 0
5436 0.02712226580153954 -0.8014140142491046 0
5437 0.7372881355939489 0.9853216033257282 0
5438 0.7880517104572479 -0.9849847173494426 0
5439 0.1121067754269443 0.9457039295992287 0
5440 0.9092085459510781 -0.7241283598471344 0
5441 0.9222111522533769 -0.7194347889630395 0
5442 0.9120984326171542 -0.7092691689026469 0
5443 0.1121285010487572 -0.945703219294785 0
5444 0.1949161572842103 -0.9859061189551963 0
5445 0.1866606214038092 -0.9713541853094398 0
5446 0.1781851420834454 -0.9854480663542435 0
5447 -0.8209027170515767 0.07926403469609937 0
5448 -0.805846592396195 0.0719702079583702 0
5449 -0.2117771002691801 0.9863263302367992 0
5450 -0.211719821596209 -0.9863292863132643 0
5451 -0.0788052086112026 -0.2197565449531836 0
5452 -0.9122019652760095 -0.1804407093922684 0
5453 -0.144842973068739 0.9318837160643114 0
5454 -0.1579010413995734 0.9413278077062461 0
5455 -0.8587627012552821 0.03675857127839046 0
5456 -0.8493951833666553 0.04784143637813427 0
5457 0.3414307829136796 0.07648093973587491 0
5458 0.3407454598606673 -0.07886418998965289 0
5459 -0.6597394561930713 -0.07916533862776752 0
5460 -0.657220182191093 0.07672089834288551 0
5461 -0.8218354588213654 0.9867051627988332 0
5462 -0.8383960927567893 0.9860092146558417 0
5463 -0.8297230770023536 0.9727143774546749 0
5464 0.8229393461256511 0.9862807973323329 0
5465 0.8318908155899735 0.9729625639697786 0
5466 0.8394599440410635 0.9866817666374457 0
5467 -0.08229833130012301 0.8740523549425703 0
5468 -0.08994589645037288 0.8599992884123844 0
5469 -0.07458666723166671 0.8589570053704737 0
5470 -0.08229258479279533 -0.8740768020811833 0
5471 -0.07458009901802844 -0.8589849421756901 0
5472 -0.08994507470095926 -0.860002782076537 0
5473 0.1446209336262817 0.9852443943445536 0
5474 0.1610258049799849 0.9856569903203793 0
5475 -0.8209201497507173 -0.9864179444990999 0
5476 -0.8286736747103781 -0.970475261239336 0
5477 -0.838261999536402 -0.984057316740236 0
5478 -0.985249016699562 0.7889835873126452 0
5479 -0.9875497444654091 -0.7710713069757212 0
5480 0.7455229063651148 -0.09684145363333738 0
5481 0.730727036541766 -0.09306344171191527 0
5482 0.04882279712636886 0.4759323668799398 0
5483 0.04447474606915493 0.49114141788601 0
5484 0.9853216033256469 0.2118644067774764 0
5485 0.9853216033256469 0.1949152542350565 0
5486 -0.8682073967277526 0.06585771275760038 0
5487 -0.8540424759948188 0.06230088454004675 0
5488 -0.8588282438874187 0.07684907732234204 0
5489 -0.940069742495181 -0.9828827266827584 0
5490 -0.9235576646986725 -0.9854204161666174 0
5491 0.9848015014708456 -0.212038317041085 0
5492 0.3311216932916447 -0.06779555691097149 0
5493 0.3218715113163448 -0.05637080908835761 0
5494 -0.05145658670855761 0.8718345225911932 0
5495 -0.05901806028959434 0.8592704987193786 0
5496 -0.05142101229797595 -0.8719937919173972 0
5497 -0.05900303049187601 -0.8593559580787081 0
5498 -0.08046273852978367 0.3337202457829556 0
5499 -0.0785369477472615 0.348346634587503 0
5500 -0.07828312151986423 -0.3491682781994871 0
5501 -0.9612241391005357 -0.9567356063385446 0
5502 -0.9640101692901133 -0.9408045718369649 0
5503 -0.06666562543984419 0.8452174321891927 0
5504 -0.05659785685957842 0.8339472196157462 0
5505 -0.06665552040003994 -0.8452819380740618 0
5506 -0.0565885732935571 -0.8340082357152778 0
5507 -0.06206255816994807 0.3163776777819507 0
5508 -0.04848410441085441 0.3219586282549037 0
5509 0.8636905778274921 -0.04919363665074054 0
5510 0.8529857850679425 -0.06004050935532854 0
5511 -0.8440211110311224 -0.9527494531341576 0
5512 -0.8558528299694436 -0.9409762441902353 0
5513 -0.8578472434343841 -0.9563414245365498 0
5514 -0.9836060668551158 -0.0764705235535591 0
5515 -0.9859600082919405 -0.09410814707415399 0
5516 -0.9695660751470563 -0.08583290791838555 0
5517 -0.9853216033257282 0.07627118644323874 0
5518 -0.9850193763655692 0.09399051690133904 0
5519 0.9864990978537265 0.7872876162086974 0
5520 0.5004419349432112 0.04547857833799622 0
5521 0.1664594553420672 0.06728719517914537 0
5522 -0.07524710116906874 0.9863282408623928 0
5523 -0.09128980987609733 0.9863107913286998 0
5524 -0.08179114833583855 0.9726390321910926 0
5525 -0.07519582019470063 -0.9863406076474354 0
5526 -0.08164096293432073 -0.973068541127729 0
5527 -0.09119090545402181 -0.9867279334802936 0
5528 -0.9856628796363905 -0.4653133668621731 0
5529 -0.9856348894463798 0.465311893106223 0
5530 0.8717216016481286 -0.07867987256055015 0
5531 0.8569700070778246 -0.07471445373805692 0
5532 0.8609810122263639 -0.08949569315730795 0
5533 -0.9282825477068166 -0.7464410449180617 0
5534 -0.9366059659994143 -0.7572782823560427 0
5535 -0.9233522488008836 -0.759799221492538 0
5536 0.9854055772389833 0.07643400051246779 0
5537 0.9855654093728161 0.09302375109657225 0
5538 0.6444333404833305 -0.07785503741171708 0
5539 0.659159917702385 -0.07879579468416989 0
5540 0.6532309561503749 -0.06652903196865798 0
5541 0.985488233818175 0.534236500468424 0
5542 0.9855185464733688 -0.5342394206239537 0
5543 -0.06162787462012209 0.6011029020824075 0
5544 -0.04943886497266138 0.5945253837619963 0
5545 -0.05077926486142043 0.6082596050606288 0
5546 -0.9854610094090579 -0.449251485439248 0
5547 -0.9854021039980665 0.4492345657597426 0
5548 0.9842654820779531 0.8371455211305143 0
5549 -0.04761961595633794 0.5398649882331609 0
5550 -0.04791448458377517 0.554205349218129 0
5551 0.07533973527629967 0.9856471959357404 0
5552 0.09305501778731529 0.9854170515640401 0
5553 0.07539027587688403 -0.9856362150516438 0
5554 0.09305501778593982 -0.9854170515618506 0
5555 -0.07078225799752719 0.7805085170327539 0
5556 -0.08086132999656492 0.6666988347021615 0
5557 -0.07642753171889732 0.6509145421096028 0
5558 -0.06630308127805849 0.6601319167037407 0
5559 -0.08086132927301778 -0.6666988283391431 0
5560 -0.06776242803488521 -0.6620793902544109 0
5561 -0.0778868783299646 -0.6528620151506149 0
5562 0.9864058407518648 -0.07619452818405936 0
5563 0.9711520592431995 -0.08542261601940232 0
5564 0.9847462184913346 -0.09397385054974465 0
5565 -0.07078231807320287 -0.7805099345346118 0
5566 -0.9866231697852448 -0.9066521435794144 0
5567 -0.97278461339246 -0.8990828339726529 0
5568 -0.9861614436072152 -0.890735775138719 0
5569 0.0736647504633432 0.3641574415099018 0
5570 0.07535386227797751 -0.3617954993514809 0
5571 0.07657039749619564 -0.6390754136262065 0
5572 0.07650552043872917 0.6375582734756575 0
5573 0.8392893746351657 -0.986836116117464 0
5574 0.8508974188820635 -0.0995429815776642 0
5575 0.8656490134523677 -0.1035084004001574 0
5576 -0.8643570561934881 -0.07028947142230746 0
5577 -0.8594765902925724 -0.08466071821908981 0
5578 0.06397028034420088 -0.4936949867545688 0
5579 0.06649778662096265 -0.5082817762229569 0
5580 0.06678290845659317 0.5072356928035412 0
5581 0.05847251462916786 0.4998336956657652 0
5582 0.0666896061725747 0.492598002862224 0
5583 0.9565869196218207 0.05912172554408108 0
5584 0.01056706941567409 0.606645109181057 0
5585 0.0259199847711603 0.606544042300079 0
5586 -0.9488002471444852 -0.1653671274485598 0
5587 -0.9586950808022339 -0.156791637932152 0
5588 0.03572636134242386 0.8134716909234997 0
5589 0.02708447438052305 0.8014764626225289 0
5590 0.05844112333446423 -0.9856362150516438 0
5591 0.04950529440491729 -0.9717400306659516 0
5592 0.041911628694941 -0.9861038156143077 0
5593 0.9212373721608231 -0.195620934992714 0
5594 -0.8400160305263215 0.05883280094287592 0
5595 0.01912247033049068 0.2745722212718091 0
5596 0.0285733225182013 0.2850732447022312 0
5597 0.006176346692730976 0.3155258455029269 0
5598 0.02012188261179111 0.3124569441101881 0
5599 0.008560034442264924 0.9861627762950219 0
5600 0.01654886993850717 0.9722810488349344 0
5601 0.02493798804134023 0.9861182725399125 0
5602 -0.4866562151497104 0.06912877774228289 0
5603 -0.5009016531305148 0.07103196872592907 0
5604 -0.494729257444988 0.05681906437796148 0
5605 -0.9836060668551158 -0.05952137101113929 0
5606 -0.9695866945175458 -0.05044838913175458 0
5607 -0.9859806276624299 -0.04177447574510323 0
5608 -0.8783646002197004 -0.1078748220905965 0
5609 -0.9512231660838194 -0.06917622045544053 0
5610 -0.9398177054943564 -0.05694827080400212 0
5611 -0.9558066731207685 -0.05596733474635224 0
5612 -0.05829794862664895 0.9863282408623928 0
5613 -0.04906377099782145 0.9728726087875791 0
5614 -0.04161327999566045 0.9865443679251863 0
5615 0.06051595003203545 0.5872177918170349 0
5616 0.04877586071730242 0.5943198040820914 0
5617 0.04806624666283121 0.579882362418056 0
5618 -0.008286493966425662 -0.9861636936704554 0
5619 -0.01597505474590807 -0.9727234578374413 0
5620 -0.0246377133245804 -0.9865597641669859 0
5621 0.4133331278931531 -0.07289417748949498 0
5622 0.4281940533807274 -0.07266854381900797 0
5623 0.9040324277902387 0.7778186482561316 0
5624 0.9185426501762892 0.7763707894534679 0
5625 0.9126341768700847 0.7903270423221584 0
5626 -0.07102854802097863 -0.4783463255726221 0
5627 -0.06828440461908655 -0.4929997877562871 0
5628 -0.07131355742858823 0.5227113620603245 0
5629 -0.07168884991586899 0.5078224779041338 0
5630 -0.05963441958360424 0.5161911033439894 0
5631 0.9856655731454839 -0.9405845694003027 0
5632 0.9857139724581198 -0.9236663718354466 0
5633 -0.07513860872729172 0.3762751718410297 0
5634 0.9854421931746027 -0.008165025917236194 0
5635 0.9712686753859544 -0.01655271836269086 0
5636 0.9858264822113516 -0.02533684499055266 0
5637 0.4150251428896382 0.04936537679672942 0
5638 0.4291239606891068 0.04847118697574511 0
5639 -0.815492704294978 0.02679511175570034 0
5640 -0.8208057547698173 0.04095997712975669 0
5641 0.8477597520361668 -0.1578545485672473 0
5642 0.8499435015488208 -0.1438524029669234 0
5643 0.8371218748434353 -0.1459891604426071 0
5644 0.9861839907002138 -0.8897306373396148 0
5645 0.9132637962543971 0.8265384467793577 0
5646 0.8979039077635261 0.8300334891349348 0
5647 0.9865409083849472 -0.1455504988138198 0
5648 -0.8829696062873574 0.2061244417476439 0
5649 -0.8899947977329464 0.2197852491557893 0
5650 -0.3834544799399354 0.07215152612219908 0
5651 -0.3859595684268846 -0.0751859749828318 0
5652 0.6155737751697404 -0.0758367345617374 0
5653 0.6158901878358689 0.07426239333980188 0
5654 0.9656075783086738 -0.2342038510922572 0
5655 0.9740806242141093 -0.220512893312248 0
5656 -0.8898305084742706 0.9853216033256469 0
5657 -0.8901996686218161 -0.9864529720931088 0
5658 -0.8958029441214085 -0.008576896235740714 0
5659 -0.9096118232281925 -0.007339957294963981 0
5660 -0.9065279593089965 -0.02293022164137976 0
5661 0.7620184490455045 0.03063207186063114 0
5662 0.7478459332337324 0.03377788216770418 0
5663 0.751399077118199 0.02014304710707184 0
5664 -0.8742564990780326 -0.04137989570484508 0
5665 -0.8692714060283409 -0.05592787971187577 0
5666 -0.2828776321752812 0.9106942234278308 0
5667 0.05679182275912126 -0.8896336834897046 0
5668 0.06275552378754527 -0.8757951134365389 0
5669 0.04867765994342155 -0.8775634197517559 0
5670 0.05679240458607721 0.8896316781914728 0
5671 0.04867856834951707 0.8775606649631025 0
5672 0.06275635231874606 0.8757940737208791 0
5673 -0.9842685614878973 0.908483993568421 0
5674 -0.9842685614878973 0.925433146110747 0
5675 -0.9851663206077125 0.8382961708251977 0
5676 -0.9851663206077125 0.8552453233675237 0
5677 -0.9866231697852448 -0.9236012961218343 0
5678 -0.07544979567575338 0.6218988634143244 0
5679 -0.06241877875463602 0.629592373746111 0
5680 -0.07490029992150826 0.6366541137793954 0
5681 -0.9853216033257282 0.05932203390091281 0
5682 0.8898305084748817 0.9853216033257282 0
5683 -0.8985030960321179 -0.9718733882597261 0
5684 -0.9066085121563465 -0.9854204161666174 0
5685 0.7165832298145938 0.9116525251453265 0
5686 0.8614506759639786 0.06003750599636452 0
5687 0.8456770357935943 0.06585907466003904 0
5688 0.8491649728859477 0.05112758380873014 0
5689 0.4001856975910738 0.07399555247570504 0
5690 0.3990111446191028 -0.07365951755400621 0
5691 -0.6008719205667397 -0.07196410567064601 0
5692 0.03429176791122149 0.308788406917124 0
5693 0.9854055772389833 0.05948484797004799 0
5694 0.9591788436405573 -0.04450859318756749 0
5695 0.9597582021810704 -0.06146797129642234 0
5696 0.006167472026208553 0.8157445661274441 0
5697 -0.002221887485338751 0.8036177874078848 0
5698 0.01248313246445519 0.8025050549126033 0
5699 0.00616723978234535 -0.8157660957619062 0
5700 0.01248212606940819 -0.8024817016453837 0
5701 -0.002222158638293534 -0.803642904864213 0
5702 -0.07237454304846963 0.5795349035622013 0
5703 -0.06006816954128049 0.5735646951269457 0
5704 0.985966999138981 0.9087689086434287 0
5705 0.9845271702664957 0.8904125417815979 0
5706 0.9718979631583335 -0.8981427718866908 0
5707 0.9857139724581198 -0.9067172192931208 0
5708 -0.07166240192238757 -0.6090793187655106 0
5709 -0.07305404857401475 0.593861262430863 0
5710 -0.07439444846277379 0.6075954837294956 0
5711 0.7024340369214871 -0.08524644253205065 0
5712 0.7168215459066856 -0.08956025824606495 0
5713 0.9068021560538166 -0.9885778366303302 0
5714 0.8907570464492279 -0.9848450847924559 0
5715 -0.9865416230737782 0.009328533460897952 0
5716 -0.02053630806364396 0.8696329313826809 0
5717 -0.01341299912154107 0.8561326634566255 0
5718 -0.9128825687052609 0.7102985961481524 0
5719 -0.9153028626697348 0.6923206219429296 0
5720 0.8594428756433949 0.1142726848255799 0
5721 0.985717607719505 -0.5182642973978436 0
5722 0.9857176081477336 0.5182642981176481 0
5723 -0.9193022835556718 0.01987877483713146 0
5724 -0.8777909360151765 0.0941648763547924 0
5725 -0.8631828269053682 0.09032953605845868 0
5726 -0.8679805983001921 0.1040885068733554 0
5727 -0.9573736431058638 -0.1775466055356305 0
5728 -0.938330788822048 -0.1745875315776981 0
5729 -0.912247812561215 -0.290381900807843 0
5730 0.8263737397642553 -0.01261669496283615 0
5731 0.8118246582060772 -0.008589498900909164 0
5732 0.07314173771205595 0.5938433267281512 0
5733 0.07243212365758474 0.5794058850641158 0
5734 0.06974014841641846 -0.5777637552598833 0
5735 -0.1197275151262351 0.9185868041300183 0
5736 -0.1349457318663339 0.9207288152057664 0
5737 -0.1264143358099137 0.9050892728672476 0
5738 -0.1181964321887782 -0.9164589193574431 0
5739 -0.1261588655934621 -0.9047356357447094 0
5740 -0.1331597567117585 -0.9182452732645487 0
5741 0.8164347485855581 0.9489206194833733 0
5742 -0.04822972177629711 0.5248937222277541 0
5743 -0.03659021063631157 0.5336787229607348 0
5744 -0.7025456438272938 -0.9141405666175035 0
5745 0.8383472614930357 0.04069923647309807 0
5746 0.8239329483867555 0.04404119644116155 0
5747 0.8288888771642278 0.02779128044185497 0
5748 0.9579064197030074 -0.9064684895704846 0
5749 -0.9353286949745938 -0.649840731925338 0
5750 -0.01640872003628737 0.8049277397658792 0
5751 -0.01009305959804073 0.7916882285510383 0
5752 -0.01009362753239591 -0.7916825330124466 0
5753 -0.01640851381945875 -0.8049669271289691 0
5754 0.09133321028632578 -0.06024697388834309 0
5755 0.09059313176949904 -0.04477665318778094 0
5756 0.0816995998171401 -0.05397149501799588 0
5757 0.2952317749483673 -0.9137858104493998 0
5758 0.8042075377587532 0.02047566021522675 0
5759 0.8005297234011739 0.03472785329639561 0
5760 0.7902626971019796 0.02407027310170391 0
5761 0.8125930226084619 -0.1284623105035344 0
5762 0.8260209691749594 -0.1369302086217884 0
5763 0.8258776777895918 -0.1235191167240292 0
5764 -0.06903324914947082 0.4339642013266045 0
5765 -0.07204946137984282 -0.4346878668735497 0
5766 -0.7359819245961716 0.9311665091158905 0
5767 -0.07365304397254654 0.8868688986443818 0
5768 -0.08901227319125271 0.8879111816862926 0
5769 -0.07364556447692526 -0.8868993925694088 0
5770 -0.08901054015985609 -0.8879172324702558 0
5771 -0.4427097242827881 0.07201599538924291 0
5772 -0.7849115074832101 0.02230084176065166 0
5773 -0.7902377257919172 0.03597465607079807 0
5774 -0.8009165533327697 0.02387278716840353 0
5775 0.5726974166645578 -0.07263675930144822 0
5776 0.5587010793384442 -0.07170313068906629 0
5777 -0.8299789156459803 -0.04835673123448646 0
5778 0.7760782378371858 0.02765985149143578 0
5779 0.7797560521947651 0.01340765841026692 0
5780 -0.9098459487073014 -0.762055524786674 0
5781 -0.9181693669998992 -0.7728927622246551 0
5782 0.07190926581490478 0.565072893075084 0
5783 0.07148884520751057 0.5506033817393284 0
5784 -0.8792743475826378 -0.06736753968138545 0
5785 0.9570925673004702 -0.02573531795811623 0
5786 0.9150840312695326 0.3049086123039709 0
5787 -0.7962948072516718 -0.02907900022987877 0
5788 -0.7915890436683963 -0.04235527560031059 0
5789 -0.7819279781289202 -0.03136189899968245 0
5790 0.9705630547910002 0.0514569283002813 0
5791 -0.04274982972436758 0.8845910091123143 0
5792 -0.05823234509722681 0.8857665584217806 0
5793 -0.04271535106331616 -0.8847376724622893 0
5794 -0.05822194787520471 -0.8858028427252286 0
5795 -0.8758866074351463 -0.9587370798894226 0
5796 0.9149426981969625 -0.6952132400736099 0
5797 -0.1754317195946725 0.08251704629340573 0
5798 -0.1615318581534023 0.0900416770822523 0
5799 0.85412090166342 0.03487766780942356 0
5800 0.06559092363028265 0.8109911725908197 0
5801 0.06559092415878268 -0.8109911746328925 0
5802 -0.1879941049066799 -0.09730880650505239 0
5803 -0.1761690913646392 -0.1006405184725682 0
5804 -0.1765351969626716 -0.08821834608496734 0
5805 -0.706191619471936 0.01797349785720893 0
5806 -0.710957138985715 0.03234108968805425 0
5807 -0.7249551197274426 0.033847902891076 0
5808 0.8185537276128343 0.01681589678262006 0
5809 0.8082867013136401 0.006158316587928361 0
5810 -0.004085042222460448 -0.7783668636628647 0
5811 -0.01827139740362567 -0.7796908859276208 0
5812 -0.01827171144030997 0.7796817725300356 0
5813 -0.004084878889361352 0.7783718201720413 0
5814 -0.02579546140543808 0.7674560879014624 0
5815 -0.03399884690100758 0.7555623826827811 0
5816 -0.0204669162272001 0.7544716589323573 0
5817 0.8900046951582181 0.7801999588494422 0
5818 0.8959131684644226 0.7662437059807516 0
5819 0.7694758315693633 0.002904353579638018 0
5820 0.7553289361136416 0.006509051425957618 0
5821 0.7592331747530338 -0.00758383179440316 0
5822 -0.4623802373647627 -0.007530053972932387 0
5823 -0.4706586968972322 -0.01906155330206697 0
5824 -0.4566456417757976 -0.02177352613058882 0
5825 0.5287852697311584 -0.07109513564621725 0
5826 0.544362097286204 -0.07138021801205929 0
5827 0.7487554675130655 -0.01775083790531741 0
5828 0.7629023629687872 -0.02135553575163701 0
5829 -0.1360228706633932 0.8920124711672133 0
5830 -0.1208046539232944 0.8898704600914651 0
5831 -0.120767868052928 -0.8898209495230336 0
5832 -0.1357311925759083 -0.8916073034301392 0
5833 -0.8975643332690265 0.1118965063004954 0
5834 -0.8849763346244625 0.1233081885029677 0
5835 -0.8999519604834885 0.1272808476337739 0
5836 0.07160608665144237 -0.4491393640645139 0
5837 0.07134105521150408 -0.4634795602399555 0
5838 0.07073885300801862 -0.5226242981238971 0
5839 0.07093067255958982 0.478255480964967 0
5840 0.07102397484281699 0.5215782146294499 0
5841 0.07122381376761173 0.5362631855666529 0
5842 -0.0727360189104789 -0.5794137173799401 0
5843 -0.0602472380796195 -0.5725752711935996 0
5844 -0.07197283026634423 -0.5648626727528261 0
5845 -0.515244335263372 0.07106820695595503 0
5846 0.07322157056729453 -0.4347654727612614 0
5847 0.002156551128371849 -0.7651794000426189 0
5848 0.008362755294690161 -0.7520556703544187 0
5849 -0.006056607927371896 -0.7532514868898388 0
5850 0.002170378728182893 0.7651779929691735 0
5851 -0.006055116574474181 0.7532404507919548 0
5852 0.008378792885339307 0.7520530796100897 0
5853 -0.02579473144283695 -0.7674687519921205 0
5854 -0.03180331675277241 -0.7807844213417025 0
5855 -0.03180364211411746 0.7807724962804594 0
5856 0.9563388199348546 0.04245641552875434 0
5857 0.943858444809161 0.03365377258426473 0
5858 -0.7674883034450928 -0.03401610970643163 0
5859 -0.7721940670283682 -0.02073983433599981 0
5860 -0.09277427911592748 0.8248591543329392 0
5861 -0.1073509303581533 0.8273598514212268 0
5862 -0.1073491584299095 -0.8273588009799364 0
5863 -0.09277247201282098 -0.8248582655869806 0
5864 -0.8005786266992143 -0.05578599316140123 0
5865 -0.7862117975764628 -0.05806889193120492 0
5866 -0.8777303171797287 0.05466230437965167 0
5867 -0.8825160850723287 0.06921049716194695 0
5868 -0.06828440459976612 -0.5073425205089651 0
5869 -0.07168884989648253 0.4934797451543351 0
5870 0.8329680407191147 0.01347393681455659 0
5871 0.7349058201966161 -0.01426498135438631 0
5872 0.7385750084123696 -0.02803668531162016 0
5873 -0.9177628947558335 0.6781919892706635 0
5874 0.02255546415154368 -0.7510358267844938 0
5875 0.01434230509579994 -0.7391079136317137 0
5876 0.01440823608238326 0.7390588172518893 0
5877 0.02263373138504033 0.750996359429108 0
5878 0.8822899001119345 -0.06785315428930701 0
5879 0.8863009052604739 -0.08263439370855803 0
5880 0.01453542501787763 0.8280013153584491 0
5881 -0.0001695949319163101 0.8291140478537307 0
5882 0.01451763069193338 -0.8280079914214933 0
5883 -0.0001866540157683533 -0.8291691946403226 0
5884 0.7276834957387012 -0.0383972347733882 0
5885 0.7415331430551506 -0.0418830913243193 0
5886 0.7921171187291698 0.06145393701206022 0
5887 -0.8872789148157073 0.08384923997485527 0
5888 -0.8920766862105313 0.09760821078975199 0
5889 -0.02046398359687805 -0.7544801510556755 0
5890 -0.03399590294602479 -0.7555736864697571 0
5891 -0.956042669839721 0.9854445281066476 0
5892 -0.9390935172973012 0.9854445281066476 0
5893 -0.9570188950375069 -0.9828827266827584 0
5894 0.07730344871069403 -0.8744830083641029 0
5895 0.06918928589499432 -0.8624127446261541 0
5896 0.07730369914581711 0.8744828621698701 0
5897 0.06918986290925699 0.8624118489414998 0
5898 0.7836602908341572 -0.0006852248100938547 0
5899 0.7208220106478758 -0.01068427926218742 0
5900 0.7068438174274152 -0.00710954964438958 0
5901 0.7107471678754594 -0.02097609914289122 0
5902 0.9204654014506259 -0.1034046088404613 0
5903 0.9248503037166533 -0.1169252764204857 0
5904 0.985966999138981 0.9257180611858487 0
5905 0.9237513085962366 -0.9885778366303302 0
5906 -0.0482153705456707 0.5812467541527835 0
5907 -0.03736676078696904 0.5884034571310046 0
5908 0.01033432099960161 -0.7771710471274447 0
5909 0.01034903057045214 0.7771844489901762 0
5910 0.01873286738090065 -0.7892908233514114 0
5911 0.03532383720104967 0.5732046900427406 0
5912 0.7411564203018695 0.009654861733030661 0
5913 -0.6347057349700647 -0.05322032619504839 0
5914 -0.649276736142712 -0.05432769265260107 0
5915 0.7310024697485717 -0.0003984318558846716 0
5916 0.6628732140161109 0.05370717246688797 0
5917 0.6672087265724703 0.03920463254439491 0
5918 -0.8101664859862709 0.01312129744555393 0
5919 0.02018382988966694 -0.7263019240698443 0
5920 0.005991121032813421 -0.7273217676397692 0
5921 0.005918406205413649 0.7273663862561215 0
5922 0.02017334470511467 0.7263096660751398 0
5923 -0.07121245300571842 -0.5372677279683622 0
5924 -0.07158773870588855 -0.5505252467071828 0
5925 -0.4422988493908104 -0.02333268388276144 0
5926 -0.485646759342021 -0.01802831528008618 0
5927 -0.01185883285172661 0.8824649238449924 0
5928 -0.02729659612378102 0.8834909657440384 0
5929 -0.01185898088544484 -0.8825027307525846 0
5930 -0.02050662858153605 -0.8698055607940502 0
5931 -0.02726676778999618 -0.8836257916129922 0
5932 0.7029253077364019 0.006725378593471519 0
5933 0.6928504649639856 -0.003566441287232278 0
5934 0.6788795142390923 -4.443970660508376e-05 0
5935 0.6827980239301055 -0.01387936794446618 0
5936 0.6303038607642686 -0.0128297562192382 0
5937 0.6337259552564485 -0.02551504745470379 0
5938 0.644426687398752 -0.01599240672531571 0
5939 -0.002248181975232726 -0.7154482456126581 0
5940 0.003621434892918765 -0.702670507066925 0
5941 -0.01045939290899438 -0.7036029746016833 0
5942 -0.002335320432950217 0.7155005351339474 0
5943 -0.01057204283478488 0.7036721617737758 0
5944 0.003446792426310402 0.7027888617192004 0
5945 0.03611395498992188 -0.7243618144813282 0
5946 0.02776277092693536 -0.7125756684893837 0
5947 0.02732312463512742 0.7127038019603327 0
5948 0.03581295451209703 0.7243962329561004 0
5949 -0.8718592705939056 0.8738626580411545 0
5950 0.6728021986015159 -0.02492313216025453 0
5951 0.6867731493264092 -0.02844513374088173 0
5952 0.6583379275480721 -0.01951753216231015 0
5953 0.6623130529443757 -0.03408329795872569 0
5954 0.5669046222518457 -0.9858365927893213 0
5955 0.5669046220266769 0.9858365929207883 0
5956 0.6751328970079129 0.01365433457803215 0
5957 0.6650804559740329 0.003341407920798251 0
5958 0.6549158330558922 -0.006832240926844556 0
5959 0.7957455137018969 0.04671444878665881 0
5960 -0.01780949523345621 -0.6914124500032479 0
5961 -0.02367911210160771 -0.704190188548981 0
5962 -0.02371045993004007 0.7042032810245604 0
5963 -0.01792834707077945 0.6914916076098134 0
5964 -0.8958564927704171 -0.7651974023681477 0
5965 -0.9010393745714016 -0.7521038616360307 0
5966 0.4360701858954444 0.03548122268738299 0
5967 0.4500563949872742 0.9858434428750737 0
5968 0.4500563952943392 -0.9858434430540397 0
5969 0.7127685130911297 0.01623502430250103 0
5970 0.6987751606277002 0.01977813265965833 0
5971 0.6511692158247128 0.006866533357792682 0
5972 0.6947434036594632 0.03257024942364262 0
5973 0.6849001983047355 0.02306060371461311 0
5974 -0.0119985231939811 -0.6785024979504835 0
5975 -0.02521824238659442 -0.6790897118977812 0
5976 -0.02525682564219131 0.679114435868821 0
5977 -0.01211840854693612 0.6785833166180364 0
5978 -0.3267949463546425 0.9197139821796658 0
5979 -0.3410026259280446 0.9216698308718653 0
5980 0.9566796226361256 0.9837860540122346 0
5981 0.9856655731454839 -0.9575337219426285 0
5982 -0.4010343195188659 -0.05110473315810821 0
5983 -0.4150970022914811 -0.05026556134438888 0
5984 -0.868531779611591 0.02542057683810599 0
5985 -0.8731907071914614 0.03997152553502063 0
5986 -0.008089706769099729 -0.7282542351745275 0
5987 -0.008100429055681634 0.7282496863106969 0
5988 0.04419973645146462 0.8256504727087204 0
5989 0.02934586708504325 0.8268106154173831 0
5990 0.04419973698411488 -0.8256504750405151 0
5991 0.02934538365054492 -0.8267971461066197 0
5992 0.01869511486897575 0.7893496839029697 0
5993 0.6474789740235882 0.02000427065856198 0
5994 0.6373143511054475 0.009830621810919173 0
5995 0.671101140039676 0.02644645134201645 0
5996 -0.04799606535558815 0.5674427684959542 0
5997 -0.1355107298374144 -0.9611278235383296 0
5998 0.6743182993127026 0.918333598128144 0
5999 0.6601106197409514 0.920289446820058 0
6000 -0.03974869632050289 -0.7053766527566689 0
6001 -0.03239859399604105 -0.7175671773551042 0
6002 -0.03241591932520098 0.7175654337629891 0
6003 -0.03977222356119554 0.7053848795990267 0
6004 0.07041138427367399 -0.05037332929804632 0
6005 0.07115146279050073 -0.06584364999860846 0
6006 0.02400645924251443 0.5803477656243448 0
6007 0.02300413909546593 0.5665680809839729 0
6008 0.004500604333108976 -0.6782219913166495 0
6009 -0.002908142820029234 -0.6658992532111827 0
6010 -0.003182191763791718 0.6662283472007438 0
6011 0.004146286807620145 0.6786055189417362 0
6012 0.6234118249846059 0.01327939698690458 0
6013 0.6271020667857304 0.0001416596861352881 0
6014 0.003389927157200566 -0.653212046920419 0
6015 -0.01310920036988951 -0.6534925535542531 0
6016 -0.01273884306963553 0.6537677341437376 0
6017 0.003525852284920738 0.6537899364674373 0
6018 -0.01425850207004369 0.7413467455732736 0
6019 0.797478468351996 -0.004929735468302476 0
6020 0.9432493567514044 0.2295459774707046 0
6021 0.9340226294455105 0.2141995879841382 0
6022 -0.2071084308586412 -0.02116714719022742 0
6023 0.9342702536924805 -0.8600862084401135 0
6024 0.9456841063064065 -0.8477410844473192 0
6025 0.007241603416833411 -0.6386704991782074 0
6026 0.005975420887165545 0.6400102367204096 0
6027 0.6164013346434269 -0.009380981043252789 0
6028 -0.00033380036158661 -0.626394933929209 0
6029 -0.009355774973323384 -0.615492781892904 0
6030 -0.01583310500439649 -0.6299031952271845 0
6031 -0.02160971608076917 -0.6418635307360603 0
6032 -0.9861090490528839 -0.7367006848521592 0
6033 0.6024395267993757 -0.006028376724144085 0
6034 0.6056413207779139 -0.01899979262951757 0
6035 -0.02790778605799897 -0.654550737026824 0
6036 -0.02612518902541256 0.6549687315008155 0
6037 -0.01941714497670011 0.642530320767509 0
6038 -0.7063212298341434 -0.9611941468692086 0
6039 -0.7154485022828398 -0.9474446964941298 0
6040 -0.1645967236185262 0.9181818550618552 0
6041 -0.1638151035578054 -0.9204792863366666 0
6042 0.03067081977526333 -0.7630785431155751 0
6043 0.0366503695763731 -0.7501307863928701 0
6044 0.03646960595118527 0.7503547965165793 0
6045 0.03044016275414133 0.7633490588747798 0
6046 0.01371893344790652 -0.6242600858439269 0
6047 -0.0002223486452673515 0.6291974833338714 0
6048 0.6184978073457124 0.02848573987232685 0
6049 0.6082855230259951 0.01879677774754296 0
6050 0.07666139853845501 -0.7555271917587953 0
6051 0.07685588121232509 0.7552014784806517 0
6052 0.02723563756204837 -0.6244963248243804 0
6053 0.8801260549786605 0.1351145884891694 0
6054 0.01052016439312223 0.5600616165702043 0
6055 0.02183754235165747 0.5529185409885999 0
6056 0.5990606074528095 0.007010660436545768 0
6057 0.5883005935872965 -0.002608151149719018 0
6058 0.5748661705925429 0.0005568373933895025 0
6059 0.5782450899391091 -0.01248219976730035 0
6060 -0.7872774670740921 0.1132062399096195 0
6061 -0.7872774691561468 -0.1132062409887795 0
6062 0.2127225329254996 0.113206239909876 0
6063 -0.1103029845728613 -0.7809676494338149 0
6064 -0.1103029873433 0.780967655385352 0
6065 -0.1109201615405356 0.2203104654754176 0
6066 -0.110285497375796 -0.2193877175010291 0
6067 0.5710582318063876 0.01388745628694421 0
6068 0.5610027281582002 0.004013407669362874 0
6069 0.773572819988243 0.1070395370968267 0
6070 -0.7298304564990244 0.00942500470302067 0
6071 -0.7338772660380393 0.02242504723677506 0
6072 -0.7434020646431224 0.01157624650967506 0
6073 0.2134469123542594 -0.1141120695600411 0
6074 -0.7156256874157084 0.007335079891636076 0
6075 -0.7251504860207916 -0.003513720835463927 0
6076 0.1165875481813222 0.2059810177364165 0
6077 0.1165875474953182 -0.2059810191946802 0
6078 0.5941465898139159 0.02221700332196803 0
6079 -0.08701625509057564 -0.2065127510546755 0
6080 -0.07898408178019642 -0.1954142299407544 0
6081 0.5470056277872064 0.006915921805055968 0
6082 0.5508135665733616 -0.006414697088498737 0
6083 -0.7318032294874101 -0.09076240903746843 0
6084 -0.1993280283279001 0.1201789095003199 0
6085 -0.1997406609228082 -0.1184365717176365 0
6086 0.266562713642385 0.08978720291361454 0
6087 0.02147926892826205 0.5383664103261628 0
6088 0.09540097072251885 0.2617130479506918 0
6089 0.01891862946724439 -0.1940945271100455 0
6090 0.02312191377406138 -0.2080528538275687 0
6091 0.03254429414544278 -0.1971949482373683 0
6092 -0.6874677558847777 0.001946509500857618 0
6093 -0.7015116489937032 0.005034772318724335 0
6094 -0.6969018238285501 -0.008691908464715237 0
6095 0.2413481212408988 0.001378883716588051 0
6096 0.2513978851908357 0.01179753230289946 0
6097 0.2373500020166238 0.01465277345106959 0
6098 -0.01443104924892867 0.2179896892628604 0
6099 -0.01880115092835621 0.2315839379472053 0
6100 -0.02828313179613561 0.2208513994598854 0
6101 0.08814131451303137 -0.2907334488217687 0
6102 -0.09089225403422738 -0.2750969889379826 0
6103 -0.0916039877462298 0.2748145831298623 0
6104 -0.7321065452474715 0.08969807526573823 0
6105 0.2671455001122277 -0.0906793963495417 0
6106 -0.7329946801721514 -0.01558087840698013 0
6107 -0.7187899110888354 -0.01767080321836472 0
6108 0.08185579305504057 0.008528477237311446 0
6109 0.09133351578857624 0.01927032697248069 0
6110 0.07736427812415882 0.02206246563731939 0
6111 -0.1852328009725 0.02454421642033439 0
6112 -0.1895362034993304 0.03767409406213226 0
6113 -0.198928595711777 0.02726240679449476 0
6114 0.5436929124676285 0.0211674575890836 0
6115 0.5335037508827899 0.01073935283122199 0
6116 -0.6734533793819975 -0.001086948607146001 0
6117 0.09501375457279729 -0.07404703376548959 0
6118 0.1039072865251562 -0.06485219193527465 0
6119 -0.09010007275394977 -0.7246427866379136 0
6120 -0.09010003188071045 0.7246426851987187 0
6121 0.2647880407312871 0.00935726837902417 0
6122 0.2607899215070121 0.02263115811350571 0
6123 0.1710234141180001 -0.02174814658201053 0
6124 0.1758254686327986 -0.03467083272080291 0
6125 0.1850162891078886 -0.0244544619411084 0
6126 -0.659475865145307 -0.004326491710356119 0
6127 -0.3123002821100436 0.08476259882667397 0
6128 0.541416359890435 0.03389085293592835 0
6129 0.5388425446928299 0.04941563338284677 0
6130 0.5276172203656069 0.04051566906216804 0
6131 -0.07194042163901437 -0.1841893970880504 0
6132 0.063338759867823 0.02490750997745059 0
6133 0.07281648260135865 0.03564935971261984 0
6134 0.1244268356138348 0.03780110200119454 0
6135 0.1198907508533448 0.05139049907988825 0
6136 0.1103871475522556 0.04065805502175533 0
6137 0.5540238230067931 -0.02085329187012192 0
6138 0.3255298895446733 0.08036544769410893 0
6139 0.5549182367948515 0.03006742190976233 0
6140 0.6905657324401233 0.08351406098815652 0
6141 0.08447178782186363 -0.08391001403827332 0
6142 0.09704586406069407 -0.08851523208520488 0
6143 0.008101169573490028 0.5322758741277027 0
6144 0.2842565094664675 0.03237113838240414 0
6145 0.2702390946818611 0.03425591056488268 0
6146 -0.6741581223048509 -0.08080343751896132 0
6147 0.5199249275607059 0.01476606041501904 0
6148 0.2568489391414098 0.03669617448875797 0
6149 -0.2698074383467121 -0.03500489706663974 0
6150 -0.2651108135391556 -0.0498211500560159 0
6151 0.2137045371150168 0.09894249004014131 0
6152 0.2144248235470219 0.08507924888094082 0
6153 -0.310984533938849 -0.08206998440211956 0
6154 -0.6313893420593992 -0.01019970076743966 0
6155 -0.6454892897697702 -0.007759263524199851 0
6156 -0.6408029545358731 -0.02069969473224199 0
6157 0.1013423461602732 0.0679327660894524 0
6158 0.08730860306181958 0.07081146982321858 0
6159 0.09181731969331186 0.05712615583421523 0
6160 0.1296067460757356 0.06270901812673738 0
6161 0.1155670580141564 0.06556597114729817 0
6162 -0.6500622526688332 0.006173502254446218 0
6163 0.1053741315161018 0.01640249825776718 0
6164 0.10088261658522 0.02993648665777512 0
6165 0.1002889526342717 -0.1024004743815426 0
6166 0.1108309193852054 -0.09253749410875882 0
6167 -0.06671794963164862 0.1401080731095987 0
6168 -0.07617334307312604 0.1293890018541623 0
6169 -0.06217218495517162 0.126465954464142 0
6170 0.05424338805750811 0.0520861668187579 0
6171 0.06828727046994051 0.04924963181036623 0
6172 0.0637396941824258 0.06284139457637308 0
6173 0.3829331419682575 -0.0482617158306695 0
6174 0.3740516613927196 -0.03695442358557068 0
6175 -0.09424538411612698 -0.2206442454468629 0
6176 -0.6173642629184102 -0.01317993882666061 0
6177 -0.6220505981523072 -0.000239507618618468 0
6178 0.3257849026445256 -0.08085433687107774 0
6179 0.05464277802543432 0.09001710901427573 0
6180 0.04514668877248491 0.0792625856971685 0
6181 0.05919190102294279 0.07643245290187201 0
6182 -0.6736475208469577 0.08080305653048707 0
6183 -0.6406541504240479 0.01620615010774495 0
6184 -0.627109527665388 0.01247260092499023 0
6185 -0.6316880007961396 0.0259380205921327 0
6186 0.08276080990233657 0.08440252814871749 0
6187 0.07323578343537521 0.07359591789348033 0
6188 -0.07700971606986853 0.3626070630117488 0
6189 -0.6130844485243989 0.00949236286576928 0
6190 -0.08013707148411855 -0.3346949250360889 0
6191 -0.603470826537879 -0.01683242020785044 0
6192 -0.612809570444971 -0.02679261335667163 0
6193 0.07790841649365747 0.6519122637262185 0
6194 0.07844865411647507 -0.3466251674001691 0
6195 0.07790841651951885 -0.6519122644867401 0
6196 0.07781509584826274 0.3475353540499541 0
6197 -0.3710239362224707 -0.07629518144302036 0
6198 -0.03856666665750107 -0.7306693635480521 0
6199 -0.02249708243860589 -0.7294828993403641 0
6200 0.6301597247271573 -0.07645576672419468 0
6201 0.3841690517984363 -0.07448265775305876 0
6202 -0.004656341183717711 0.5259807544294151 0
6203 -0.0160341531161556 0.5191877323960045 0
6204 -0.004529040434771606 0.5113466496471635 0
6205 -0.6136173862571555 0.07607556123023164 0
6206 -0.003403943107893966 0.5401169568765437 0
6207 -0.595717571196664 0.03101801596638452 0
6208 -0.6102300911221749 0.03295833811264581 0
6209 -0.6036308581119689 0.02026414926311669 0
6210 -0.034935270181446 0.04489702426866472 0
6211 -0.03038965762856063 0.03130916141525207 0
6212 -0.02089805334049195 0.04204028290302469 0
6213 0.1175519477608998 -0.06925779054053943 0
6214 0.1138714034744283 -0.05545773066339293 0
6215 0.002233388265340119 0.01200980528557934 0
6216 0.006780736367321772 -0.001577088869614756 0
6217 0.01627334596057034 0.009154483732500983 0
6218 0.0311052215628436 0.08211305051828871 0
6219 0.03565434456035207 0.06852839440588497 0
6220 0.1449224626220614 -0.07723528602910393 0
6221 0.1412971978179476 -0.0637893081303838 0
6222 0.1311413295142858 -0.07330930716737785 0
6223 0.03031344827340891 0.006299034780481974 0
6224 0.02576610017142725 0.01988592893567608 0
6225 -0.005796779995253675 0.4995819405575229 0
6226 0.1110583413826641 0.07925128513630153 0
6227 -0.02584570323199631 0.01772075686581506 0
6228 -0.02129909350214725 0.004133663182740836 0
6229 -0.01180583105775751 0.01486532636653783 0
6230 -0.584525799577436 0.004918351446282831 0
6231 -0.5985719285988882 0.007552040719507987 0
6232 -0.5939793899898661 -0.005853434951064579 0
6233 -0.002313221464508948 0.02559689896865357 0
6234 -0.6662763751528668 0.06560098532181356 0
6235 0.03486077677893548 -0.007287605778356895 0
6236 0.0443535309897924 0.003443839424818197 0
6237 -0.3682736605703572 0.07634708711350596 0
6238 -0.3540000447452718 0.07774635788857262 0
6239 0.630241431467769 0.07628015608395969 0
6240 0.02616165081447618 0.05779241488136409 0
6241 0.04020311802411749 0.05494195006024388 0
6242 -0.03947187852990428 0.05848805278999646 0
6243 -0.02998553384459141 0.06921752952595353 0
6244 -0.04401374648111837 0.07207743655951267 0
6245 -0.03079212589728297 -0.00659809037590338 0
6246 -0.01675225372304417 -0.009453520875180612 0
6247 0.1007993011775813 -0.2084634357738333 0
6248 0.0869833673862747 -0.2086057524988498 0
6249 0.3853297954396076 0.07502592243738609 0
6250 -0.05472428276558425 -0.0523808026696133 0
6251 -0.05017671004146899 -0.06596763576104794 0
6252 -0.04068381971796504 -0.05523583631086961 0
6253 -0.6166283248441327 -0.075231934340833 0
6254 -0.5707183571126491 0.002030294213667447 0
6255 -0.575310895721671 0.01543576988424001 0
6256 0.1062520968190802 0.09293414968940783 0
6257 -0.03988292007295036 0.02057749823145508 0
6258 -0.04896348281797296 0.04775693130222385 0
6259 0.07269041377408275 -0.09455960875047245 0
6260 0.07065830428618598 -0.08009141043075715 0
6261 0.1211772125650136 -0.08270376843925956 0
6262 0.004901040621891319 -0.1912697558430805 0
6263 -0.06750002478620554 0.06421669370409597 0
6264 -0.07699664489124945 0.0534834443998496 0
6265 -0.06299671127147514 0.05061471051930923 0
6266 -0.5566879391284023 -0.0009709874368125423 0
6267 -0.5659028429841673 -0.01148840587476973 0
6268 -0.05846010292301687 0.03702368199797748 0
6269 0.01394277489728971 -0.2184854490515836 0
6270 0.02756843957548809 -0.2215858701789063 0
6271 -0.1805893767026494 0.01127127229914287 0
6272 -0.1711969844902028 0.02168295956678036 0
6273 -0.05392128284365594 0.02343346883170757 0
6274 -0.04937732844709162 0.00984506428227055 0
6275 -0.05927180623861038 -0.03879384704004165 0
6276 -0.06876469656211433 -0.04952564649021998 0
6277 -0.0175378876214286 -0.08526137558254929 0
6278 -0.01284902505562174 -0.09888617456923272 0
6279 -0.003363570385133795 -0.08815646612322284 0
6280 -0.427782670123076 0.07210900837336945 0
6281 0.5719719184357124 0.07185291608861044 0
6282 0.07442997152874661 -0.4063503061678929 0
6283 0.07105463310592744 -0.5957176968565188 0
6284 0.07326804922049483 0.4080134982396763 0
6285 -0.5824518467205964 0.02921523146424901 0
6286 -0.5434286595507442 -0.003002568614166987 0
6287 -0.5482441736792258 0.01051613147427019 0
6288 -0.0004492707596316066 0.2151127950903238 0
6289 -0.009931251627411002 0.2043802566030039 0
6290 0.3906912668436416 -0.06187128101775657 0
6291 0.4429419530448506 0.07188432898871075 0
6292 -0.5562129347063782 -0.07267093868764789 0
6293 -0.01220513003557943 -0.02304038389370424 0
6294 -0.002712097640443705 -0.01230863033506003 0
6295 0.01745930085739437 0.1228779130064094 0
6296 0.007967389301199116 0.1121418065415689 0
6297 0.02200875751194039 0.1092915670333102 0
6298 -0.07341552435491372 -0.5937400763347508 0
6299 -0.07206981620356284 -0.420605207707712 0
6300 -0.07274932172909043 -0.4062788488382881 0
6301 -0.07208323708288834 0.418581836125996 0
6302 -0.4286628862328191 -0.07279502851338229 0
6303 0.06821134673040027 -0.4793524649308629 0
6304 0.05607026916950555 -0.4715170688182302 0
6305 -0.5894246975164268 -0.01946610948107559 0
6306 -0.5293383948147556 -0.00595432050599359 0
6307 -0.5377821602639321 -0.01744143941707632 0
6308 0.07223939297172959 0.4638637918193782 0
6309 0.0725044244147342 0.4495235955718382 0
6310 0.07390332701679453 -0.5360958876699236 0
6311 -0.09986222949274123 0.08360279379036954 0
6312 -0.09542501630476675 0.06997626813037386 0
6313 -0.08593717159395432 0.08071195324463201 0
6314 -0.04028573681141795 -0.01733015323959648 0
6315 -0.04977878997336815 -0.02806201763240156 0
6316 -0.03573833928013009 -0.0309171388266299 0
6317 0.1142435173852652 -0.01151903801319825 0
6318 0.1194731917196545 -0.02385858509250026 0
6319 0.1291690559696056 -0.01261853872995491 0
6320 -0.3120975889362971 0.01253685117299466 0
6321 -0.3022746704902547 0.02241093494484336 0
6322 -0.3163395801143342 0.02518569626403855 0
6323 0.4567913386185866 -0.071311437527106 0
6324 -0.5429709917342727 0.071496245338453 0
6325 -0.5286298833402925 0.07128491124250382 0
6326 0.4857635848306341 0.07014947728508145 0
6327 -0.4711362659986965 -0.07093443531025198 0
6328 -0.4854784915313107 -0.07081833430730024 0
6329 -0.5141431438010801 -0.006545276951906341 0
6330 -0.5223602435027128 0.05893895964815642 0
6331 -0.5289959599016725 0.04644545831553475 0
6332 -0.515610411824752 0.04622875402898598 0
6333 -0.07105073287865253 -0.5229259589920184 0
6334 -0.07102854788828994 0.4783463333067616 0
6335 -0.0216977322378562 -0.03377205758889548 0
6336 -0.007657576155255729 -0.03662716704877489 0
6337 -0.0712674985270756 0.1536947543871605 0
6338 -0.05726634040912118 0.1507717069971402 0
6339 0.04475069431163221 0.04135018729423703 0
6340 -0.7385267278715406 0.0359991446977304 0
6341 -0.106339805107645 -0.05454739663823936 0
6342 -0.1148886124785705 -0.06488638331595781 0
6343 -0.1008473907356911 -0.06774153626084506 0
6344 -0.1509765278615474 0.1574930411913998 0
6345 -0.1509765651361296 -0.1574930134868203 0
6346 0.01132786005478651 -0.01516395188813839 0
6347 -0.003196314107003165 -0.5188043108419762 0
6348 0.000852059800148559 -0.5326425037162643 0
6349 0.009696047252211378 -0.5220493878658843 0
6350 -0.008146158816288607 -0.5053506040976212 0
6351 -0.01699014626835143 -0.5159437199480014 0
6352 -0.05965766621802517 -0.4269942009164907 0
6353 -0.04731082217863324 -0.4339838374340138 0
6354 -0.4997473091360305 -0.01196795600533579 0
6355 -0.509296060862894 -0.02581587036233237 0
6356 0.0538463789374445 0.01417554794290361 0
6357 0.04929858341464433 0.02776244201820405 0
6358 -0.5686444042558093 0.02632717423163362 0
6359 -0.1325245840365515 -0.1414090675945023 0
6360 -0.119760491991401 -0.1389157808966125 0
6361 -0.03119078539980639 -0.04450392198170055 0
6362 -0.05596714975625815 -0.5159257506057912 0
6363 -0.06795451129715813 0.02629124804879295 0
6364 -0.05934941006269243 0.4861688073402251 0
6365 0.05968793275728916 0.4708043165788593 0
6366 0.1534306977131215 0.1581691663012461 0
6367 0.1637666888076367 0.1482486561515125 0
6368 0.1520791384757342 -0.1563661927487759 0
6369 0.001212143227681969 -0.4942757757352291 0
6370 -0.01258168893366629 -0.4914151848412543 0
6371 -0.04483257659052103 -0.003742969181675037 0
6372 -0.0588709393612266 -0.0008869985814225524 0
6373 -0.1082943565165429 0.1110120557018725 0
6374 -0.1037140844124517 0.09740386162953667 0
6375 -0.09495465688601999 0.1079466729769636 0
6376 0.05013151753850863 0.461540677734351 0
6377 -0.5209720720200526 -0.03511848830664596 0
6378 -0.4904938422802069 0.001242278130339849 0
6379 -0.1130628218983351 0.1243776679872052 0
6380 -0.1218222494247668 0.1138348566397783 0
6381 -0.06421700858472695 0.3678428312326928 0
6382 -0.4350261990649486 0.05990529419012505 0
6383 -0.09586923615810473 -0.0806833606178096 0
6384 -0.0873204287871792 -0.07034437394009116 0
6385 -0.02664321267569114 -0.05809075507313519 0
6386 0.01076052500959257 -0.483472979160526 0
6387 0.01519605512697026 -0.4974083984168929 0
6388 -0.07202608220321415 0.07781165841694992 0
6389 -0.05802614858343984 0.07494292453640956 0
6390 0.0757640719443948 -0.294957885672137 0
6391 -0.07646329539118862 0.09143818407694561 0
6392 -0.4784072872777534 0.009653158883862412 0
6393 -0.3787985751770402 -0.06415789767328753 0
6394 0.765570716350385 -0.03600146743124975 0
6395 0.7760484235903532 -0.0258344613203355 0
6396 0.1289678902537404 0.02420114361921707 0
6397 0.1384714935548296 0.03493358767735 0
6398 -0.3307003150420817 0.02899455935021478 0
6399 -0.3208773965960393 0.03886864312206348 0
6400 0.09490471565053435 -0.7375738906515572 0
6401 0.3930265602067059 0.06275058083935035 0
6402 -0.6099891749935278 -0.06092514572275153 0
6403 0.006089490922667076 -0.4700113493814687 0
6404 0.02007340282195537 -0.4731439720631325 0
6405 -0.04853980389812697 0.08567240127236664 0
6406 0.06413624760386699 0.1007736252697848 0
6407 0.05009103535340911 0.1036037580650813 0
6408 0.02695271708298703 0.133612375544454 0
6409 0.01291134887224576 0.1364626150527127 0
6410 -0.3735432155484638 0.0611753541173131 0
6411 0.4286895480331238 -0.01126548820732174 0
6412 0.4324170016025924 -0.02525104767138849 0
6413 0.1174463184913824 -0.1198083253278493 0
6414 0.1038976098758472 -0.1155919883286114 0
6415 0.1072699204084465 -0.1289775772513642 0
6416 0.1244203011385913 -0.09658901073559722 0
6417 -0.009480941570082561 0.2423226173603428 0
6418 -0.0233330241172895 0.2451843275573679 0
6419 0.09634653182472999 0.04352588373646885 0
6420 0.0009562485139237818 -0.454732918533173 0
6421 -0.008356629298439007 -0.4650619256305665 0
6422 -0.4664611809877461 0.005492283832322854 0
6423 -0.4684751757793023 0.01996352386059581 0
6424 0.07593010659518271 -0.1083577462444606 0
6425 0.6239184293739033 -0.06496924253374786 0
6426 -0.02209433997239522 -0.07167716826942183 0
6427 -0.01260130565423658 -0.06094525394025276 0
6428 0.01180311466244837 -0.4455784111908699 0
6429 -0.002643005558657711 -0.4406289874399677 0
6430 0.05839370744297107 0.0005889073840647362 0
6431 0.06251465812054433 -0.01262087124121682 0
6432 0.07200750606819642 -0.001889162723131405 0
6433 -0.01306506345832237 -0.1366495918371452 0
6434 -0.003061347870613934 -0.1262543256950323 0
6435 0.02282523194721067 -0.2455214624197318 0
6436 0.03633843627973166 -0.2481773659427591 0
6437 0.0319025050312374 -0.2346743689259485 0
6438 -0.3406025208564669 -0.01969951638162413 0
6439 -0.354576214831312 -0.0164513943965509 0
6440 -0.3500091244207795 -0.02995250161861307 0
6441 0.0901125545513359 -0.1115697263050575 0
6442 0.1098822061773371 0.002728673460909919 0
6443 0.1194313069739809 0.01339483314620435 0
6444 0.1661621586338619 -0.008689704815804944 0
6445 0.1569713381587718 -0.01890607559549945 0
6446 0.2223535161819549 -0.02009628097809313 0
6447 0.2129625812269846 -0.03030822451882806 0
6448 0.2270092040039577 -0.03316448840834548 0
6449 -0.4342609740195682 -0.01264902527842541 0
6450 -0.4281926411670505 -0.02573968235973262 0
6451 0.06447535282642686 -0.3516558058390636 0
6452 -0.2014932637174012 0.1041525667472905 0
6453 -0.2015197121419998 0.09076446505042812 0
6454 -0.4524481258663116 0.002780311003801007 0
6455 -0.0674344125667094 -0.3413446633425691 0
6456 -0.04074789835215338 -0.1308046334968364 0
6457 -0.05286309606896086 -0.1294199047715006 0
6458 -0.04770645051176531 -0.1428041804508681 0
6459 0.01183192509533747 -0.332330346353907 0
6460 0.02083010124435312 -0.3216789765907156 0
6461 0.007752980407824807 -0.3185507884383599 0
6462 -0.1132019291232641 0.08666817651527853 0
6463 0.4474347106671807 0.009414188082108609 0
6464 0.4555538719135214 0.02039725903839995 0
6465 0.4418533871234437 0.02296883170268511 0
6466 -0.02247205954005626 -0.1095775862933363 0
6467 -0.008297742303761457 -0.1124726768340099 0
6468 -0.01315327725118808 0.4445100015058189 0
6469 -0.01816117688963026 0.4573240837769538 0
6470 0.05318650225061468 -0.02349797312128626 0
6471 0.06680030087584002 -0.0259760432284824 0
6472 0.08231278872627634 0.04640458747023503 0
6473 0.03525831338125371 0.03061822525969004 0
6474 0.1034457609071945 0.2078056547219514 0
6475 -0.05961834834799624 -0.07668243681400513 0
6476 -0.04557788530037703 -0.07953747045526145 0
6477 0.4712072080670159 0.01737352616932431 0
6478 0.02532433608104467 -0.01798055842292826 0
6479 0.03936441879742817 -0.02083575377859204 0
6480 -0.04323255836072187 0.1479058762218839 0
6481 -0.04778210725614886 0.1614925574994457 0
6482 -0.4386953056672387 0.0003480511517385994 0
6483 -0.4427762492902222 0.01337038895699384 0
6484 -0.03157979464288316 -0.0824068767154317 0
6485 0.03411979845932602 -0.04488943102738474 0
6486 0.02032202417880467 -0.0422482005210076 0
6487 0.02461384453859333 -0.05560892512522893 0
6488 -0.2085886539537207 0.01690499129045953 0
6489 -0.2128920564805511 0.0300348689322574 0
6490 0.0158315020732792 -0.02871209988837353 0
6491 -0.007890029658409022 0.4318505951892705 0
6492 0.001164172239677234 0.4411548317536627 0
6493 0.02212305302571053 -0.4346251152409997 0
6494 0.02572230709829203 -0.448729046334205 0
6495 0.003259070377341248 -0.3428173855973007 0
6496 0.01633619121386956 -0.3459455737496565 0
6497 -0.08100098158928892 0.1050426810566666 0
6498 -0.08558125369338011 0.1186508751290025 0
6499 0.1380247321549249 -0.003063312739973387 0
6500 0.1432544064893142 -0.01540285981927539 0
6501 0.0795387638367582 -0.1215492601915295 0
6502 -0.4245890974434788 -0.002058947325232579 0
6503 0.6243165442545835 0.06321929030448695 0
6504 -0.2366149467197997 0.02248895411948116 0
6505 -0.2263296377261287 0.03296288625077756 0
6506 -0.2403924697234336 0.03577438694203656 0
6507 0.194260563999036 -0.01438589644544586 0
6508 0.1990626185138344 -0.02730858258423824 0
6509 0.01615807319951165 -0.4203472554423857 0
6510 0.03007726563535531 -0.4234978905857208 0
6511 -0.115435675628875 -0.02737181807144422 0
6512 -0.1059417871404547 -0.01663988819209732 0
6513 -0.119983373155203 -0.0137841259977401 0
6514 0.01060709227226639 0.4150719697257341 0
6515 0.02506647608272291 0.4117461262659465 0
6516 0.02088680364291282 0.4251695819773268 0
6517 -0.3873305949830753 0.00241395608132821 0
6518 -0.3967290983457971 -0.007815337166679943 0
6519 -0.382690369521242 -0.01075316310292207 0
6520 -0.4107620448017193 -0.004852120868913127 0
6521 -0.4151963764493898 0.008144955561250885 0
6522 0.00632554815254651 -0.03943159398621773 0
6523 0.4517973897013239 -0.003560193198516412 0
6524 0.4550745218099626 -0.01593831451342373 0
6525 0.4644123275658971 -0.005535505897083862 0
6526 -0.3403250361656949 0.01764291434712185 0
6527 -0.3448628526474 0.03132586120514678 0
6528 0.065151650372412 -0.6477525383203603 0
6529 -0.07770721127089586 0.278442296768092 0
6530 -0.002645163393198304 0.418197989976612 0
6531 -0.01696261288406362 0.4215531597287682 0
6532 -0.2878655490300305 0.02032028044291336 0
6533 -0.2921075402080675 0.03296912553395725 0
6534 0.4243268689989805 0.001708893073303287 0
6535 0.4380969049112461 -0.0009886205342312573 0
6536 -0.3592307387127598 -0.003361139507237937 0
6537 -0.3686373422770724 -0.01361412474422688 0
6538 -0.06381920376989823 -0.02520686145300823 0
6539 -0.09101831061067188 0.05639373948887866 0
6540 -0.08651499709594149 0.04279175630409193 0
6541 -0.09190046510996353 -0.01949635840011629 0
6542 -0.09644816263629152 -0.005908666326412166 0
6543 0.02655720586536079 0.09570135118902097 0
6544 0.01706486165322794 0.08496715989773744 0
6545 -0.01832140473236474 0.2693264714712051 0
6546 -0.0313110518812888 0.2721799766198332 0
6547 -0.0270024619079399 0.2587765121191334 0
6548 0.08184414136609958 0.266147588288857 0
6549 -0.07327972364934052 -0.07319940020842367 0
6550 -0.06868089890824856 -0.08676923490263719 0
6551 -0.4061218193398861 -0.01801924005316341 0
6552 0.01162707352340021 -0.4067842126346476 0
6553 0.003672860913755434 -0.4179114372899265 0
6554 -0.07825787822692687 -0.06025757585145912 0
6555 -0.03632267126621355 0.2480378327059959 0
6556 -0.05103978672806538 0.2517846303245225 0
6557 -0.04737034893741499 0.2381924457627569 0
6558 0.08597674373261383 -0.004681301387970106 0
6559 -0.1712910302956923 -0.01584206528440739 0
6560 -0.1620578940991384 -0.005196907560437121 0
6561 -0.1757866964169061 -0.00223514227838143 0
6562 -0.08280540169995301 -0.04667062022188747 0
6563 0.04554258699998871 0.1171939739093706 0
6564 0.03604911742155605 0.1064374576538615 0
6565 0.4101817214150788 0.004117398806084901 0
6566 0.4195890782932012 0.01439426647917538 0
6567 0.007641656838070039 -0.3935899812612927 0
6568 0.02012686912382625 -0.3960257994137519 0
6569 -0.3918834474166542 0.01602081089541799 0
6570 -0.4059131941891103 0.01899026638930042 0
6571 0.3961274946422955 0.006975028664613395 0
6572 0.1481156619734525 -0.02846130158548098 0
6573 0.001534509046611791 0.4047745342652317 0
6574 0.005941044636576003 0.3911119517964095 0
6575 -0.007311211028888689 0.3942379720472873 0
6576 -0.1622387240680831 -0.04303661966265418 0
6577 -0.1720686024094568 -0.05316820231322549 0
6578 -0.1582952465952192 -0.05611380223999724 0
6579 -0.1049433685094588 0.0592845800346162 0
6580 -0.06708989219854875 0.1021423862289846 0
6581 0.006561686613820592 -0.1155629139709287 0
6582 0.01787747143375539 -0.1035634433508878 0
6583 -0.4197402468308699 0.02178343993298097 0
6584 0.01212202468087411 0.06064734461120148 0
6585 0.01667079814463953 0.0470609002655604 0
6586 0.04365006155272386 -0.03419092576585762 0
6587 -0.04102143294941041 -0.09312167776838891 0
6588 -0.1459349762604196 -0.1444972198362254 0
6589 -0.1415683046829339 -0.1309115665105639 0
6590 -0.130008861140565 -0.06445599432628844 0
6591 0.3448101560478731 0.006040535641128665 0
6592 0.3543108876699929 0.01678267850367437 0
6593 -0.01515740753039984 -0.3640331212471377 0
6594 -0.02892359891943849 -0.3590429492324489 0
6595 -0.02479837540116371 -0.3727139509175193 0
6596 -0.003167054049730259 -0.05016326768140895 0
6597 0.3683051666331431 0.01361369092355629 0
6598 0.3729169313941235 0.0003261209377360534 0
6599 0.3821992938143109 0.01043485510309003 0
6600 0.002039541487752379 0.367081614870147 0
6601 0.01094957125861895 0.3776675694126924 0
6602 0.04794188191251253 -0.04755165037007895 0
6603 0.09224910605420958 0.09523768609477629 0
6604 0.07817628642776522 0.09802213416503802 0
6605 -0.3311798719575131 -0.009460280432274799 0
6606 0.07362454375574 0.1116087832158436 0
6607 -0.09012701836985712 0.1322929937744592 0
6608 0.09033805494054187 -0.01892901286207828 0
6609 0.100186341927386 -0.008511372901635429 0
6610 0.01979529133411943 0.3882041316306368 0
6611 0.391515729881315 0.02026259865043363 0
6612 0.002554634213185514 -0.3802678454863025 0
6613 -0.005945161387240535 -0.3910262587071983 0
6614 0.1436082739355106 0.05998712952282717 0
6615 -0.002955608748253808 0.3425387559227791 0
6616 -0.007057463872285655 0.3564322300238162 0
6617 -0.0169968310349687 0.3453831457847663 0
6618 0.1016675733445088 0.1065537557057284 0
6619 0.1102490845396782 0.1144370347953123 0
6620 0.0962460937748076 0.1167405712006807 0
6621 -0.3778447185920991 0.01308298495917587 0
6622 -0.1175848541815678 0.1383103007647412 0
6623 -0.1040569612733439 0.1354874998268354 0
6624 0.02722703028903484 -0.09279346300806074 0
6625 0.01067485103595252 -0.0910112847670792 0
6626 -0.1073642576752898 -0.1365798140420374 0
6627 -0.1157616781429547 -0.1254874474142657 0
6628 0.1851629304247047 0.01279784360564954 0
6629 0.1942433007879925 0.02308238101680354 0
6630 0.1801983804682881 0.02593597235251138 0
6631 -0.007885952858965553 -0.5431457110416928 0
6632 -0.02218847536662685 -0.5401248316594824 0
6633 -0.01803412666652641 -0.5538731160088191 0
6634 0.3635932500901803 0.02689141266902834 0
6635 -0.1538809101835993 -0.07173256492489666 0
6636 -0.1440510318422256 -0.06160098227432535 0
6637 -0.09762156273559036 0.2227365501213598 0
6638 0.00500640850024899 -0.5463907880656009 0
6639 0.009941359869915924 -0.5601784792420533 0
6640 0.01867937252903003 -0.5496752719166249 0
6641 -0.00163442375812586 -0.3670683679626291 0
6642 0.01195239446718471 -0.3696320905167236 0
6643 0.02121821106841514 0.03347367421170905 0
6644 -0.3638897199647667 0.009725173173569966 0
6645 -0.3684425723983456 0.02333202798765975 0
6646 -0.008368957244735164 0.3180420435026019 0
6647 0.001650328026529287 0.3289734736840543 0
6648 0.04559209565775246 0.1549633338728208 0
6649 0.0590029972944052 0.1536603071786238 0
6650 0.054107324254362 0.1671289451477882 0
6651 -0.01200168079896251 0.3699260047321342 0
6652 -0.01847339857347864 0.3845364417312815 0
6653 -0.02757040393351668 0.3738870568849507 0
6654 -0.02737726436539742 -0.5645110287777899 0
6655 -0.01307474185773613 -0.5675319081600003 0
6656 -0.09684633648944613 -0.04381506492446403 0
6657 -0.1108875582323255 -0.04095991197957678 0
6658 -0.1190700720824213 0.06235691530090062 0
6659 -0.1146633663883264 0.04877438665940542 0
6660 -0.3780358456397943 -0.02384341799223503 0
6661 -0.03194073806658069 0.3476802328130132 0
6662 -0.02783888294254884 0.3337867587119762 0
6663 0.1281905176492448 -0.1103740334046313 0
6664 0.1385368108290531 -0.100540307735132 0
6665 -0.08735315482463357 -0.03308313556322488 0
6666 0.2037183063358372 -0.0403767900144906 0
6667 -0.005759647276400636 -0.3533973662775588 0
6668 0.2883016906542768 0.01778505591233523 0
6669 -0.006860634388284556 0.03918412502250491 0
6670 -0.01140624694116993 0.05277198787591756 0
6671 -0.01026391339493273 -0.3397821388818094 0
6672 -0.14701636277715 0.1423448277536175 0
6673 -0.03907215426366285 0.09639865317249355 0
6674 -0.05308455636598432 0.09926414114939044 0
6675 -0.05046203375812661 -0.1038363146628437 0
6676 -0.03646394310063274 -0.106705720923014 0
6677 -0.001915412389261462 0.06350356822172286 0
6678 -0.01595283134146885 0.06635972610224264 0
6679 0.2313695440908423 -0.0461419040323274 0
6680 0.2407604790458126 -0.03592996049159248 0
6681 -0.02287993416344285 0.3981990242001038 0
6682 0.1334759649149757 0.01052731882235981 0
6683 -0.03191266034877246 -0.1202922231877912 0
6684 0.04099421888296565 0.1307611847009035 0
6685 0.03644626689781704 0.1443458867472068 0
6686 0.05503613681481871 0.1279274851121234 0
6687 -0.1249291442470738 -0.03810414978521956 0
6688 0.07055933300779796 -0.1327479142873987 0
6689 0.08474178096395116 -0.1359598943479955 0
6690 -0.1279187032536626 0.09106879137606591 0
6691 -0.1240668483339522 0.07726772353689879 0
6692 -0.1337868462128198 0.06675753016168801 0
6693 0.05918464296023711 -0.1422234360970521 0
6694 -0.3498285925190063 0.006887903521245945 0
6695 -0.05762224256408462 0.1128686381291115 0
6696 -0.0481668491226072 0.1235877093845479 0
6697 -0.02675601479157691 -0.1336764988671587 0
6698 -0.02190030146170329 -0.1471620021461905 0
6699 -0.1418661275536295 0.1284476760599733 0
6700 -0.1317409500300795 0.1410976206187552 0
6701 0.001381818653565662 -0.0637496808776956 0
6702 -0.07291126591179878 0.001967949174045948 0
6703 -0.0683665140552282 -0.01162008428989964 0
6704 -0.02175420019653026 0.3199876989176296 0
6705 -0.03669810722814225 0.3222847859458765 0
6706 0.3363646872109942 -0.004493677510413307 0
6707 0.3505773353760767 -0.007029256393339662 0
6708 -0.1371774039490312 -0.1170628190059636 0
6709 -0.1505877961728992 -0.1201509712476867 0
6710 0.2688078633167699 -0.00376896659644556 0
6711 0.2781998996329462 0.007064659214160693 0
6712 -0.335666054913688 0.004556601666313944 0
6713 0.1484431883586718 -0.09080220217787185 0
6714 0.1585990566623337 -0.08128220314087781 0
6715 -0.2742518410762174 -0.02146631379236554 0
6716 0.08502932033380228 0.1239209883948743 0
6717 0.07098928150990405 0.126672479499621 0
6718 0.1315628281818441 -0.1237596223273841 0
6719 0.1349205600489507 -0.1377937735792074 0
6720 -0.09464905065308987 0.1462256265519953 0
6721 -0.0150429108323645 -0.3262593890627931 0
6722 -0.02406162848610639 -0.3368393697430512 0
6723 0.066440913392881 0.140239690291154 0
6724 -0.0196570879504129 -0.3126814113608296 0
6725 -0.005859372859239242 -0.3156241804995878 0
6726 -0.2433969126265191 0.05114343884482372 0
6727 -0.2536822216201902 0.04066950671352731 0
6728 -0.1389713149487344 -0.03524913773325647 0
6729 -0.134423197552185 -0.04883723164138902 0
6730 -0.1245224801368929 -0.0001934763363923377 0
6731 -0.1340163686253132 -0.01092540621573924 0
6732 -0.3216763156042017 0.001294730393601102 0
6733 -0.2551320355718137 0.0004725408275861338 0
6734 -0.2646624776496599 -0.01030691923122373 0
6735 0.3198911118947131 -0.004288289681746781 0
6736 0.1367817175188806 -0.152974945207326 0
6737 0.1226797864939116 -0.1483750858787208 0
6738 -0.1898225128992033 0.0006261145751726011 0
6739 -0.08694730413233337 0.004833172032629732 0
6740 -0.1009886261628245 0.007689642240648704 0
6741 0.2150050594338782 -0.1006188471752756 0
6742 0.1522945468756418 0.03206248428857827 0
6743 0.1477534922357362 0.04566244267055573 0
6744 -0.1480588517924638 -0.008069293560427281 0
6745 -0.1525545179136776 0.00553762944559868 0
6746 0.1475613154346843 0.007742997733039332 0
6747 -0.01500875320814959 -0.2884452731307389 0
6748 -0.02450964281100282 -0.2991844253656446 0
6749 0.009604620259564017 0.2638284864053744 0
6750 0.02358066170588914 0.2609461420020306 0
6751 0.007178584934813076 0.03632860394154644 0
6752 -0.3076114059801223 -0.001480030925594084 0
6753 0.003528322975724862 -0.2671531985855179 0
6754 -0.005583311062345947 -0.2777249105470314 0
6755 -0.07785953032047041 -0.02235191369753973 0
6756 0.02724934802566598 0.20926907840313 0
6757 0.04126457754536905 0.2040584079203219 0
6758 0.03704870860077397 0.2177616760972675 0
6759 -0.1571171147531883 0.01913191376856745 0
6760 -0.1617605390230389 0.03240485788975897 0
6761 0.03155059385777384 0.1578145247163713 0
6762 0.02694483767843718 0.171383636268106 0
6763 0.01779900891850176 0.160766189142492 0
6764 0.003760453730026458 0.163616164178205 0
6765 -0.0008155163236576359 0.1772022261099744 0
6766 -0.01024831533279627 0.1664830895939525 0
6767 0.06331785441065205 -0.1563255766364575 0
6768 -0.01722818153032857 0.3065400707365022 0
6769 0.1754276481940621 0.03950592452272469 0
6770 0.1663472778307744 0.02922138711157069 0
6771 -0.09601221523711514 0.0320667659964058 0
6772 -0.08199054951769272 0.02915647090737673 0
6773 -0.03369318078412808 -0.3098196339288498 0
6774 -0.1980276230618959 0.07628891483866315 0
6775 0.2143468880635384 0.07065304876377207 0
6776 -0.143519744810774 -0.02165994322177504 0
6777 -0.1530137981158851 -0.0323930250779445 0
6778 -0.07586584686052608 0.1671994245656004 0
6779 -0.06599891670950675 0.1776036802440856 0
6780 -0.08004887426548465 0.1804447165349841 0
6781 -0.9196413719784206 -0.3339896284932561 0
6782 -0.9214465129166793 -0.3482173443197502 0
6783 -0.07745172943833178 0.01556625774110682 0
6784 0.3058040100838629 -0.0008867381262542724 0
6785 0.2923215132397595 0.0046588209368655 0
6786 -0.01404205418314931 -0.2135396580809824 0
6787 -0.02729328625622415 -0.2119764432411295 0
6788 0.2957022190625322 -0.01160713482442881 0
6789 -0.2792703865534832 -0.007349791885888128 0
6790 -0.2838568512195717 0.006785846264526579 0
6791 -0.2934462146461291 -0.004373548296615236 0
6792 0.005985988470145653 -0.07738648578039577 0
6793 -0.03262735757772774 -0.1592170698463403 0
6794 -0.01893640624447319 -0.1621901628163268 0
6795 -0.08531745608305352 0.156535790678059 0
6796 -0.01340949695649239 -0.8562186006714594 0
6797 -0.1857768475679181 -0.05091585673550669 0
6798 -0.1818333700950542 -0.06399303931284976 0
6799 0.1724592826798513 -0.0849273944559254 0
6800 0.1689385569432409 -0.07136047830715747 0
6801 -0.014678815106289 -0.1759161547511959 0
6802 0.01542024007465197 -0.06660449952155197 0
6803 0.02921801435517333 -0.06924573002792911 0
6804 0.1616140463898169 0.004901900556031754 0
6805 0.1570652791498677 0.01849253211836496 0
6806 0.0178192487550123 -0.2698149685333759 0
6807 0.02167721083108788 -0.2833123707659702 0
6808 0.03111912527178052 -0.2725218616691368 0
6809 0.1574313272563228 0.05711602613405543 0
6810 -0.01323646664212356 0.2936621756466897 0
6811 -0.02662170959391866 0.2956078310617174 0
6812 0.2095395333148953 0.02216455138746416 0
6813 0.2045749833584787 0.035302680134326 0
6814 0.02232923485471307 0.1849505554602056 0
6815 0.01775787191607356 0.1985345863283259 0
6816 0.00862188980052558 0.1879193315623471 0
6817 -0.004433192937425147 0.2666887863228291 0
6818 -0.008741782910774043 0.2800922508235288 0
6819 -0.001048107831483991 -0.2913258402139168 0
6820 0.007575440280575182 0.07423508283752656 0
6821 -0.05925730429122804 -0.6024655582514734 0
6822 0.03608081979398516 0.1819988910340848 0
6823 -0.1667871539301226 -0.02944742515117275 0
6824 0.2336354909259711 0.02972813627118382 0
6825 0.2235857269760342 0.01930948768487241 0
6826 -0.2033817515751411 0.002968247122088012 0
6827 -0.2173452123439152 0.005740709259850641 0
6828 0.1756661223490452 0.002059829569520678 0
6829 -0.1997781108366825 -0.1048617507797919 0
6830 0.008534306167923241 -0.2428596924718739 0
6831 0.0129702374164175 -0.2563626894886846 0
6832 -0.1100620967886574 0.03496978905284893 0
6833 -0.1055376492104086 0.02133450365613374 0
6834 -0.0003327211469204283 -0.2158175628857693 0
6835 0.004113804654506283 -0.2293505792371069 0
6836 -0.1805159562478904 -0.02648565986911706 0
6837 -0.2315675813695982 0.008406466204070373 0
6838 -0.2456304133669032 0.01121796689532937 0
6839 -0.1985790712893978 -0.01053816745543629 0
6840 0.004556871626906602 0.239462317442888 0
6841 2.499843797331563e-05 0.2530627070530506 0
6842 -0.02049469929268295 0.07994910987175884 0
6843 -0.008808292414337563 -0.1889918510382937 0
6844 -0.004213083940365889 -0.2026745278954591 0
6845 0.01354200297147848 0.2122378545052715 0
6846 0.009042205349960815 0.2258472871651279 0
6847 0.2458980716870194 -0.01221445114959632 0
6848 0.249721460858627 -0.02516632119311826 0
6849 0.2592193935867184 -0.01442822747510402 0
6850 0.2726312524883774 -0.0167208366399675 0
6851 0.2178035657358343 -0.006502946111908756 0
6852 0.2318501885128074 -0.009359210001426185 0
6853 -0.2601794009220153 0.01455502874299692 0
6854 0.1897110426687497 -0.0007937617661871628 0
6855 0.2037573720746954 -0.003647882409317002 0
6856 0.01854814535801669 0.2365873768578357 0
6857 -0.0237929396685462 -0.1873209268035745 0
6858 0.213254044405548 0.007089188567349941 0
6859 0.2540818009455116 -0.03814373681710018 0
6860 0.0002144454181123986 -0.5699732739699239 0
6861 0.01388740944689344 -0.5732577578209477 0
6862 -0.03868324946110509 0.1343166758194262 0
6863 -0.02919901630813276 0.1450375263217317 0
6864 -0.2671925416355595 0.04345851482417087 0
6865 -0.2641880987324741 0.0280894629213837 0
6866 -0.009128692280758605 -0.5806111867388948 0
6867 0.00313880328977641 -0.3049728107363964 0
6868 0.01256424543558006 -0.2942524481526889 0
6869 0.02586412195234828 -0.2969593412884498 0
6870 0.02791459383061675 0.2460325757276621 0
6871 0.03743244390154341 0.2567763105940969 0
6872 0.03239992755367096 0.232417545449902 0
6873 -0.2736897209373846 0.01734403685364047 0
6874 -0.1150385077143668 0.01059266529709184 0
6875 0.003027424583092369 0.08782338350825881 0
6876 -0.01101190257761663 0.09067696814677789 0
6877 -0.02504460508073918 0.0935347715704888 0
6878 -0.7854308048545164 0.09893107252430577 0
6879 -0.129071503184477 0.0134513850790927 0
6880 -0.1241888003616199 0.03804212431913336 0
6881 -0.02958935754859653 0.1071265114475126 0
6882 -0.001522481204963868 0.1014090452069888 0
6883 -0.2322364205240807 -0.9370891848144904 0
6884 -0.2323045762877221 0.9371452736075027 0
6885 -0.006071937859509882 0.114995391180088 0
6886 -0.1521943122020038 0.04299034319558868 0
6887 -0.1662741819390183 0.0455413889938016 0
6888 -0.01936865775159421 0.1936631511506312 0
6889 -0.005386879262297153 0.1907862569780946 0
6890 -0.01971033524343086 0.1557618771931863 0
6891 -0.02428630529711496 0.1693479391249557 0
6892 -0.01425777943055974 -0.7413564213674753 0
6893 0.008366209909363124 0.1500470526264702 0
6894 -0.02319672207182423 0.817891519594752 0
6895 -0.03106789418452621 0.8059619607379055 0
6896 -0.03106793953053262 -0.8059661494435173 0
6897 -0.02319647063643025 -0.8179265212952835 0
6898 -0.01516102634381408 0.1421726767907286 0
6899 -0.02010575788709442 0.1178554778823909 0
6900 -0.03413330707001809 0.1207193594843957 0
6901 -0.05663095655955738 0.2272043890143331 0
6902 -0.04191384109770556 0.2234575913958065 0
6903 -0.09683950275896555 -0.7796846075998238 0
6904 -0.09683948994503727 0.7796843977736609 0
6905 -0.1382353696236567 0.04085026700861796 0
6906 -0.1336341000239877 0.02704566940206147 0
6907 -0.03824453296138801 0.1721585165519771 0
6908 -0.05227831500978732 0.1750243473272334 0
6909 -0.1431180724465138 0.01625952776857729 0
6910 -0.02878251305075341 0.1828797289527434 0
6911 -0.5476550491122472 -0.02777804189382901 0
6912 -0.5335647843762588 -0.03072979378565562 0
6913 -0.01061588738093144 0.1285882392169711 0
6914 0.9066869393002825 -0.8527764657847419 0
6915 0.02495037248652 0.7761558567001019 0
6916 -0.1477457887911669 0.06889760634865874 0
6917 -0.142749012539636 0.05398679811266058 0
6918 -0.901044672309589 0.2476891495680095 0
6919 -0.8954958059283955 0.2330244768493119 0
6920 -0.03332688541586726 0.1964737285776527 0
6921 -0.02968442166675403 -0.586856594721329 0
6922 -0.02521161310129725 -0.5966762627891612 0
6923 -0.01794507099115035 -0.5879894889968034 0
6924 0.8699811025742443 -0.1167314559157498 0
6925 0.8800646959185447 -0.1066841674953936 0
6926 -0.001127206316229538 0.1393125900884256 0
6927 0.0872123582056506 0.7096047280601258 0
6928 -0.05646134241474589 0.1882696392966171 0
6929 -0.04695759471743721 0.1990799205135738 0
6930 -0.06067819641715664 0.201659253430426 0
6931 0.8474931732518888 0.9140097731786714 0
6932 0.856922598300179 0.9253055690877489 0
6933 -0.03754373941827801 0.2098633427114616 0
6934 -0.5308449608683676 -0.04545509078339866 0
6935 -0.6587904863415612 -0.9216743515283319 0
6936 -0.6445452872683308 -0.9233367500730831 0
6937 -0.3121641324736298 0.916224129557476 0
6938 -0.3177367400026687 0.9299716092478684 0
6939 0.08503945898741919 -0.1692224769096591 0
6940 0.07762369358503191 -0.182991244210311 0
6941 0.7871982477265943 -0.01543304029893138 0
6942 -0.1505975801943235 -0.9201252169698542 0
6943 -0.1426351467896396 -0.9318485005825878 0
6944 -0.1515297937524177 0.9183861848015409 0
6945 0.3400150645176859 -0.9202441151130683 0
6946 0.3542602635933447 -0.9219065136579478 0
6947 -0.1653038825505498 -0.1029680100737493 0
6948 0.1782260800985415 -0.9617599920531092 0
6949 0.1723880539383505 -0.9468952145571979 0
6950 0.06860855912371588 0.2711240747627031 0
6951 0.8742063902497239 -0.03828514960337574 0
6952 0.8782264089218211 -0.05299014609393432 0
6953 -0.04151439244729907 -0.3542531302440268 0
6954 -0.05502234035342542 -0.3483002490455952 0
6955 0.8371081426488136 -0.001308885223645248 0
6956 0.8408489912453478 -0.01642413334180307 0
6957 -0.8608936428353045 -0.9015247385976779 0
6958 -0.8496418458151984 -0.9116935697201269 0
6959 0.9224537229620373 -0.6518228871923089 0
6960 0.9239809546390179 -0.6375624587702289 0
6961 -0.04239942166483583 0.3081595684605573 0
6962 0.9855969800759765 0.2271126810734025 0
6963 0.9233585324658089 0.3486474260991013 0
6964 0.9248857641428481 0.3629078545232894 0
6965 0.7270726107531291 0.01323556382522955 0
6966 0.7714397201111403 0.09381591001644535 0
6967 -0.02251222870840755 0.7294808944510994 0
6968 -0.03857399233956302 0.7306624930255656 0
6969 0.06221546538695025 -0.7512758262528212 0
6970 0.6884091747254067 0.9167171310732503 0
6971 0.683949812867913 0.9290842267114454 0
6972 -0.9640698761115789 -0.6697596215123076 0
6973 -0.8490179061724343 0.08677270784090504 0
6974 0.04001001265203926 0.9582681135008393 0
6975 0.05651345480234683 0.9577970368966673 0
6976 -0.8920543047386267 0.8510018195142363 0
6977 -0.01512859858067823 -0.8303410001950058 0
6978 0.07410028593738816 0.8232537910198985 0
6979 0.05908959301595073 0.8245741666439157 0
6980 0.07410028662947069 -0.8232537930525159 0
6981 0.05908959362787502 -0.8245741688304912 0
6982 0.02497446073173295 -0.7761033597311655 0
6983 0.8907169799282437 -0.097417322685361 0
6984 -0.09578155246674561 0.9018374935898017 0
6985 -0.1044268397943221 0.8890209498879902 0
6986 -0.104426550773104 -0.889021961909817 0
6987 -0.09577953045723395 -0.9018445523980424 0
6988 0.8563913855367337 0.9599237705224306 0
6989 0.8398489501755597 0.9619604557070076 0
6990 0.8478289222069075 0.9485206929545468 0
6991 0.7229224636444274 0.02628831789141636 0
6992 -0.1079774717397544 -0.1736076691372576 0
6993 -0.1049321321059253 -0.1586002588125399 0
6994 0.8719003171068783 0.07087229413993751 0
6995 0.8753882541992317 0.05614080328862861 0
6996 0.0829176698354899 -0.8364747330118714 0
6997 0.08291766896742184 0.8364747309692848 0
6998 -0.973658793518293 -0.7620092799641786 0
6999 -0.9861090490528839 -0.753649837394579 0
7000 -0.06140097852992724 0.2560009406335488 0
7001 -0.07150914723162438 0.266827271976098 0
7002 -0.06494628698835653 0.8996253851655029 0
7003 -0.06493990324226546 -0.8996432731143009 0
7004 -0.8009911136881617 -0.01515599170742742 0
7005 -0.8106521792276378 -0.02614936830805556 0
7006 -0.7485548237243242 -0.01240892053341416 0
7007 -0.7421942487923681 -0.02656600291631495 0
7008 -0.8785216904703936 -0.02696050201044645 0
7009 -0.8884538888098515 -0.03858655427655513 0
7010 -0.8083362373160861 0.9006202256097349 0
7011 -0.925869075587644 0.6385392830187557 0
7012 -0.927147257015511 0.6242542163251983 0
7013 -0.0892898276531584 -0.7935000807046301 0
7014 -0.08363792301774707 -0.7798744001801612 0
7015 -0.08363789853397872 0.779873954791362 0
7016 -0.08928981911362999 0.793499851228065 0
7017 0.06255190293235885 -0.2513426003867115 0
7018 -0.7574263747513502 0.01414967229977352 0
7019 -0.7533795652123354 0.001149629766019125 0
7020 -0.7608407770622474 0.02948949985323783 0
7021 -0.7708182776314605 0.01906288310958189 0
7022 0.7150441287104883 -0.03276042630671802 0
7023 -0.9084928613414528 -0.1020669597369205 0
7024 -0.9196993299136877 -0.1144667722615272 0
7025 -0.867163685341545 0.8995397541911507 0
7026 -0.8577070158268636 0.9114120787823179 0
7027 0.06311648860119663 -0.4128142069138878 0
7028 0.07374442840986366 -0.4204324807748228 0
7029 0.7679467267888348 -0.06496235927732985 0
7030 -0.6758257054043302 -0.9617211248471933 0
7031 -0.8894338755469453 -0.07901964068831473 0
7032 -0.8990999159642352 -0.09065911633266088 0
7033 -0.8840260381650751 -0.09336860703616329 0
7034 -0.3261731845770295 0.08216536785326395 0
7035 -0.3172511326508899 0.07289446839921569 0
7036 0.7010659354900276 -0.02918569668892017 0
7037 0.9060924993769649 0.9852375386494794 0
7038 -0.8384876705636807 -0.9222863333725908 0
7039 -0.8271233705476202 -0.9324949324651219 0
7040 -0.03407235451245022 0.8974230015746258 0
7041 -0.03406770336722494 -0.8974348424208236 0
7042 0.7685141348289521 0.07840308728627358 0
7043 -0.9301618023817253 -0.2563133991021468 0
7044 -0.9335902843134966 -0.2708930055302995 0
7045 -0.3588960079035499 -0.05536113530774197 0
7046 -0.0067782076710902 -0.8425828958545929 0
7047 -0.8868663260609082 -0.8412810947294067 0
7048 -0.8986558373528222 -0.8316286137318877 0
7049 0.927145551330097 0.1640389388199126 0
7050 0.9232194745420157 0.1786474523127215 0
7051 0.9860212449539483 0.4309915749816264 0
7052 0.9860212450509933 -0.4309915748168283 0
7053 -0.9059047067737607 -0.9601571924162215 0
7054 -0.9105653126071895 -0.9420670485198912 0
7055 0.6461083998474628 0.05389679882941859 0
7056 -0.05687629031767975 -0.3338268958821971 0
7057 -0.9180679497430226 -0.3191147224639974 0
7058 -0.9306467671661616 -0.3247949216992969 0
7059 -0.3845560999277528 0.9268481999961629 0
7060 -0.3988667257412899 0.9278012348179658 0
7061 -0.903847609903173 0.1415747634363294 0
7062 -0.9164356085477371 0.1301630812338571 0
7063 0.9292918216628272 0.0968494446207934 0
7064 0.9133055689629559 0.0987505767207231 0
7065 -0.01694058186160331 -0.477749515620134 0
7066 0.6158045572329123 0.9257141791935478 0
7067 0.6014939314233816 0.9266672140150723 0
7068 0.9012852783920495 -0.08659060441411787 0
7069 0.9576885258168917 -0.8219346999787494 0
7070 0.9583228891332605 -0.838910015805137 0
7071 0.3331200236141388 -0.9431990732488689 0
7072 0.339180733334311 -0.9545949418029696 0
7073 0.3506821666310632 -0.9438070683304697 0
7074 0.02300880012691839 0.8401800971436697 0
7075 0.02299148985243121 -0.8402002449850361 0
7076 0.8634835107540106 0.1000187268860127 0
7077 0.8536640741304714 0.08946609498730398 0
7078 0.8677821754951646 0.08532162874638216 0
7079 -0.2538752158050243 -0.9031597118178336 0
7080 -0.2688211861743562 -0.9070421729395681 0
7081 -0.9263919644238994 -0.3917398471915265 0
7082 -0.9272484091115947 -0.4060566400586622 0
7083 -0.8155396956223182 -0.05111272936984507 0
7084 -0.8101624495303845 -0.06682634570073939 0
7085 0.9052348735834259 0.7382529338661585 0
7086 0.900771263543457 0.7527541058066884 0
7087 -0.781497105172313 0.006961014207187355 0
7088 -0.7911120383681292 -0.003943325385496754 0
7089 -0.7770188085163794 -0.007181284036566524 0
7090 -0.7547180892810876 -0.9590010059838205 0
7091 -0.7707769034967937 -0.9593602913585291 0
7092 0.9709185834016234 0.2186381048021925 0
7093 -0.762579133832552 -0.009835494743315701 0
7094 0.1383937441554193 -0.9011486492225058 0
7095 0.1499899783377386 -0.9114259875641384 0
7096 0.1383937422780789 0.9011486473423569 0
7097 0.1499899763052855 0.9114259857587013 0
7098 0.1615811857936796 -0.9240589194389959 0
7099 0.1748309749742698 -0.9344943508939982 0
7100 0.161494636938068 0.924064554155906 0
7101 0.1746999804128664 0.9345122763361315 0
7102 -0.8874993955360375 0.0433243099393672 0
7103 -0.8968018352676834 0.07265383159690654 0
7104 0.8474432922002071 0.009666498435589666 0
7105 -0.8589740153770846 -0.003499211336345047 0
7106 -0.8688555702678082 -0.01510136386564169 0
7107 -0.854442745847851 -0.01815169090943976 0
7108 -0.9603607066951247 -0.2821784349005528 0
7109 -0.94663805004851 -0.2765136047028772 0
7110 -0.6760110535016508 0.9615971090891864 0
7111 -0.6007312722872509 -0.9277489975457868 0
7112 -0.5864092889320166 -0.9285143375735793 0
7113 -0.9070523120695573 0.1015808699205582 0
7114 0.398970038979144 -0.926834629609978 0
7115 0.4132920223327176 -0.9275999696374898 0
7116 -0.6735745206755805 -0.9189508594816673 0
7117 -0.6677736791361208 -0.9325481805609868 0
7118 0.7461162756743609 -0.9031729552200529 0
7119 0.7313651475187822 -0.907402431248143 0
7120 -0.9195395825501695 -0.7329552223592255 0
7121 -0.9327932997487002 -0.7304342832227302 0
7122 0.45679959294174 0.07187132840394968 0
7123 -0.848144855831992 0.9244109960374693 0
7124 -0.8325807032500474 0.9190634060403817 0
7125 -0.838155238049717 0.9346193774755229 0
7126 0.7965262867284583 -0.9742560850078292 0
7127 0.9272258352567538 -0.5937933418824203 0
7128 0.9279053407009722 -0.5794669829277731 0
7129 -0.611020254764034 0.05479621660075134 0
7130 -0.6059419557771719 0.06542133146262782 0
7131 -0.2280667225366008 0.9869024977189543 0
7132 -0.2280322953397787 -0.986881914463837 0
7133 0.02448586345104159 -0.3722721586702969 0
7134 0.02029680547973021 -0.3590726811466235 0
7135 0.9272258352601369 0.4062066581354284 0
7136 0.9279053407040327 0.4205330170873381 0
7137 0.8267878309204213 0.1373948931463942 0
7138 0.8002982043377049 -0.1210966915714374 0
7139 0.7999233513827569 -0.1069228894651384 0
7140 -0.763306883174715 -0.04721661349432517 0
7141 -0.7535729720741629 -0.03659454883064253 0
7142 0.3250029453105659 -0.9188970607737956 0
7143 0.329609337703771 -0.9310641454370964 0
7144 -0.3403808642147669 0.08020951904716547 0
7145 -0.06060098260400303 -0.1156008705361314 0
7146 -0.07881984775412498 -0.09853379077592486 0
7147 -0.0651584724527807 -0.1020168273815063 0
7148 0.8928057125341664 -0.05694466724194221 0
7149 0.8556269766426505 -0.01980248188139706 0
7150 0.8552777640962145 0.9373765159959451 0
7151 -0.4566887003634512 -0.9289631144560841 0
7152 -0.4423497182293813 -0.9286402017426578 0
7153 -0.9098245845566469 -0.7224103142926354 0
7154 -0.9053138325147634 -0.7384170759879669 0
7155 0.9060852555782365 0.1416183400243372 0
7156 0.9168350745321741 0.1523014466880409 0
7157 -0.4290450447324886 -0.04889684427486448 0
7158 -0.4356906381686637 -0.06131713900990529 0
7159 0.4711407013339177 0.07165999430816966 0
7160 0.9202407779667927 -0.6664053501347486 0
7161 0.9336802804945632 -0.6607467841104003 0
7162 0.1721213768421235 0.9469689564265817 0
7163 0.1778357662722583 0.9620370223570351 0
7164 0.001549906634081603 0.8549888432841852 0
7165 -0.006764547695869903 0.8425146172571759 0
7166 -0.01513250068753898 0.830257868026171 0
7167 0.05270909875857013 0.8379130911377992 0
7168 0.0527090994548029 -0.8379130934601385 0
7169 0.9400902981370802 0.8741407031171715 0
7170 0.958629437397122 0.8729499610556535 0
7171 -0.894348225381798 -0.06465804897788303 0
7172 -0.9277529103044934 0.5790551849406185 0
7173 -0.9282757681471834 0.5647221929514765 0
7174 0.06115998782988629 0.3003787580680814 0
7175 0.06419418791208159 0.2858836476295375 0
7176 0.03623312612009411 -0.9052506455099744 0
7177 0.04451042738585634 -0.9176095134124156 0
7178 0.05099126018075975 -0.9037608577073627 0
7179 0.03623442248781746 0.9051782602171683 0
7180 0.05099337243711792 0.9037596463350961 0
7181 0.04451317430808717 0.9175396371185682 0
7182 -0.731284175686397 0.9073279636080313 0
7183 -0.7164838417879378 0.910304357138485 0
7184 -0.7268355543413776 0.9202257099748545 0
7185 -0.9053191302517989 0.2613759352116996 0
7186 -0.9089433542350025 0.2758511423051234 0
7187 0.9208115886968185 0.3340423297242752 0
7188 0.06287996412804087 0.7518902033756332 0
7189 -0.8384875069388738 -0.1459825385099913 0
7190 0.01863995476065786 -0.8800201547411181 0
7191 0.02744237892561562 -0.89264369727451 0
7192 0.03391153475003977 -0.8787784472715295 0
7193 0.01864273774012495 0.8800045377650639 0
7194 0.03391475034217053 0.878773228169857 0
7195 0.02744260801480263 0.8926295790289032 0
7196 -0.8686985598024104 -0.09623534644625033 0
7197 -0.8394987129770997 0.1478906481305186 0
7198 -0.8431333855295595 0.1337253713169505 0
7199 -0.1416395228002257 -0.8324141607736362 0
7200 -0.1265507098042905 -0.8339284203034567 0
7201 -0.141639526252264 0.8324141650010723 0
7202 -0.1265507131403724 0.8339284248536216 0
7203 -0.02207382427034661 -0.4624710847718384 0
7204 -0.1708885844211152 0.9506450586612112 0
7205 0.05657044272992125 -0.9577694855575096 0
7206 0.04004094809039802 -0.9582370861201736 0
7207 0.4711288522063318 0.9291438335166496 0
7208 0.4567877438943956 0.9289324993957228 0
7209 0.152039812709049 -0.8437484799220564 0
7210 0.1384335485447959 -0.8463562831694983 0
7211 0.1520398113694149 0.8437484784519176 0
7212 0.1384335472442156 0.8463562815540104 0
7213 0.742564063503103 0.04836709917551772 0
7214 0.7319446915757974 0.03787807442195842 0
7215 0.6493848913615274 -0.9438834926159243 0
7216 0.633133311436917 -0.9438503593395506 0
7217 0.6433495081856975 -0.9540005298273727 0
7218 -0.8054694103440951 -0.001013693463673544 0
7219 -0.8200455613063036 0.001908631123623262 0
7220 0.9583764379451014 -0.8894819076169787 0
7221 0.03987523577846379 -0.8649398772183639 0
7222 0.03987869807483938 0.8649356236992632 0
7223 -0.8830529599996273 -0.01230802243735174 0
7224 0.8137503767192209 -0.09927419936490428 0
7225 -0.07455417102516046 -0.3917458193509719 0
7226 -0.8250913992513 -0.02339337017269695 0
7227 -0.82039509281481 -0.03731637869514829 0
7228 -0.8488234978711432 -0.1559030487170501 0
7229 0.8579655172085128 0.1673417708403506 0
7230 -0.02114586951630707 -0.388489799724437 0
7231 -0.01605884689142255 -0.4018119354994272 0
7232 0.2682903086041739 0.9064641930561117 0
7233 0.281202352586659 0.9106236747115295 0
7234 0.4495170416569169 -0.05969146085527147 0
7235 0.4425295076011261 -0.07221685014956455 0
7236 -0.1511317486100071 -0.8431456505249272 0
7237 -0.1511317523609271 0.8431456543741418 0
7238 0.8790741729606811 0.04188638293586507 0
7239 0.8895238141035808 0.05272117107943805 0
7240 -0.102570625799594 -0.915453086744622 0
7241 -0.1095715169178903 -0.9289627242644614 0
7242 -0.1025710027998455 0.9154517685826042 0
7243 -0.1111023988562656 0.931091310921123 0
7244 0.9851262794221554 0.1789899872298967 0
7245 0.84918133980152 -0.8425471709414369 0
7246 0.8491747326358331 0.8425467073576548 0
7247 0.9219744075174108 0.8019902219915562 0
7248 0.8817197537304176 0.08142492603864623 0
7249 -0.8479703999792827 -0.8437807541905142 0
7250 0.04781813580944894 0.3049452919052622 0
7251 0.118417385615282 0.1272669982083841 0
7252 0.609689784629346 -0.03157950493912438 0
7253 0.6134627967000293 -0.04315877441431101 0
7254 0.6233761406926484 -0.0339316664238129 0
7255 0.8018353426995748 0.8794267913300098 0
7256 0.07344161403823973 0.4215258781039036 0
7257 0.5576486768087203 0.9285691200491177 0
7258 0.5433096947565015 0.9288920327260468 0
7259 -0.9179298967637222 0.8411997764627093 0
7260 0.8889765926501247 0.2197021919407347 0
7261 0.8941911842881378 0.1313396894486765 0
7262 0.9095446718065255 0.1271110290189001 0
7263 -0.8396977518977997 -0.0205549594699664 0
7264 0.857251978148428 -0.1685860379434544 0
7265 -0.7841369485309013 -0.8988971209894905 0
7266 0.01663642373945084 -0.8537829975190236 0
7267 0.001532447608417482 -0.8550467951167762 0
7268 0.01000513445404865 -0.8674187023358901 0
7269 0.01665661906362281 0.8537594919953767 0
7270 0.01000816763795164 0.8673775381948263 0
7271 0.8897825783083801 -0.218494531145574 0
7272 0.8735609770080881 0.1101282185846581 0
7273 0.9081832889071386 -0.2758521615688754 0
7274 0.9119201510713728 -0.2907330046478629 0
7275 0.9210076151773892 -0.2805479124809653 0
7276 0.9592265830825988 -0.7180389479621374 0
7277 0.9585650423112082 -0.7349706606172475 0
7278 0.9558732583298317 -0.7500376765941379 0
7279 0.9434495355058545 -0.7398775661563 0
7280 -0.7380128285219901 -0.03976650670420849 0
7281 -0.898078720188356 0.9051079489494146 0
7282 -0.9135749473723984 0.9076782930151808 0
7283 -0.9080045775925853 0.8934387453082849 0
7284 -0.8346519139528034 0.00474704182635381 0
7285 -0.8493324823162696 0.007829042100666353 0
7286 -0.9294782919048501 -0.4497094455809562 0
7287 -0.9297433233447934 -0.4640496417565076 0
7288 0.2240103699032084 -0.9116238940912422 0
7289 0.2157924449978615 -0.8994644681189821 0
7290 0.2157904491565359 0.8994613742366848 0
7291 0.2239994850931211 0.9116232585913264 0
7292 0.003535978629624499 -0.8812839523388706 0
7293 -0.003224160578835632 -0.8951041831578124 0
7294 0.003536025310583747 0.8812338890538725 0
7295 -0.003224262749553305 0.8950919234152299 0
7296 -0.8903063204131392 -0.909995586432661 0
7297 -0.9024835601828309 -0.8978928859311044 0
7298 -0.9057463040036086 -0.9122895253418307 0
7299 -0.1975800473021286 -0.8806953099459141 0
7300 -0.1975800521618047 0.8806953126989064 0
7301 0.9089819729885384 0.724411398886217 0
7302 0.9119261533784462 0.709371229872731 0
7303 0.9218123015662891 0.7198198824928951 0
7304 -0.8672367840052835 0.8205411734512243 0
7305 0.07566808345835305 -0.8489687134019164 0
7306 0.07566808252969215 0.8489687112317428 0
7307 -0.5432112666166803 -0.9288655988949106 0
7308 -0.5288701582227229 -0.9290769329908311 0
7309 -0.05301664647780062 0.6196060928237241 0
7310 -0.0524671507235555 0.6343613431887951 0
7311 -0.913900698723323 -0.08771799338907191 0
7312 -0.8299548383106276 -0.009387949082873664 0
7313 0.3731688172880249 0.05360894295728286 0
7314 0.06141098494402088 0.442747902022819 0
7315 0.07291875618932614 0.4358588701613866 0
7316 -0.7875112614940052 -0.8877492135163418 0
7317 -0.7868309879980748 0.8861278906665983 0
7318 -0.8637453067362268 0.01087936914446442 0
7319 -0.8781733126724061 0.0140923234010946 0
7320 -0.2978997908641982 -0.9133074137560412 0
7321 -0.2875933549713895 -0.9231802742472945 0
7322 -0.2827266768516355 -0.9105453565962248 0
7323 0.8018315924937715 -0.8794513104622406 0
7324 0.7132992326727505 -0.9240779073705778 0
7325 0.7092434514385364 -0.9379913871633745 0
7326 0.9863818447984165 -0.1606703409345231 0
7327 0.04581665196177852 -0.2749730890795712 0
7328 0.04195868988570294 -0.2614756868469769 0
7329 -0.8632815506265332 0.9269680502174591 0
7330 0.9297759545958323 -0.5356718645523671 0
7331 0.9299376747227812 -0.5213300955761537 0
7332 0.9288469553845697 0.4637634872029562 0
7333 0.9290086755113331 0.4781052561748602 0
7334 0.915299502798897 -0.08975423541294301 0
7335 0.9300635511897036 -0.09178531086248345 0
7336 -0.8531808728176996 -0.9267915091353791 0
7337 0.0209615461307122 -0.9064923529795629 0
7338 0.02096240988577188 0.9064095698123753 0
7339 -0.9581627365091142 0.8779513108414718 0
7340 -0.9711881067180518 0.8647294173497336 0
7341 0.870324171012637 -0.02343451073807801 0
7342 0.8848600021069661 -0.0272310201812718 0
7343 -0.04084863582180469 -0.9108986333661757 0
7344 -0.02540005254848472 -0.9097867525168786 0
7345 -0.0254011521292052 0.9097759243752297 0
7346 -0.04085438572979176 0.9108759677435057 0
7347 0.2124332930465809 -0.8877519963268596 0
7348 0.212433290943167 0.8877519952377911 0
7349 0.9588285920759483 0.2249642661756305 0
7350 -0.4712134852273064 0.9290586683443152 0
7351 -0.4855557107599082 0.9291747693472107 0
7352 0.8579941637914204 0.02051951421766273 0
7353 0.8688118751843323 0.03094786155329479 0
7354 0.4854693912169777 -0.9298839526762357 0
7355 0.4998120733471178 -0.9299201909061557 0
7356 -0.9291262040556686 0.5215789936605619 0
7357 -0.9333672704418938 0.5072364718345239 0
7358 -0.9194832630796649 0.6513205492083746 0
7359 -0.9862270985701292 0.9412906267974607 0
7360 -0.9862270985701292 0.9582397793397865 0
7361 -0.9872560915207029 -0.9569037271133662 0
7362 -0.9872560915207029 -0.9399545745709463 0
7363 -0.9030044952289626 0.04694320909901685 0
7364 -0.8984648852406953 0.03225243025438582 0
7365 0.03146417669806238 -0.8525721522041501 0
7366 0.03146706113078843 0.8525687920543108 0
7367 0.9347234094728145 0.7748192878296618 0
7368 -0.03958362772479185 -0.1683598043394902 0
7369 -0.05349627619618663 -0.172824881509046 0
7370 0.7028064630929381 -0.913844788569393 0
7371 0.7174596568469803 -0.9109056149036336 0
7372 -0.912381598608343 -0.8350194563161349 0
7373 0.02886966019772644 -0.3485856419032298 0
7374 -0.8903554845737909 -0.7784366300642098 0
7375 -0.8960577810907118 0.766759644611049 0
7376 -0.08715461518634605 -0.9143483573050608 0
7377 -0.08715643619677615 0.9143420003809065 0
7378 -0.6915576658187141 -0.01921387984826925 0
7379 -0.6876758622136354 -0.03358370435988461 0
7380 0.1466623464267215 -0.9285336458418068 0
7381 0.1465757975832122 0.9285392803826473 0
7382 0.05276868822451164 -0.6441977779708824 0
7383 0.05410670724783485 -0.6570346288314162 0
7384 0.8662805884998928 -0.008748352459293125 0
7385 0.8829474350886815 0.02752822934410423 0
7386 -0.9249830048144743 -0.1763941221464441 0
7387 -0.9585438235312504 0.908557817945166 0
7388 -0.941469871874794 0.9100708937747077 0
7389 0.1322039962075132 -0.8612436938325596 0
7390 0.1322039947918763 0.8612436920844622 0
7391 -0.1026590165164593 0.9606620784088974 0
7392 -0.1043908470765463 -0.9618344592785197 0
7393 -0.1213782884894632 -0.9615931227828424 0
7394 -0.1489197677136655 0.09157852426350419 0
7395 -0.1388357774201762 0.09500979549419161 0
7396 -0.148971922669491 0.1049199813600097 0
7397 0.9108834281311273 -0.07497130643614004 0
7398 0.9313234666183909 0.8151932081682502 0
7399 0.9263204722214992 0.827985253782702 0
7400 -0.8654594552477064 -0.86200462139767 0
7401 -0.8686472805326744 -0.8764798574452941 0
7402 0.8523629955811566 0.8560882282828388 0
7403 0.05937008874271987 -0.0764932447108076 0
7404 -0.9032295662648314 -0.03625166101887158 0
7405 -0.8989643748724704 -0.0506710547132702 0
7406 0.702559519604512 -0.9876896113584712 0
7407 0.6939725832594525 -0.9743413675952814 0
7408 -0.7476037584677899 -0.9036342444082075 0
7409 -0.9226781530142661 0.1818584788509394 0
7410 -0.9151899560091457 0.1691146191889702 0
7411 0.8621342657211195 0.00573669217946089 0
7412 -0.9091239028367779 -0.06232315572019947 0
7413 -0.9246031491301578 -0.2243662011607623 0
7414 -0.8644559917523811 -0.1521898659058958 0
7415 -0.9239134477170117 0.102877467231879 0
7416 -0.9184258006585164 0.08858917172113562 0
7417 -0.9074690083952546 0.8533959857048649 0
7418 0.8707039595571248 -0.1677116270554077 0
7419 -0.876996005235114 0.8879893883312563 0
7420 -0.8873716157673344 0.876741670952417 0
7421 0.8859109752392733 0.8771693204810036 0
7422 0.891687685291894 0.8914828778189559 0
7423 -0.9190191548155253 0.9205182753530956 0
7424 -0.9097978542263292 0.9345190751416177 0
7425 -0.9251679190736853 0.935689853838403 0
7426 0.1285902517055978 -0.8755241305321991 0
7427 0.1285902501605157 0.8755241286832518 0
7428 0.8990215168305118 -0.03044091950404203 0
7429 0.8951392975934249 -0.0155902806387443 0
7430 0.9863455147153259 0.9574434637528091 0
7431 0.9863455147153259 0.9404943112103893 0
7432 0.9562292325506088 -0.9845149299346172 0
7433 0.9392800800081889 -0.9845149299346172 0
7434 -0.8616608312818381 -0.8474804942666264 0
7435 0.2545585550280023 -0.9025339715359568 0
7436 0.2545214891064033 0.9024602245341631 0
7437 -0.9012730449792961 -0.2481533434390031 0
7438 0.9619605252052359 0.7838868227332174 0
7439 0.9466126371962562 0.7752839873399151 0
7440 -0.6877045613183501 0.916067450262873 0
7441 -0.6972680148801025 0.9259128217889991 0
7442 -0.702471766881166 0.9133567319791822 0
7443 -0.9089011077337115 -0.9295263851919807 0
7444 0.8960371178463259 0.07782896994177677 0
7445 0.8919189762346121 0.09227830454822142 0
7446 0.8523749404275827 -0.8560984758266416 0
7447 -0.9148630483474796 0.3050664803764849 0
7448 -0.9249357402310245 0.294827625183052 0
7449 -0.9122151820677562 0.2898133077344539 0
7450 -0.8729766798840406 0.1152473312690296 0
7451 0.9602043169854082 0.6537515452441979 0
7452 0.943501378085684 0.6549501537018799 0
7453 0.8971557392229952 -0.9067678150910119 0
7454 0.9005555043669482 -0.9221793313268334 0
7455 0.8365949941491696 -0.1186199455032341 0
7456 0.8231670475826721 -0.1101520473849802 0
7457 -0.9198709759017564 -0.07323365324895136 0
7458 -0.9292639212789739 -0.08464149665321094 0
7459 -0.9130964123882915 -0.7084481488672137 0
7460 -0.9096107409263825 0.7242607615023837 0
7461 -0.3078774265654655 0.9607156162175934 0
7462 0.9054614467534337 -0.737969894969859 0
7463 -0.9289450122197547 0.9088490717119659 0
7464 0.8860057364757374 -0.8764696738171694 0
7465 0.8905441381626907 -0.8912351497003137 0
7466 -0.8826760305149739 0.9024187671024132 0
7467 -0.2313586162492517 0.0574738997426832 0
7468 0.03151562353826506 0.701058036425153 0
7469 -0.6593801070893379 -0.04138374915148546 0
7470 0.5957279767852948 -0.02822690062001568 0
7471 -0.3119944015077517 -0.9159544165628219 0
7472 -0.2980695218860125 0.9135771268981996 0
7473 0.8972078146184876 0.9060345705734798 0
7474 0.9021616597189622 0.9216921829439776 0
7475 0.8871539055384363 0.9183326483203851 0
7476 0.90669543947242 0.8948424124425485 0
7477 0.9165756860793671 0.8825961013143879 0
7478 0.9220958154059609 0.8971477940689119 0
7479 0.3107742167281052 0.9163804963029567 0
7480 0.2952144274940063 0.9136760495528351 0
7481 0.9869643969885722 0.8034368203326958 0
7482 0.9734634948422987 0.7941142670504316 0
7483 -0.2195048397570945 0.9732288279557535 0
7484 -0.2194131338829788 -0.9732112007771014 0
7485 -0.8722479070968765 -0.8912248393671875 0
7486 -0.8756893123307894 -0.9058988462524249 0
7487 0.08609250561578419 -0.156795939474878 0
7488 0.09949174707304234 -0.1561693027296224 0
7489 0.08916159159224904 -0.146531911698609 0
7490 0.9317492198945472 0.1491271717264326 0
7491 0.8968511303592667 -0.8646075678334727 0
7492 0.9111497635976299 -0.8670143124292675 0
7493 -0.6877330120333545 -0.9166680247386498 0
7494 -0.6735460700482875 0.9183502850619569 0
7495 0.9181258464868953 -0.6805900645907539 0
7496 0.9193073923509596 0.6663125947335118 0
7497 0.9171924607258578 0.6804973090882415 0
7498 0.9147644168259388 -0.3047889333629119 0
7499 0.6887118524496447 -0.9164917913764599 0
7500 0.7025037853104108 0.91407012841466 0
7501 0.9022044018073496 0.2222230229178531 0
7502 0.1141926013032853 -0.881003949400621 0
7503 0.1273186989377456 -0.8918764033464841 0
7504 0.1273186972257734 0.8918764013974343 0
7505 0.114192599780561 0.881003947381415 0
7506 0.9147704191332859 0.6953153011564217 0
7507 0.9271785235487688 0.6899617214112289 0
7508 0.9869643969885722 0.8203859728751156 0
7509 0.6944162656334024 0.9757836824669004 0
7510 0.7031175964586975 0.9885561880031773 0
7511 0.9186966572168176 0.319857615266732 0
7512 0.9206030814181968 -0.3338971284253337 0
7513 0.9184881497929696 -0.3197124140697424 0
7514 0.3108444539507932 -0.9166142260305414 0
7515 0.3249327079971544 0.9186633311022642 0
7516 0.9284682103086541 -0.3103522362667833 0
7517 -0.0404558119660024 -0.7445479271422899 0
7518 -0.9173230804701462 0.3191951131186264 0
7519 -0.915607917656587 -0.3049860897900632 0
7520 0.917747002023557 0.9243541575179963 0
7521 0.8670289901378556 0.859566321015102 0
7522 0.8808154807508634 0.8632186594089424 0
7523 0.6493846564224213 0.9443402310032953 0
7524 0.6434872041968273 0.9544017233760141 0
7525 0.6332824758483022 0.9442207469430359 0
7526 0.9003537489495572 0.8451825153194998 0
7527 -0.3078075831082848 -0.9605173802220544 0
7528 -0.3408400775080563 -0.9212042047760343 0
7529 -0.3266323978702359 -0.9192483559698232 0
7530 0.9407014761921353 0.1004210443716724 0
7531 -0.04708023299410875 -0.3283294175366845 0
7532 -0.9199449663611809 -0.6541218548479277 0
7533 -0.918139825397742 -0.6683495707443792 0
7534 -0.9176781221415062 0.6655482650339346 0
7535 -0.888246400294787 0.916658314809309 0
7536 -0.7845985753602417 0.8995721582267726 0
7537 -0.61468495686517 0.04415483255995482 0
7538 -0.04835035541692401 -0.4615467636683644 0
7539 -0.04882445697349864 -0.4465674998318246 0
7540 0.9236547623824178 0.6374134179495534 0
7541 0.9221275305847247 0.6516738462798317 0
7542 -0.644663185369597 0.9229071064252905 0
7543 -0.6589083843573137 0.9212447078315861 0
7544 -0.3693676364308103 -0.9259392576482938 0
7545 -0.3550940206056865 -0.9245399868731453 0
7546 -0.3551217281162501 0.9246755114617531 0
7547 -0.3693953438708257 0.9260747821490094 0
7548 -0.924961182156228 0.3770855367937969 0
7549 -0.92368300071152 0.3628004700319407 0
7550 -0.9236830007192661 -0.3628004707242997 0
7551 -0.9249611821469481 -0.377085537415757 0
7552 0.6602573632661586 -0.9202099617034987 0
7553 0.6744650429026069 -0.9182541128971777 0
7554 -0.3174044653464365 -0.9292362708141121 0
7555 -0.92119972187467 0.3481694207906163 0
7556 -0.9193945809115944 0.3339417048976859 0
7557 -0.04045990622304504 0.7445411816238064 0
7558 0.9277607340966227 -0.1794394206950421 0
7559 0.1239960937531069 -0.9066284680909277 0
7560 0.1239960918981241 0.9066284660405199 0
7561 -0.9354009004750333 -0.2863322368781756 0
7562 -0.8798796533079256 -0.1475064286583458 0
7563 0.9248071613277986 -0.362833981008758 0
7564 0.9232799295300544 -0.3485735526776921 0
7565 -0.6301114397741765 -0.9258682441038268 0
7566 -0.6158165085015452 -0.9270318832972589 0
7567 -0.6158333126334357 0.9269069858337318 0
7568 -0.6301282438220848 0.9257433465977174 0
7569 0.9249833245121691 -0.6227228548162582 0
7570 0.9260386716255565 -0.6084194750453709 0
7571 0.9260386710684128 0.6084194823521567 0
7572 0.9249833238552121 0.6227228620367666 0
7573 0.6304918848330965 -0.9232050315042357 0
7574 0.6447655006602158 -0.9218057607286634 0
7575 0.6447711150502951 0.922018727222047 0
7576 0.6304974992938239 0.9234179979094412 0
7577 0.3542347484516253 0.9243705137005673 0
7578 0.3399895494606675 0.9227081151062193 0
7579 -0.7143080820601361 0.9468824058402927 0
7580 -0.7062357367050792 0.9606970613982944 0
7581 0.1092577228689887 -0.9111195092931803 0
7582 0.1203327680866624 -0.920391755169202 0
7583 0.1203327660748293 0.9203917530144733 0
7584 0.1092577210225238 0.9111195070695506 0
7585 0.04316513912399031 0.7391173385956376 0
7586 -0.8424170325176827 0.1112101719444968 0
7587 -0.8474131141015312 0.122368996340171 0
7588 -0.8583685707742322 0.1114119909726959 0
7589 -0.9273347464142809 -0.6246689501129369 0
7590 -0.9260565649699246 -0.6389540168717368 0
7591 0.9253492731100207 0.3776460833900751 0
7592 0.9264046202234815 0.3919494631649659 0
7593 0.9263730539319696 -0.3919183221882838 0
7594 0.9253177067187698 -0.3776149425030391 0
7595 0.3698331677011773 -0.9233391025338136 0
7596 0.3841280989771738 -0.9245027417273062 0
7597 0.3843563009025144 0.9251631945237337 0
7598 0.3700613697132228 0.9239995552875193 0
7599 0.03131038470785012 -0.3117072310997687 0
7600 0.04042335010335794 -0.3007671537130501 0
7601 -0.8760436994980887 -0.8515848560471042 0
7602 -0.8906649500267766 -0.8558052218604502 0
7603 -0.8789520561515671 -0.9202954856631512 0
7604 0.9358011876981931 -0.06671379318704641 0
7605 0.9379444708981527 -0.08071053772350067 0
7606 0.9488480060583709 -0.06928939347558191 0
7607 0.03757450115781425 0.2946134975241351 0
7608 -0.9269124645234141 0.4060684867304013 0
7609 -0.9260560198249226 0.39175169379396 0
7610 -0.3988976027121072 -0.9278044623105235 0
7611 -0.3845869768229291 -0.9268514274215522 0
7612 0.5722173298886173 -0.9278909916270813 0
7613 0.5865473391897456 -0.9272922517428756 0
7614 0.5865473348068605 0.9272922518810285 0
7615 0.5722173255831355 0.9278909917148851 0
7616 -0.9269124645217079 -0.5939315132693257 0
7617 -0.9260560198232795 -0.6082483062048554 0
7618 -0.9260560198003773 0.6082483056584153 0
7619 -0.9269124644878906 0.5939315127944846 0
7620 0.6244869860129848 0.9364554358544237 0
7621 0.6014898072788331 -0.9263949841594846 0
7622 0.6158004331692719 -0.9254419492702943 0
7623 -0.8835196122611305 -0.7886679709547091 0
7624 0.867061034176138 -0.8595897925620571 0
7625 0.8815429121783901 -0.8622318271726438 0
7626 -0.9858361710754771 0.04361408114053172 0
7627 -0.9290423290777059 0.4344895430794098 0
7628 -0.9285194712287799 0.4201565510217681 0
7629 -0.9286076169106745 -0.4201539825561195 0
7630 -0.9291304747532537 -0.4344869745426675 0
7631 -0.4279667404548487 -0.9281567611305364 0
7632 -0.4136367311542565 -0.9275580212464389 0
7633 -0.4134526651944904 0.9272922518811603 0
7634 -0.4277826744142835 0.9278909917148574 0
7635 0.928620335536849 0.5799440403787177 0
7636 0.9279408300111184 0.5942703992472724 0
7637 0.4279094505756921 -0.9279004351504115 0
7638 0.4422449048765096 -0.9283521287888276 0
7639 0.4422449013067272 0.9283521286244878 0
7640 0.427909447086427 0.9279004349549591 0
7641 -0.5864115961789291 0.9284694103820532 0
7642 -0.6007335794536783 0.9277040703175075 0
7643 0.6843992293716705 -0.928779402557055 0
7644 0.9079255557169184 -0.8943780798686967 0
7645 0.4133091052387128 0.9272802291772566 0
7646 0.3989871219646023 0.9265148891126288 0
7647 0.9290556276399241 -0.5650384611769257 0
7648 0.9294407192002185 -0.5507010351313869 0
7649 0.929363522587481 0.5506983644503356 0
7650 0.9289784309617813 0.5650357904186599 0
7651 -0.5720905494401254 -0.9279004351489093 0
7652 -0.5577550951431762 -0.9283521287873714 0
7653 -0.557755098685496 0.9283521286243066 0
7654 -0.5720905529042342 0.9279004349549094 0
7655 -0.9288042740040322 -0.5360846649304843 0
7656 -0.9285392425610514 -0.5504248611749023 0
7657 -0.9285392425067249 0.5504248609147351 0
7658 -0.9288042739466287 0.5360846647419489 0
7659 -0.4423560410220272 0.9283596239642813 0
7660 -0.4566950230762349 0.9286825366412774 0
7661 0.9624258243400816 0.8000360268572158 0
7662 0.9276055382643172 -0.4205472293559684 0
7663 0.9269260327386042 -0.4062208704866518 0
7664 -0.928139050546418 -0.5649847383068803 0
7665 -0.927616192697497 -0.5793177303642174 0
7666 -0.9121700070990874 -0.2353046719175494 0
7667 0.9281474526357537 0.4351340965810381 0
7668 0.9285325441960256 0.4494715226320732 0
7669 0.9285325439545424 -0.4494715150106414 0
7670 0.9281474523288518 -0.4351340890401577 0
7671 0.4567913422542401 -0.9286885626094057 0
7672 0.4711324506463951 -0.9288998967051568 0
7673 0.5433049810588499 -0.9286825366328921 0
7674 0.5576439631897684 -0.9283596239194505 0
7675 0.5149586217626003 -0.9297968347594727 0
7676 0.5293008473762559 -0.9296807337316397 0
7677 0.5293016949996402 0.9296900200432088 0
7678 0.5149594694679038 0.9298061210460988 0
7679 -0.9346766036557757 0.4936024123744853 0
7680 -0.9304355372687589 0.4792598904770899 0
7681 -0.9304426623606319 -0.4792591664731866 0
7682 -0.9346837287468328 -0.4936016882970218 0
7683 0.9290531381078708 0.4928286375298333 0
7684 0.9290531380883986 0.5071713702795037 0
7685 0.9290531381098166 -0.5071713624848426 0
7686 0.9290531380904103 -0.4928286297322933 0
7687 -0.5143740171545875 -0.9290250465778049 0
7688 -0.5000313350217316 -0.9290612848078107 0
7689 -0.5001464177540832 0.9272613734410184 0
7690 -0.5144890998004588 0.9272251351916894 0
7691 -0.9296665141764674 0.4640488626872804 0
7692 -0.9294014827334577 0.4497086664396304 0
7693 -0.2930926645277928 -0.9594843088614742 0
7694 -0.9332170915731746 -0.5072356928416673 0
7695 -0.928976025186117 -0.5215782147427457 0
7696 0.9299197565598289 0.5213291690693489 0
7697 0.9297580363829112 0.5356709379608313 0
7698 -0.4859320339544965 -0.9288702087545337 0
7699 -0.4715898083414042 -0.9287541077267848 0
7700 -0.5288675530710001 0.9288998965932738 0
7701 -0.5432086613834963 0.9286885624723922 0
7702 0.4998024477736105 0.9299612867957348 0
7703 0.4854597657226347 0.9299250485463753 0
7704 0.9289714519787631 -0.4783463255555622 0
7705 0.9288097318019084 -0.4640045566637874 0
7706 0.7200667490010234 0.9885561880031773 0
7707 -0.1480147363383508 0.1190230678927664 0
7708 -0.07175812613077752 -0.9129642124579642 0
7709 -0.05633450952905697 -0.911867662613784 0
7710 -0.05634019366482308 0.9118466289153024 0
7711 -0.07176089254014281 0.9129489691379036 0
7712 -0.8834429500281593 -0.8808539651000411 0
7713 0.9156456285122654 -0.7484019775048942 0
7714 -0.4424939514747985 -0.07274181993762727 0
7715 0.7540857644410512 0.07792257694737215 0
7716 0.926363871480854 -0.7587272786177259 0
7717 0.9370953605193393 -0.7689408371687304 0
7718 -0.9858361710754771 0.02666492859820579 0
7719 -0.2879140364109248 0.9235988531553099 0
7720 0.9318446458277507 0.2710264238820665 0
7721 0.05044141851576603 -0.07096554701575322 0
7722 -0.9296551069521961 0.3248273896041426 0
7723 0.9364934583571154 0.8020821696961888 0
7724 -0.9244871253924287 -0.05924665898433852 0
7725 0.1135508885066743 -0.1547307662300964 0
7726 -0.6678631236263127 0.931517962842319 0
7727 -0.6973703452640795 -0.927297230393176 0
7728 0.8096903543586704 0.04311983590018166 0
7729 -0.01669426745334689 -0.9220315316867197 0
7730 -0.009913334998767145 -0.9085677407413675 0
7731 -0.009913374925616605 0.9085521368927711 0
7732 -0.01669540614295814 0.922005103061651 0
7733 -0.9280907424867655 -0.837077847599258 0
7734 -0.9171967204680187 -0.8475598518258758 0
7735 0.7121201327848001 0.9250501563872182 0
7736 -0.04733638696643402 0.6440394711178845 0
7737 -0.03793425468959861 0.6340531901954976 0
7738 0.6848979491179001 0.9628593648104455 0
7739 0.7018016221637586 0.9641880583498998 0
7740 0.7665455795743709 -0.05033400688372683 0
7741 0.005481624516302195 -0.9073489623276536 0
7742 0.005481483236693755 0.9073211021016513 0
7743 0.9282841872093857 -0.689952422535696 0
7744 -0.4568329335290279 -0.07241890726055328 0
7745 0.9324207033751057 0.6605049808893686 0
7746 0.8960798156574163 0.8663400586159631 0
7747 0.9289963310112077 0.3106171096955098 0
7748 0.3295135882536365 0.9332944161595278 0
7749 -0.9257132398353918 -0.295315826687818 0
7750 0.9892791227432638 -0.2457627118664978 0
7751 0.9766386801008901 -0.2531957514830266 0
7752 0.876831460091106 0.002104663322779936 0
7753 0.9599870850941419 0.71788215110691 0
7754 -0.03311510207654021 -0.5756246055424659 0
7755 -0.04038164418668712 -0.5843113793348238 0
7756 -0.6492843964577263 -0.03025346774308021 0
7757 0.2454615952151926 0.9595578610228497 0
7758 0.262427023416356 0.9595209682705685 0
7759 0.262426639282651 -0.9595627644986875 0
7760 0.2454645369136277 -0.9595825030696192 0
7761 0.03630904489472948 0.6019239420892339 0
7762 0.3906092051285264 -0.9376082654107718 0
7763 0.1844557762798065 0.04967709356781463 0
7764 0.1706046736422928 0.05296250832687394 0
7765 -0.9738792613059477 -0.9313524808624603 0
7766 -0.297818578123565 0.04528735316912303 0
7767 -0.3020400683723271 0.05574499498677359 0
7768 -0.3107381519170538 0.04551742185353781 0
7769 -0.9344566772041464 -0.3542529541331051 0
7770 0.6545194327645526 0.9324299741683282 0
7771 -0.9583165014919177 -0.8791279745470457 0
7772 0.6574414252756478 0.02979836340781395 0
7773 0.6435865605563826 0.03276245186094044 0
7774 0.9599614581233713 -0.8730726982164375 0
7775 0.9459699146680453 -0.8813984159002315 0
7776 -0.04766685871031674 -0.924219572709839 0
7777 -0.04766899128157806 0.9241995517159063 0
7778 -0.9576771680514914 -0.07976770350984991 0
7779 -0.9416882004250793 -0.08074863956749979 0
7780 0.3601943610187236 -0.9338437886522345 0
7781 0.9538367492859292 -0.7671651271741498 0
7782 0.4010273247467329 0.05093561637044997 0
7783 0.408170005278199 0.03858078228951008 0
7784 0.06506912402488348 -0.9019925513921458 0
7785 0.06507115640634691 0.9019930550928728 0
7786 -0.7720069385483455 -0.05634498909846615 0
7787 0.6546605572186899 -0.9321375231029375 0
7788 0.9892791227432638 -0.2288135593241719 0
7789 0.8050847457621719 -0.9892713676583866 0
7790 -0.7222200985221332 -0.935173243376143 0
7791 0.01876198009023434 -0.5112486584943805 0
7792 0.01427237171078069 -0.919955910563118 0
7793 0.01427329770970858 0.9198697832899165 0
7794 0.03700404569780869 -0.4525456651784743 0
7795 0.04858291179233627 -0.4614798720499683 0
7796 -0.9342098862304942 0.3542050306245266 0
7797 -0.07854922147313756 -0.9265727468045438 0
7798 -0.07855034287324271 0.926563244130706 0
7799 -0.9117606951091638 0.005449794185451252 0
7800 -0.9224857102967519 -0.008903531220187796 0
7801 -0.5612673311677476 -0.02428152176338987 0
7802 -0.5570499552800742 -0.03756987613196917 0
7803 -0.8261673541564429 0.05440648147662104 0
7804 -0.9581812339280826 -0.03822043948031618 0
7805 0.681291550919719 -0.9411537464191035 0
7806 0.6648767539674704 -0.9422876935907596 0
7807 0.6760158850625566 -0.9528997159320903 0
7808 -0.5752977491519943 -0.02128024011290988 0
7809 -0.5528336736035184 -0.05128572340822962 0
7810 0.1923825722460792 -0.1014168995553881 0
7811 0.1779956650437135 -0.1077061374665239 0
7812 0.04252570673614482 -0.7384304762164116 0
7813 0.3603970509787471 0.936968241750435 0
7814 0.05103596296972966 -0.2506285933531935 0
7815 -0.8976495847827538 0.8650091068529437 0
7816 0.5680419297320263 -0.02259586445651338 0
7817 0.5814763527267799 -0.0257608529996219 0
7818 -0.00240389557752417 0.6046452239396336 0
7819 -0.007321028534832423 0.6184105032363605 0
7820 -0.01531102584274497 0.6059900839186825 0
7821 -0.9115551663690999 0.1563251820647936 0
7822 -0.9317176441917263 0.1340443899491938 0
7823 -0.9278219947720419 0.1197504741466383 0
7824 0.8864716944862006 0.01316183006651447 0
7825 0.8967339922625492 0.02410035144908475 0
7826 -0.7866275271028265 -0.9605936194832509 0
7827 -0.8029582847826605 -0.9606461101693011 0
7828 0.8220338983045917 -0.9892713676583866 0
7829 0.9501743582807904 -0.7811613822096899 0
7830 -0.9860217861103393 0.8908400261859288 0
7831 -0.9702903475982366 0.9010189350083051 0
7832 -0.9860217861103393 0.8738908736436029 0
7833 0.5164430651550516 0.04505640508253841 0
7834 -0.9408272063061665 0.5577816178685633 0
7835 0.04623030189144416 -0.8513571246843763 0
7836 0.04623087913813497 0.8513562288475562 0
7837 0.6244772429489224 -0.9359702398941608 0
7838 -0.9279293129075479 -0.2406139540925053 0
7839 -0.4286517855312743 0.04817850342916459 0
7840 -0.4238307453639513 0.03449372522255405 0
7841 -0.8990592107943028 -0.8836608983020557 0
7842 -0.9897498141285535 0.8050847457632521 0
7843 -0.9602970481536925 0.8909138505626737 0
7844 -0.5041593794386177 0.04724116945775511 0
7845 -0.9027863194239623 0.8791358371430456 0
7846 -0.8391059764394047 0.0971708128984709 0
7847 0.0611201585352043 -0.8502808184743524 0
7848 0.06112073570262108 0.8502799227827517 0
7849 -0.103272497262994 0.1852561992369236 0
7850 -0.09749431428149678 0.1998043527726995 0
7851 0.3908544933024325 0.9379489779262822 0
7852 0.9300395085558895 -0.7446192810203586 0
7853 -0.4222824740972853 -0.03779205803359305 0
7854 -0.4331139276242307 0.02364841439450451 0
7855 -0.4468667478233036 0.02608067424656692 0
7856 -0.93445225504819 -0.7047739291527728 0
7857 -0.922757832403666 -0.7030937140184308 0
7858 0.8835854712069495 0.1206072774837324 0
7859 -0.7718394856870923 -0.8902025190144229 0
7860 -0.05833124923978165 -0.6723554554313826 0
7861 -0.05535679829672849 -0.6585186422428544 0
7862 -0.05351419892927514 0.6560958012934845 0
7863 -0.05794799720694274 0.6718800938860434 0
7864 0.1023871976869994 -0.03690560821693588 0
7865 0.09275358721781371 -0.03063012934658866 0
7866 0.9351040975243859 0.009261519578516415 0
7867 0.933693080187181 -0.008204695859583815 0
7868 0.9410709275561158 0.4562612766407026 0
7869 0.2281453532999629 -0.8907670833328973 0
7870 0.2281433574683273 0.8907639896072369 0
7871 -0.9065320093755035 0.9891222916491513 0
7872 -0.9063189770017048 0.7624534110647654 0
7873 0.9723125138543069 0.9340089825659177 0
7874 0.9619014853810302 -0.0754647158328766 0
7875 -0.1935491921827034 -0.02350927973714283 0
7876 -0.1890453158171337 -0.0371146396039082 0
7877 -0.09244663833142797 -0.1761978897106041 0
7878 -0.821757195027029 -0.07481450092519598 0
7879 0.7086949666780706 0.9383381827443944 0
7880 0.8876261063175653 0.1063533195441652 0
7881 0.9729227531833637 -0.1536784668646375 0
7882 0.05551524026767599 0.2760108096454388 0
7883 0.9601937176731692 -0.8561581378575081 0
7884 -0.00133170458354211 0.5543437276384253 0
7885 -0.01408921534074985 0.5480486079401378 0
7886 -0.9897498141285535 0.8220338983055779 0
7887 -0.4435788396909864 0.04808549044503806 0
7888 -0.0387438839487258 0.2979123977021314 0
7889 -0.03475216906052078 0.2850345026123188 0
7890 0.0647130144686362 -0.18113023977556 0
7891 -0.1122766839972821 -0.1126170187938425 0
7892 -0.1246729183133933 -0.1149529856484176 0
7893 -0.2001442164347149 -0.09243957839219105 0
7894 -0.6893261200633479 0.9609210970958737 0
7895 -0.940690488767546 -0.5580441631907898 0
7896 -0.5571101330128916 0.07298061888060975 0
7897 -0.3867903631594946 -0.05286181149592467 0
7898 -0.3940904752969064 -0.04091785344093391 0
7899 0.8906180172649738 -0.001323214572239544 0
7900 -0.9062812107929201 -0.8586121550624648 0
7901 -0.8954585842301006 -0.8689159163801623 0
7902 -0.1696367086105954 0.05834791168007719 0
7903 -0.1792029354316305 0.04776242637424748 0
7904 0.05110628501343878 -0.3768866941568193 0
7905 0.05231702037951393 -0.3928396414151105 0
7906 0.7533995189528049 -0.04585508131502834 0
7907 -0.1603578792309037 0.06736075916740683 0
7908 -0.1732866327235159 0.06958179654785271 0
7909 0.1238388651849832 0.1170801827134317 0
7910 0.9410337038710468 -0.4565023460851533 0
7911 0.5802148056626235 0.02162094031228203 0
7912 0.4279510246491036 0.02449815173109165 0
7913 0.5663513632282811 0.0250775105882554 0
7914 -0.7211815906977125 0.9341429026463441 0
7915 0.3861714225952666 0.05196598633213102 0
7916 0.846342164729495 0.07956559900082581 0
7917 0.6515292990650823 -0.9631103428799352 0
7918 0.6352777191404718 -0.9630772096035617 0
7919 0.2795339959561793 0.9616261722423199 0
7920 -0.9402024333363317 -0.7836161828626573 0
7921 -0.943423858902966 -0.7662566174347244 0
7922 -0.9519506251458164 -0.7792363413668627 0
7923 0.01501719024672632 0.4377049464951165 0
7924 0.009753942653947259 0.4503643528116648 0
7925 -0.03433468969310152 -0.4636084071713633 0
7926 -0.4931347581449239 -0.9412731756526042 0
7927 0.5190168803526567 0.02953162463561999 0
7928 0.03247214742405234 -0.398083640655185 0
7929 0.02848673073872218 -0.3848894092818301 0
7930 -0.04578845140128303 0.7575256105929115 0
7931 0.8872469398859637 -0.1346895817088953 0
7932 -0.03724029214453746 0.7942343305952864 0
7933 -0.03724031483938511 -0.7942396534246334 0
7934 -0.8886094162782889 -0.1561718134671646 0
7935 -0.03811293951209701 0.6799333526681927 0
7936 -0.03230300098825369 0.6670250616764155 0
7937 -0.03266644492437212 -0.6674872336324214 0
7938 -0.03847741696384724 -0.6803971856851858 0
7939 0.4467529728541982 -0.02602890675707559 0
7940 0.4593679107187714 -0.02800421945564304 0
7941 -0.8347513934214552 0.08369035416235426 0
7942 0.2799861583084909 -0.9618444175109615 0
7943 -0.04578655981196129 -0.7575365280787349 0
7944 -0.9234811619179234 0.9891222916491513 0
7945 0.01652359756545095 -0.7027677803826731 0
7946 0.008312386631689291 -0.6909225093716984 0
7947 -0.1252780873074019 -0.9497477523519394 0
7948 -0.7054113808187255 -0.9370412253900164 0
7949 0.0623263975856119 -0.9432070676395359 0
7950 0.04270970985250179 0.1917130473317172 0
7951 0.0473253126762259 0.1781461281396176 0
7952 -0.535647205491306 0.03488047854903809 0
7953 -0.5420165884302339 0.0222551273493138 0
7954 0.02435980635769889 -0.9590374072275871 0
7955 0.008059988781125198 -0.9590972852837347 0
7956 -0.9447157087121092 -0.3603171218176244 0
7957 -0.9602343452008332 -0.3625150891062877 0
7958 -0.08492116956525499 0.2248713804696911 0
7959 -0.07020621969442509 0.2277274228854215 0
7960 -0.3718547309550807 -0.05397101795611323 0
7961 0.9101980683290227 0.01957220413993766 0
7962 0.9125561209280966 0.005535329466276244 0
7963 0.922495937597051 0.01537358143471891 0
7964 -0.02326857962270754 0.5836748160718737 0
7965 -0.02449207404969821 0.5969534456810865 0
7966 0.9047795319885195 -0.004533113895009766 0
7967 0.717640593913798 0.04087753489922991 0
7968 0.8244676930787986 -0.09437502814410917 0
7969 0.8400568907991548 -0.0953915752494999 0
7970 0.06232310701429505 0.9432232396734237 0
7971 -0.544661074710634 -0.07388503516279335 0
7972 -0.5506778139867187 -0.0627191470291964 0
7973 -0.2834094566633408 0.04319669866719303 0
7974 -0.02219947944592348 -0.4115991311531043 0
7975 -0.00699877131685694 -0.4141355901358656 0
7976 -0.5998356367131294 0.07561666430727042 0
7977 -0.5412818136077741 -0.05249981988337508 0
7978 0.7013172334936936 -0.9635724957386884 0
7979 0.6850860317805645 -0.9625346406170274 0
7980 -0.915115532303846 0.05083048977436212 0
7981 -0.9282919177253187 0.06107274434951344 0
7982 -0.2936892757128921 0.9598832285284153 0
7983 0.2860524480050002 -0.04947097754835107 0
7984 0.9440716110346029 -0.6557332161350771 0
7985 0.9609585564287421 -0.6545581043584343 0
7986 0.4718837851951041 0.003468915278024222 0
7987 -0.02379075752361009 0.4114249459958959 0
7988 0.04194517139695401 0.4544230849789127 0
7989 0.05281030702787431 0.4492950346778323 0
7990 0.03538932939536278 -0.3254867890153158 0
7991 -0.7584676362715085 -0.8953745504945309 0
7992 -0.1928987301709075 0.05048061674840785 0
7993 -0.1958825361907393 0.06335366509311013 0
7994 -0.8973111149972359 0.7509395044135083 0
7995 -0.5552758680078922 0.02428670852666825 0
7996 0.2415172027175623 -0.8959391148137417 0
7997 0.2445458575616834 -0.909074411847235 0
7998 0.2445067980193257 0.9089975719753121 0
7999 0.2415152067687738 0.8959360211649816 0
8000 0.9602418631204999 -0.09324403819856189 0
8001 0.9431103695498815 -0.09436091115101894 0
8002 -0.9257740079900213 0.07783770958357256 0
8003 -0.9290706324293778 -0.04603777327525024 0
8004 -0.9170384453716154 -0.03501472207809483 0
8005 -0.9323690254735431 -0.03271633389775844 0
8006 -0.8943515257023065 0.9294196960664072 0
8007 -0.9594351703725776 -0.02208880179047411 0
8008 0.900077858453603 0.06375772718299498 0
8009 0.2286850129833999 0.960616726201185 0
8010 0.2370634248618814 0.9476311878135041 0
8011 0.2370634248601019 -0.9476311883249199 0
8012 0.2286879546745566 -0.9606413684875627 0
8013 -0.414244598726043 -0.02710839942925702 0
8014 -0.9598887458304555 0.3621756862418658 0
8015 -0.9444749597235875 0.3600561426305043 0
8016 -0.09893733973686715 -0.1478220908714469 0
8017 0.01587601373128272 0.7029714695441922 0
8018 0.007639291329448053 0.6911430961840206 0
8019 -0.08802604677620454 0.9603916502771328 0
8020 -0.07198333806917595 0.9604090998108258 0
8021 -0.07216686013152471 -0.9606610495234269 0
8022 -0.08816194539084589 -0.9610483753562853 0
8023 -0.023844861145129 -0.5258001772285938 0
8024 0.8626972283480734 -0.144441993004235 0
8025 0.8520593511553418 -0.1325766048795947 0
8026 0.8631206560514236 -0.9390998828552326 0
8027 -0.02651582486626518 0.6317433406699982 0
8028 -0.01312947891048815 0.6305423433129203 0
8029 0.9327312925372659 -0.7295522650434683 0
8030 0.935621179203342 -0.7146930740989808 0
8031 -0.1513957129040874 0.08013149121643426 0
8032 0.0509715704930913 0.7514700380413093 0
8033 0.5577872793965145 0.07526280152648505 0
8034 0.3811695818280519 0.04179397848838247 0
8035 0.6515270292178363 0.9633992007248928 0
8036 0.6354248486437173 0.9632797166646333 0
8037 -0.9475292292124724 -0.104344346940345 0
8038 -0.9600311094883162 -0.09740532703044481 0
8039 -0.8789488360289243 0.9267305142194058 0
8040 0.09157054797918306 -0.9335151953193974 0
8041 0.09534062385721581 -0.9179197433245807 0
8042 0.08131677463385456 -0.9265521422725235 0
8043 -0.03187342457653519 -0.3455723005736453 0
8044 0.09157370373066154 0.9335147957342488 0
8045 0.08131993057787215 0.9265517426020495 0
8046 0.09534062204643962 0.9179197409113047 0
8047 -0.8339311062399667 -0.9588419061141749 0
8048 -0.8319366927750261 -0.9434767257678605 0
8049 -0.9351049500663671 -0.1082372040260561 0
8050 0.330310840313047 -0.963510622701637 0
8051 0.3478729833299714 -0.9641186177832379 0
8052 -0.06474971185471566 0.2129925685184711 0
8053 0.02683511180476817 0.3980103011554528 0
8054 -0.02421121366976126 0.9600721736439206 0
8055 -0.007936204316628857 0.9596905820137562 0
8056 0.9254410206272493 0.8721641990660816 0
8057 0.9335552567514216 0.8614034192425017 0
8058 0.05318266301194183 0.9302103525791748 0
8059 0.03842371306264138 0.9316289664612472 0
8060 -0.3668877958860043 -0.04406504913037912 0
8061 0.4836766518109177 -0.04449783902637324 0
8062 0.4686750115784378 -0.04818456834084352 0
8063 0.3633586796403816 -0.02900037306682824 0
8064 0.3553815064740308 -0.01774218947596332 0
8065 0.6955383604667569 -0.9393914248983858 0
8066 -0.04116696063525178 -0.6558582108142286 0
8067 -0.03898130289531827 0.655787648300187 0
8068 0.02668410733454652 -0.4634989611283445 0
8069 0.3638269753109097 -0.007207976324421342 0
8070 -0.4963358539504684 -0.07288132428218745 0
8071 0.07854398902304152 -0.02680005783292334 0
8072 -0.06364801979333931 0.3005630491196932 0
8073 0.9215360581823147 -0.06272273532579234 0
8074 0.9583677492085794 0.8535812454894095 0
8075 0.9420205314627823 0.8521245851976891 0
8076 -0.04393968334496455 0.3503528707959601 0
8077 -0.05559234632153603 0.3593983091275545 0
8078 -0.3594568091640196 0.03086773508723746 0
8079 -0.9598382853939975 0.1776854849771313 0
8080 -0.9875923591936973 0.9875923591937225 0
8081 -0.9706432066512772 0.9875923591937225 0
8082 -0.9875923591936973 0.9706432066513966 0
8083 -0.9884942435636865 -0.9878530245976671 0
8084 -0.9884942435636865 -0.9709038720552471 0
8085 -0.9715450910213607 -0.9878530245976671 0
8086 0.03842919487029633 -0.9316829211133795 0
8087 0.05318732893096197 -0.9301931333107678 0
8088 -0.09627394156403503 -0.8472130508541573 0
8089 -0.09628098401717561 0.8472173980506807 0
8090 -0.03309763143738441 0.3619492578687503 0
8091 0.9875923591937977 0.9875923591937725 0
8092 0.9875923591937977 0.9706432066513525 0
8093 0.9706432066514719 0.9875923591937725 0
8094 0.9875923591937725 -0.9875923591937977 0
8095 0.9706432066513525 -0.9875923591937977 0
8096 0.9875923591937725 -0.9706432066514719 0
8097 0.1970720061675648 0.04534664852179709 0
8098 0.1922490316157955 0.05880323232594635 0
8099 -0.9015855728667792 0.737252718831124 0
8100 -0.689436367310298 -0.961302497176945 0
8101 -0.1919509128791139 -0.07331366392629125 0
8102 -0.1782426677206526 -0.07556600950401005 0
8103 0.2452125186741718 0.03640768697294452 0
8104 0.007935258953542339 0.9590870315848088 0
8105 0.02431321255261765 0.9590425278296992 0
8106 -0.06287753523420046 0.6846210869403535 0
8107 -0.06442128764588409 0.6994666112841248 0
8108 -0.06442100109030796 -0.6994668116434932 0
8109 -0.06287753509313738 -0.684621080306143 0
8110 0.9483826860805571 0.8025468692064422 0
8111 -0.2962493623813712 0.06550331283749225 0
8112 -0.2817617470513013 0.06753262490231776 0
8113 0.2843085334645378 -0.0174803145982049 0
8114 -0.05466272065882942 -0.151946914944018 0
8115 -0.04254752294202194 -0.1533316436693538 0
8116 0.07470930350662588 -0.1595850858786458 0
8117 -0.8816240133033111 -0.9344802207180074 0
8118 -0.8670070052209613 -0.9303834805377713 0
8119 -0.002467771640745495 -0.4276986329436037 0
8120 -0.05174318471163632 -0.7060397993660696 0
8121 -0.05174793693451564 0.7060364984609314 0
8122 -0.7056015589276395 -0.01612561703040254 0
8123 -0.6225982437804747 0.033400965856687 0
8124 0.0981410224212093 -0.1353332576027398 0
8125 0.1116897310367444 -0.1395495946019777 0
8126 -0.1327393235912803 0.117775860757904 0
8127 -0.1279708582094881 0.1044102484725714 0
8128 0.0305219998378647 -0.07996345708854982 0
8129 -0.03032378470477331 -0.2004260243375823 0
8130 -0.04001651623599518 -0.9606073689037875 0
8131 -0.05667631802146355 -0.960388212384237 0
8132 0.9480442146032748 -0.7087207092647927 0
8133 0.9375240743193858 -0.6986032331843639 0
8134 0.9272693281815976 0.9114693593413195 0
8135 0.09900394952366026 -0.9041564562463064 0
8136 0.1036299847424848 -0.8897478574013611 0
8137 0.08971288573071187 -0.8965480914327615 0
8138 0.09900394786973445 0.9041564539373514 0
8139 0.08971289731839449 0.8965480815848639 0
8140 0.1036299962944787 0.8897478477431099 0
8141 0.9019434704334737 0.1027573634472957 0
8142 -0.6209165633301443 -0.05355341479639429 0
8143 -0.6298767190292882 -0.04258076659850415 0
8144 -0.1847105489743643 0.07350419880607607 0
8145 -0.7496737819073802 0.03662409099495657 0
8146 -0.1664176541786119 -0.07889772147152585 0
8147 -0.2986058723661745 -0.9477782161918442 0
8148 -0.9613431995907522 0.7708171397385732 0
8149 -0.9449447214185616 0.7725403490445024 0
8150 0.9034583425853537 -0.0446960961315945 0
8151 -0.1432523471793734 0.8830529194513201 0
8152 -0.1431365961916258 -0.8829621150697597 0
8153 -0.9064283964871124 0.02144234876235527 0
8154 0.02281035399738606 -0.5250868513686686 0
8155 -0.3091689361748599 0.06573338152190704 0
8156 -0.9614371875280824 -0.2988248277925648 0
8157 -0.9610183286945766 -0.1401736144843703 0
8158 0.9075218337754671 -0.05955910432696719 0
8159 0.1289546986175546 0.9305205754839669 0
8160 0.1289742476979712 -0.9305199716927639 0
8161 0.9611294781986426 -0.7019491070475206 0
8162 0.9248931927529029 -0.2555027978465481 0
8163 -0.9613363522171923 0.2979647429788946 0
8164 0.63972986292453 0.04405177445697429 0
8165 0.6297674116724705 0.03425768170772232 0
8166 0.9358515327364241 0.7148449273230318 0
8167 0.8560863812314655 -0.962577115633904 0
8168 0.8495203742655232 -0.94666439685963 0
8169 0.9037637772150524 0.04950330683023144 0
8170 -0.1488620290659927 0.8982717322271027 0
8171 -0.14852759373216 -0.8978768012914355 0
8172 -0.9118039101999045 -0.6945934022217505 0
8173 0.365027695963356 -0.963992553981726 0
8174 0.9615296663394357 0.7019515532744773 0
8175 0.9615876443343407 0.6853715613974101 0
8176 -0.008057573648733943 0.4662772881225857 0
8177 0.00466916466702459 0.4629974349564517 0
8178 0.0007106663713924693 0.4754604850088264 0
8179 -0.9604296741297631 -0.9106925822970617 0
8180 -0.9599679479517337 -0.8947762138563664 0
8181 0.4926705291502853 -0.0365604775501358 0
8182 -0.02940920700700647 0.6107187249778134 0
8183 0.9112243524000252 0.1785143084863127 0
8184 -0.4587237197851236 0.02700271460508643 0
8185 -0.007807436553935055 -0.9597133612530446 0
8186 -0.02415865591208979 -0.9601094317495751 0
8187 -0.8909232967941874 0.01782344960270562 0
8188 0.002577072107761548 0.594224689863379 0
8189 -0.7051617118053419 0.9359416066992567 0
8190 -0.04304247753935473 0.6926743457225029 0
8191 -0.05008865288541711 0.6805849715300973 0
8192 -0.05047190535498067 -0.6810603322945865 0
8193 -0.04302370281720297 -0.6926628105599464 0
8194 -0.05674526094325867 0.9603642378070503 0
8195 -0.04006059231227017 0.9605803648698439 0
8196 -0.05035330085872582 0.2658463275767878 0
8197 -0.9639930716731568 0.6709601580298656 0
8198 -0.9619143442550002 -0.7880133281700582 0
8199 -0.9651357698216345 -0.7706537627421253 0
8200 0.9100406446937085 0.8698588174397182 0
8201 -0.8165892564542818 -0.9612025338730388 0
8202 0.05364584087024497 -0.3551940820011539 0
8203 -0.8861368239188232 0.003282241909064045 0
8204 0.0006464341257469836 0.5829679805937664 0
8205 -0.01120543485091735 0.5772500916619874 0
8206 -0.0001651078397336553 0.5679932676337983 0
8207 -0.02408012158818817 0.5687001031119057 0
8208 0.05064106235986446 -0.7504731925474929 0
8209 0.03139640166707443 0.9450740962507137 0
8210 0.02272691296321977 0.9324033807901071 0
8211 -0.9142639423224563 -0.6804647694800985 0
8212 0.4574126172186922 -0.04844042996605392 0
8213 0.4431507862012317 -0.04934584258851245 0
8214 0.03142495468270285 -0.9450668621191451 0
8215 0.02274805313759722 -0.9324832422207929 0
8216 -0.9635823777127528 -0.3450841931234443 0
8217 0.6685509886792451 0.9644880981818599 0
8218 -0.1543397134799243 -0.9068760590186273 0
8219 -0.1546994824161211 0.9070269542033103 0
8220 -0.9598136160307438 0.1617682951540712 0
8221 -0.9476224868833958 0.1701523445558101 0
8222 0.6810711215517327 0.9409822172298921 0
8223 0.6759363452096013 0.9528924740648594 0
8224 0.6647241611130776 0.9426109506013064 0
8225 0.9670627705531269 -0.2453002751457998 0
8226 0.9651432051674893 -0.2612078910334915 0
8227 -0.09098548435800397 -0.09130543368307611 0
8228 -0.08746305790253611 -0.1065530261619453 0
8229 -0.4490613981191321 0.0372807400425971 0
8230 -0.6849731366060684 0.949357121886518 0
8231 0.3673953473867934 0.9631091694337951 0
8232 0.8753392367365291 -0.1525948657491841 0
8233 -0.8308146467846064 0.06886592963853352 0
8234 0.06841256825974085 0.9291339103307448 0
8235 0.6951619969644367 0.9393657501749983 0
8236 0.03143667128429234 0.456791597794275 0
8237 0.03411546077365801 0.4445459547377563 0
8238 0.6686712348283157 -0.9636685877886834 0
8239 0.9370700841622444 -0.8727773947800057 0
8240 0.9354850639839745 -0.889186604180547 0
8241 0.6045544602266067 -0.05257841165045653 0
8242 0.5903187367546683 -0.05093021104577841 0
8243 -0.8034023940848432 -0.9380309617414015 0
8244 -0.7874629285819581 -0.9354620713633696 0
8245 0.9295867528758512 -0.130356908508705 0
8246 0.9631437957449566 -0.6715691063414027 0
8247 0.04710541772575819 -0.3642694435452861 0
8248 0.03937069760807387 -0.3526373877560646 0
8249 -0.9631618849121133 -0.3307284163603467 0
8250 -0.9631614878311621 -0.3143917145528876 0
8251 -0.09285120624979668 0.9484321460286306 0
8252 -0.0949167442737503 -0.9494269676742177 0
8253 -0.6075018407269037 -0.03667947496885575 0
8254 -0.6051601590527513 -0.05028558612620729 0
8255 0.03683114175126768 -0.37432999991173 0
8256 0.9307568779261144 -0.2705179511332173 0
8257 0.9383793176658625 -0.2603536795777875 0
8258 0.0684076301011719 -0.929133659938572 0
8259 -0.9627717854567779 0.3139755126911954 0
8260 -0.9628808168614165 0.3303812872403897 0
8261 -0.09051555646422377 -0.8390271473223676 0
8262 -0.09051814843950101 0.8390247033876184 0
8263 0.007245986314141637 0.9333149130793831 0
8264 0.007268131523187207 -0.9333398515688838 0
8265 0.9373941139817179 0.6989143294905993 0
8266 0.9484891647619451 0.7089795433342219 0
8267 -0.9610250270157811 0.72136228432086 0
8268 -0.9617853960452446 0.7044829502596396 0
8269 0.2679213454449594 -0.03924136536564098 0
8270 0.7575271800860763 0.9609049607569693 0
8271 0.2475583445639161 0.9217810919961058 0
8272 0.2345520622262866 0.9152568886269243 0
8273 0.2345589504057458 -0.915267571763595 0
8274 0.2476003027161858 -0.9218624284858101 0
8275 -0.9646454069521744 0.5504623536206232 0
8276 -0.963480446642542 0.5674115061629488 0
8277 -0.272903579551057 0.05577674245933664 0
8278 -0.9041500425991882 0.06190236945934349 0
8279 0.9350994974535939 0.2861932226853781 0
8280 0.9349664796940274 -0.166982041272584 0
8281 0.2457267013297106 -0.9373139556545732 0
8282 0.2289501190906395 -0.9383728210725166 0
8283 0.2289452257004828 0.9383652308197787 0
8284 0.2457218079322755 0.9373063656414433 0
8285 -0.9634462672651266 -0.5674771424917202 0
8286 -0.9646112276042063 -0.5505279899492999 0
8287 -0.9375993273838277 0.1621355130087578 0
8288 -0.9376239967470813 0.178052702831818 0
8289 0.2156931013398691 -0.08836014251309091 0
8290 0.2027956673519821 -0.09502004506961152 0
8291 -0.9089128723425668 0.0765411122722518 0
8292 0.2118141452361643 0.9600859499974324 0
8293 0.194751871655246 0.9621209555381683 0
8294 0.9205611951276982 -0.8952381641598581 0
8295 0.9139495940673938 -0.8797054987691598 0
8296 0.03529179844055319 -0.4109216145314326 0
8297 0.04365166005544911 -0.3997852243995108 0
8298 -0.05372123897895921 0.3730664179568354 0
8299 -0.03956934921190054 0.3765596948678976 0
8300 -0.1968125848358571 -0.960170438203191 0
8301 0.02593709722452899 0.5916044748939574 0
8302 -0.9339645377437819 0.1493460758845812 0
8303 -0.9453509239680866 0.1389334687973625 0
8304 -0.1014970691666293 -0.1112380748143935 0
8305 -0.04343322623609594 0.2744845432602472 0
8306 -0.09102536815991874 0.2113807720412282 0
8307 0.9365996668731771 0.3013397249742039 0
8308 -0.9620396270652178 0.7384077056947571 0
8309 0.6182408162899091 -0.05493057313514505 0
8310 -0.06477261985694845 -0.1738927533404646 0
8311 -0.0792242821926756 -0.1749067655729268 0
8312 -0.1131137659358279 0.8355525460842893 0
8313 -0.1131075435297207 -0.8355447045117261 0
8314 -0.9630549551661411 0.7531176192247442 0
8315 0.703844719642061 0.03986365541609357 0
8316 0.9317844521046996 0.1123904047409732 0
8317 0.3130365776309914 0.963947177940534 0
8318 0.3132367080217142 -0.9639779409768561 0
8319 -0.9456551489758005 -0.02760774740507178 0
8320 -0.9336229619180381 -0.01658469620791637 0
8321 0.2034823494372746 0.06610669815998775 0
8322 -0.0239985408163752 0.5554626838340805 0
8323 -0.02607077934072705 0.5412359130721989 0
8324 -0.02211967518526238 0.4697871338293285 0
8325 -0.004655883715301824 -0.590430854806727 0
8326 -0.003664366378103537 -0.604896838829782 0
8327 0.6654416881881251 -0.04502889661759278 0
8328 0.66103179287393 -0.05901934225981314 0
8329 0.05618443095523583 0.7631276612965752 0
8330 0.2118392396128025 -0.960251145826628 0
8331 0.9328007614061409 0.9264294116622434 0
8332 -0.01916367102091342 -0.6084051001277575 0
8333 0.04209969041642875 0.2812301296903693 0
8334 0.4138058770652019 0.02690665746387327 0
8335 -0.2933287113848174 -0.9363437381191875 0
8336 -0.9613550091803781 -0.8218493342440978 0
8337 -0.09058933582462171 0.1802016123545005 0
8338 0.1723886507225556 -0.09520208433431282 0
8339 -0.4834531810627358 -0.9636168996871068 0
8340 -0.5004023336050618 -0.9648817028285612 0
8341 -0.9565177227351689 -0.196007496142735 0
8342 0.9472747271633352 -0.8155346598699732 0
8343 0.3662550707388958 -0.9452396572063353 0
8344 0.3730341129282381 -0.9552530827000172 0
8345 0.3825463073158984 -0.945289803021782 0
8346 -0.7787341210345951 -0.9472230032156803 0
8347 -0.07928404418030391 -0.1551230780219253 0
8348 -0.09250640031905626 -0.1564142021596025 0
8349 -0.08527883654936202 -0.1659012459630183 0
8350 0.9066738089315037 0.03393860341752741 0
8351 -0.9633772475546551 -0.9244512933878528 0
8352 0.02947657405718284 0.4343791030353289 0
8353 -0.003851389783831959 0.4866752958381267 0
8354 0.1949570952993063 -0.9622180446540621 0
8355 0.9619923523149169 -0.6852334849653938 0
8356 0.1142163277419543 0.9350116165129976 0
8357 0.114235876813853 -0.9350110128950166 0
8358 0.07217770597920464 -0.9135382079437553 0
8359 0.07217948657551893 0.9135388555078007 0
8360 -0.9239899492059624 -0.7836439133607531 0
8361 -0.9104836491123802 -0.7859002166548892 0
8362 0.6146411097138598 0.0397750624683607 0
8363 0.6179380073316507 0.05337426593204265 0
8364 0.9344937400903486 -0.2853987942122048 0
8365 0.9090126990459091 0.1128255917166669 0
8366 0.9209067703360079 0.1231042422923276 0
8367 -0.04997729572072404 0.8206446271300867 0
8368 -0.0499772955303654 -0.8206446305316538 0
8369 0.2795986264211197 -0.04000084332387838 0
8370 0.4870956400470915 -0.01080657517908712 0
8371 0.03541008334221322 -0.3395102803590975 0
8372 -0.03470865481360383 0.4746314440789131 0
8373 -0.0479415696277744 0.4797321770833906 0
8374 0.9327460449253122 0.02329839425217783 0
8375 0.6374989673271318 -0.03709431692989042 0
8376 0.6406276025708811 -0.04803991558875751 0
8377 0.6509774171346812 -0.0396232966196484 0
8378 0.2966489079447077 0.9625826043357643 0
8379 0.5855248165782121 -0.03834056530922871 0
8380 -0.02668088516068623 0.5262646470667921 0
8381 -0.211502582384353 -0.9636762076390555 0
8382 0.6322892509635507 0.05539202867620047 0
8383 -0.06593906431959123 -0.1530147867754366 0
8384 -0.06078013674984786 -0.1635422499939224 0
8385 -0.8952332691073949 -0.9369328891712978 0
8386 -0.03189270361519848 0.9475638026633919 0
8387 0.7385670869341563 0.05965385669282235 0
8388 0.05332156537266235 -0.1778707305333718 0
8389 0.06226480778228703 -0.1687521140712386 0
8390 0.02623123348175462 -0.5389324645125433 0
8391 -0.9380686457475403 0.3003594707790005 0
8392 -0.9608132931628357 -0.8050967947988534 0
8393 0.4367103905114012 -0.0373169526136078 0
8394 -0.9360256644316671 0.8972309114367929 0
8395 -0.946416212442128 0.8854901937783326 0
8396 -0.9595309645613814 0.1450440381496321 0
8397 0.2215018576904541 -0.05515917215129225 0
8398 -0.8082157163122491 -0.94901275504414 0
8399 0.2969069354384473 -0.9625522820819338 0
8400 -0.6351844487473554 -0.03269390498632002 0
8401 -0.1617149515054666 0.9637292842761804 0
8402 0.05634012822717854 -0.7629761364292795 0
8403 -0.9635220220820013 0.6875772100634436 0
8404 0.7058162753618902 0.950236173262841 0
8405 -0.03184889804402216 -0.9475972723193908 0
8406 -0.9416971284416065 -0.1964962633733099 0
8407 -0.5714455873097688 0.07343231251910715 0
8408 -0.8978271945936565 -0.7853804064092904 0
8409 0.05183791249655053 -0.303295221064963 0
8410 0.0463916497410487 -0.2885473312536441 0
8411 0.04125677826675207 -0.4251994743300466 0
8412 -0.4554358116528064 0.04900753080355756 0
8413 0.04205539094881866 -0.1867427388787691 0
8414 -0.9462826785577509 -0.7056405810146142 0
8415 -0.935880758101614 -0.7178151125257355 0
8416 0.9273712539529513 0.8501480811465991 0
8417 0.1930706141520701 -0.08915819489320334 0
8418 -0.1782284880822578 0.9612598131849852 0
8419 -0.1953086692437901 0.9604141240218071 0
8420 -0.0001718617025183757 0.9464520610085212 0
8421 -0.008625476956029558 0.9339184635083306 0
8422 -0.008599293811873045 -0.9339559275381937 0
8423 -0.00012361238505652 -0.9464832591958686 0
8424 0.931250284881826 0.03976583444046722 0
8425 0.9615997074748432 0.9435498153895903 0
8426 0.9612211918984983 0.9287735653650497 0
8427 0.7595242893639615 0.9451907770062151 0
8428 -0.9335564007758528 -0.1885736002335147 0
8429 -0.08479392111116141 0.2019391831210308 0
8430 -0.9395040789871258 0.3163702404913014 0
8431 -0.9499891182239183 0.3066489134452189 0
8432 -0.8093946414425681 0.9247694564187391 0
8433 -0.3080436299653094 -0.9373768094797676 0
8434 0.4751609173037429 -0.008909206036883093 0
8435 -0.211559861078902 0.9636732522138722 0
8436 0.05723121435497111 -0.2775011564314842 0
8437 0.01361739911894524 0.5849678658351898 0
8438 -0.02411325415961815 0.9351422509907891 0
8439 -0.02408601136159062 -0.9351749393137045 0
8440 -0.9632969183195801 0.3446895483592087 0
8441 -0.2990765674003153 0.9481656033550692 0
8442 0.9398161555742899 0.6840963374224189 0
8443 0.4825650278218657 -0.02964572697263668 0
8444 0.9390336269795769 0.7893438830297481 0
8445 -0.9636950744091093 -0.7532322931609831 0
8446 -0.9357179232466459 -0.09523297970762035 0
8447 -0.04402829418007432 0.8071981104241592 0
8448 -0.04402827165635662 -0.807199247590948 0
8449 0.7195086721469319 -0.9876896113584712 0
8450 0.9624527286119697 0.670864126130551 0
8451 0.3998080589222965 0.02847689703759381 0
8452 0.04651406162806303 0.2664705568235349 0
8453 0.936134222892078 -0.30079895363145 0
8454 -0.03606168558816538 0.5618874082439667 0
8455 0.7150223244654731 -0.962172458003677 0
8456 0.7263365190890356 -0.97429857074504 0
8457 0.2747200637344863 -0.02813957547686336 0
8458 -0.293997171334699 0.9369074861457849 0
8459 -0.5855136533579062 0.0748513242794311 0
8460 0.9353187239936835 -0.1435378586953147 0
8461 -0.2339842539621782 0.9490040807989245 0
8462 -0.2278494833463228 0.9642494196960274 0
8463 -0.2278150561279228 -0.9642288357896283 0
8464 -0.2339396820671687 -0.9489541404506754 0
8465 -0.8413035154687061 0.9467171315413978 0
8466 -0.8375856756217641 0.9627428624609342 0
8467 0.9499051492293999 -0.2643406237803608 0
8468 0.9440414640561887 -0.2493254704936915 0
8469 -0.01396146215578778 0.4916469828943566 0
8470 0.04210429435058997 -0.6418915550549417 0
8471 -0.4002116522701208 -0.03007161572702383 0
8472 0.3810204823248798 0.9640093201514849 0
8473 0.3975775795357652 0.9628857554085922 0
8474 0.3980525052602728 -0.9629732175833787 0
8475 0.3813189325403588 -0.9640426997971726 0
8476 0.8233283522601473 0.9615594864018948 0
8477 -0.6850291226734644 -0.9497313061782513 0
8478 -0.06298015938362467 0.9481168558930906 0
8479 0.1096930078554144 -0.04604594468995402 0
8480 0.1118534633037291 -0.03189942084876174 0
8481 0.9437640224513034 0.1267071982810891 0
8482 -0.948354157808899 -0.7528984408602482 0
8483 0.01852218267407367 0.4595475496979055 0
8484 0.4623087561227526 -0.03783895007408451 0
8485 0.470630305078517 -0.02774835783043265 0
8486 -0.06319730047798872 -0.9483680466127933 0
8487 -0.03994387168549601 -0.935672876467917 0
8488 0.05445112827713182 -0.4197597898982881 0
8489 0.6186337098927149 -0.9623053016011465 0
8490 0.8474355222320783 -0.1227713518313984 0
8491 0.8447248920251587 -0.1094042824923494 0
8492 0.6187772575746067 0.9624627229836056 0
8493 -0.03996263280212706 0.9356504422167122 0
8494 -0.3230418386418459 0.06313615054849703 0
8495 0.932316424865316 0.1266758420432065 0
8496 0.8774550863430503 -0.1413190676618554 0
8497 0.2084680259388521 -0.05108900497907376 0
8498 0.2123516145803188 -0.06287174518128559 0
8499 -0.02460505157270751 0.4835846484245451 0
8500 -0.06691255669985914 0.281677662677808 0
8501 -0.202410865854054 -0.0696723986010523 0
8502 0.740335857737378 0.07375107940582684 0
8503 -0.8832882181767892 -0.9470208840459179 0
8504 0.1672074658203892 -0.04246046195886552 0
8505 0.1812003408102777 -0.04516677731796338 0
8506 -0.6213952771074349 -0.03302699358766593 0
8507 -0.03665242201396697 -0.3320495507546291 0
8508 -0.9420587281088829 -0.3313782186499773 0
8509 -0.9523177596168457 -0.3374423863344966 0
8510 -0.9424792209095225 -0.3457339954130749 0
8511 0.05693164932638757 -0.2380442794824938 0
8512 0.9368079843149739 -0.8196013133858138 0
8513 -0.6903945062425261 0.9386523249829476 0
8514 -0.04898069525032756 -0.5913348421672002 0
8515 -0.05241137566011374 -0.5801028529883372 0
8516 0.9464157365416079 0.9259295058371444 0
8517 0.7061357729865849 -0.9503657310254231 0
8518 -0.940485305873485 -0.3165033126207186 0
8519 0.06811566577158891 -0.2862450661683543 0
8520 -0.03969465398440269 -0.2120058444880396 0
8521 0.9406812398519189 0.66958890215556 0
8522 0.950896830284868 0.6785415102349304 0
8523 -0.07425345955202434 0.2021822873015144 0
8524 0.6184418597730923 -0.9460872771056092 0
8525 0.6463052156548754 -0.05807858498736032 0
8526 -0.0380744868853305 -0.5619658133912846 0
8527 -0.9387610055704052 -0.3009364258603958 0
8528 0.6328267658473259 -0.05554960529760234 0
8529 -0.9415755794285741 0.3311168322703609 0
8530 0.06545461830704717 -0.2997882181093399 0
8531 0.1533708918066774 -0.03919124310460143 0
8532 0.1587457639841565 -0.04968718770176191 0
8533 -0.03164658862338666 0.6220652127409088 0
8534 0.2144345777949469 -0.07485162638046544 0
8535 0.2014007460433449 -0.07078145920824695 0
8536 -0.9738194577638265 0.9627812910758349 0
8537 -0.9757503350843895 -0.9617059042534533 0
8538 0.874604931497508 -0.1265367089639461 0
8539 -0.3859676959107494 -0.0318286940648403 0
8540 -0.8894958632392302 -0.961189748342713 0
8541 0.9402694337118113 -0.8046430108608387 0
8542 -0.05164818701597906 -0.5655518083612232 0
8543 0.9739378739091238 0.9619849754890016 0
8544 0.9607707442868012 -0.9721072891284148 0
8545 0.385879858094312 0.03193672347607045 0
8546 0.1034870214374485 -0.9355750027712231 0
8547 0.1034848428842191 0.9355751071297349 0
8548 -0.4997820750748664 -0.9490274222143192 0
8549 0.06921583315311186 -0.03767715971299278 0
8550 0.1931412461093658 -0.07888350501481592 0
8551 0.1827281510034628 -0.08528035950059248 0
8552 -0.6770794396808288 0.9393283369762603 0
8553 0.9049451502052985 0.8559081563676568 0
8554 -0.05542974539274829 -0.9366419057155253 0
8555 -0.03926843690367994 -0.3195964867060904 0
8556 0.1396539601372198 -0.03568802732837736 0
8557 -0.8204076924230148 0.9186555339871508 0
8558 -0.1045124463065158 -0.08870259600382999 0
8559 -0.9487041836496677 0.5510180558579334 0
8560 -0.1619289589321013 0.8980674024874171 0
8561 -0.1617451170956419 -0.8982308706582479 0
8562 -0.9486700043305695 -0.5510836923013742 0
8563 -0.05544844073715838 0.936621103388509 0
8564 -0.7973231863356394 0.9067341480413231 0
8565 -0.3081853221872724 0.9377398738349629 0
8566 0.05513667139601477 -0.4056776152913582 0
8567 0.9599742898937775 0.9581786703074637 0
8568 -0.9605841815758382 0.9730368873003701 0
8569 -0.9624622911435193 -0.9707357512804256 0
8570 -0.08072240567360238 0.1906058680329856 0
8571 0.0586676961264725 -0.04954931469360537 0
8572 -0.05052988113143796 0.2975862400111586 0
8573 0.05322463880246626 0.4356303092673807 0
8574 -0.1104083093370679 -0.1007036130485455 0
8575 0.3728772527870703 0.0335796801012223 0
8576 0.1267790018880695 -0.0329989215655184 0
8577 0.1320342317212944 -0.04372886308463884 0
8578 0.9170774012565477 -0.008731736600228517 0
8579 0.9612211343722492 0.9713784132060072 0
8580 0.9732579323392564 -0.9620752336787521 0
8581 0.9407072226093185 -0.6839800577015078 0
8582 -0.9501729665131264 -0.3075197228110761 0
8583 0.07797826855756615 -0.8994110337260972 0
8584 0.08260430377639072 -0.885002434881152 0
8585 0.07797851872447821 0.8994108873641775 0
8586 0.08260456714922247 0.885002281169936 0
8587 0.92277985269721 0.8394224400984422 0
8588 -0.6905987490247862 -0.9395686835111627 0
8589 -0.9419916808867377 0.3454250933891799 0
8590 -0.9518406529216674 0.3369679442763387 0
8591 0.9222124209743171 0.1899485470175133 0
8592 -0.3250988868448014 0.04932628493971404 0
8593 -0.1988201634796524 -0.0812453687922126 0
8594 0.1776905604793134 -0.06398103808911552 0
8595 0.1638303344617958 -0.06033584677406793 0
8596 0.8798843883074606 0.92816618732223 0
8597 0.6185895337873908 0.9465169282271424 0
8598 0.04913743303307466 -0.06024781995513249 0
8599 -0.3719146686665799 -0.03468965570614511 0
8600 0.1945680632257019 -0.04808936304448394 0
8601 0.149993760448084 -0.05706662791980385 0
8602 0.9418586660393582 -0.6703156790775167 0
8603 0.9484723960737825 -0.4492140646448713 0
8604 0.9484817021427134 0.4491538011438995 0
8605 0.9172278532815259 0.04497515952108434 0
8606 0.3969304062087284 0.9472144883404526 0
8607 0.03971560430180605 -0.0689678826922268 0
8608 -0.8170333657564645 -0.9385873854451392 0
8609 -0.3589559456150491 -0.03607977305777385 0
8610 0.03188959041378599 -0.6334194463604352 0
8611 -0.04082763683033991 0.6130285745033128 0
8612 0.860189249031331 -0.12336094186871 0
8613 0.908824890967294 0.2101932086602153 0
8614 0.1362126273403083 -0.05314064905807776 0
8615 0.9328863406826116 0.1374210358324435 0
8616 -0.9592189209522702 0.96063345998876 0
8617 -0.9239660476074674 0.1572464341605891 0
8618 0.123337669091158 -0.0504515432952188 0
8619 -0.1560472385597327 -0.1103440929190509 0
8620 0.9624895731285934 -0.1469485577564734 0
8621 0.9623305095420626 -0.1620683998771766 0
8622 -0.07092028750280945 -0.9369147428547152 0
8623 -0.8072112483978103 0.9141532029274546 0
8624 0.9420845730371865 -0.7917567247746344 0
8625 -0.6769880871188183 -0.9399873111814109 0
8626 0.9510985531493583 -0.6789664897261846 0
8627 -0.07068651786307567 0.9366659653922845 0
8628 0.9237854030084097 -0.867874396720429 0
8629 -0.086082061519709 0.9380589966352875 0
8630 -0.08631677655837798 -0.9382988877018118 0
8631 -0.1007150312599637 0.9383294247670521 0
8632 -0.1181714846332626 -0.9400908042368673 0
8633 -0.1025456782440784 -0.9390849716240464 0
8634 0.3973882473178687 -0.9476216909044537 0
8635 -0.1323039259812138 -0.9396255049923545 0
8636 0.1910582828947376 -0.06690362381563608 0
8637 0.1859500604132925 -0.05587899228254655 0
8638 -0.05999248207722927 0.2903158783612674 0
8639 -0.0537944180379578 0.2787008535692734 0
8640 0.9479475945239041 -0.1672629021949958 0
8641 -0.9482698123159361 -0.5656435694333521 0
8642 0.368674450208554 0.9449626430338678 0
8643 0.3822995851466404 0.9458627937515576 0
8644 0.3747503631148498 0.9542281534480384 0
8645 0.2270510316377115 0.9244067786121202 0
8646 0.2270648150577108 -0.9244119107298172 0
8647 0.9541121033752731 -0.2422159906427221 0
8648 0.4796241824178845 -0.01981099635419521 0
8649 -0.9484407092901262 0.5653153878946748 0
8650 0.03998507416984452 0.4320105902199666 0
8651 0.9487961133312576 0.4634457657147825 0
8652 0.9487495839211484 -0.4637471062980173 0
8653 -0.4856827740076314 -0.9488363461610423 0
8654 0.9278947890036926 0.2012193567795281 0
8655 0.9482998388235603 -0.1438187196177265 0
8656 0.9389162146574154 -0.1550576298466007 0
8657 0.8660161917720459 0.9344130608617734 0
8658 0.9158996668617021 0.2010862129531192 0
8659 -0.10456490007476 0.8413381625980114 0
8660 -0.1045569091020664 -0.8413292760054811 0
8661 0.9143145779858493 0.8487012741432549 0
$EndNodes
$Elements
4651
1 15 2 13 1 1
2 15 2 14 2 2
3 15 2 15 3 3
4 8 2 6 1 1 9 67
5 8 2 6 1 9 10 68
6 8 2 6 1 10 11 69
7 8 2 6 1 11 12 70
8 8 2 6 1 12 13 71
9 8 2 6 1 13 14 72
10 8 2 6 1 14 15 73
11 8 2 6 1 15 16 74
12 8 2 6 1 16 17 75
13 8 2 6 1 17 18 76
14 8 2 6 1 18 19 77
15 8 2 6 1 19 20 78
16 8 2 6 1 20 21 79
17 8 2 6 1 21 22 80
18 8 2 6 1 22 23 81
19 8 2 6 1 23 24 82
20 8 2 6 1 24 25 83
21 8 2 6 1 25 26 84
22 8 2 6 1 26 27 85
23 8 2 6 1 27 28 86
24 8 2 6 1 28 29 87
25 8 2 6 1 29 30 88
26 8 2 6 1 30 31 89
27 8 2 6 1 31 32 90
28 8 2 6 1 32 33 91
29 8 2 6 1 33 34 92
30 8 2 6 1 34 35 93
31 8 2 6 1 35 36 94
32 8 2 6 1 36 37 95
33 8 2 6 1 37 38 96
34 8 2 6 1 38 39 97
35 8 2 6 1 39 40 98
36 8 2 6 1 40 41 99
37 8 2 6 1 41 42 100
38 8 2 6 1 42 43 101
39 8 2 6 1 43 44 102
40 8 2 6 1 44 45 103
41 8 2 6 1 45 46 104
42 8 2 6 1 46 47 105
43 8 2 6 1 47 48 106
44 8 2 6 1 48 49 107
45 8 2 6 1 49 50 108
46 8 2 6 1 50 51 109
47 8 2 6 1 51 52 110
48 8 2 6 1 52 53 111
49 8 2 6 1 53 54 112
50 8 2 6 1 54 55 113
51 8 2 6 1 55 56 114
52 8 2 6 1 56 57 115
53 8 2 6 1 57 58 116
54 8 2 6 1 58 59 117
55 8 2 6 1 59 60 118
56 8 2 6 1 60 61 119
57 8 2 6 1 61 62 120
58 8 2 6 1 62 63 121
59 8 2 6 1 63 64 122
60 8 2 6 1 64 65 123
61 8 2 6 1 65 66 124
62 8 2 6 1 66 2 125
63 8 2 7 2 2 126 184
64 8 2 7 2 126 127 185
65 8 2 7 2 127 128 186
66 8 2 7 2 128 129 187
67 8 2 7 2 129 130 188
68 8 2 7 2 130 131 189
69 8 2 7 2 131 132 190
70 8 2 7 2 132 133 191
71 8 2 7 2 133 134 192
72 8 2 7 2 134 135 193
73 8 2 7 2 135 136 194
74 8 2 7 2 136 137 195
75 8 2 7 2 137 138 196
76 8 2 7 2 138 139 197
77 8 2 7 2 139 140 198
78 8 2 7 2 140 141 199
79 8 2 7 2 141 142 200
80 8 2 7 2 142 143 201
81 8 2 7 2 143 144 202
82 8 2 7 2 144 145 203
83 8 2 7 2 145 146 204
84 8 2 7 2 146 147 205
85 8 2 7 2 147 148 206
86 8 2 7 2 148 149 207
87 8 2 7 2 149 150 208
88 8 2 7 2 150 151 209
89 8 2 7 2 151 152 210
90 8 2 7 2 152 153 211
91 8 2 7 2 153 154 212
92 8 2 7 2 154 155 213
93 8 2 7 2 155 156 214
94 8 2 7 2 156 157 215
95 8 2 7 2 157 158 216
96 8 2 7 2 158 159 217
97 8 2 7 2 159 160 218
98 8 2 7 2 160 161 219
99 8 2 7 2 161 162 220
100 8 2 7 2 162 163 221
101 8 2 7 2 163 164 222
102 8 2 7 2 164 165 223
103 8 2 7 2 165 166 224
104 8 2 7 2 166 167 225
105 8 2 7 2 167 168 226
106 8 2 7 2 168 169 227
107 8 2 7 2 169 170 228
108 8 2 7 2 170 171 229
109 8 2 7 2 171 172 230
110 8 2 7 2 172 173 231
111 8 2 7 2 173 174 232
112 8 2 7 2 174 175 233
113 8 2 7 2 175 176 234
114 8 2 7 2 176 177 235
115 8 2 7 2 177 178 236
116 8 2 7 2 178 179 237
117 8 2 7 2 179 180 238
118 8 2 7 2 180 181 239
119 8 2 7 2 181 182 240
120 8 2 7 2 182 183 241
121 8 2 7 2 183 3 242
122 8 2 8 3 3 243 301
123 8 2 8 3 243 244 302
124 8 2 8 3 244 245 303
125 8 2 8 3 245 246 304
126 8 2 8 3 246 247 305
127 8 2 8 3 247 248 306
128 8 2 8 3 248 249 307
129 8 2 8 3 249 250 308
130 8 2 8 3 250 251 309
131 8 2 8 3 251 252 310
132 8 2 8 3 252 253 311
133 8 2 8 3 253 254 312
134 8 2 8 3 254 255 313
135 8 2 8 3 255 256 314
136 8 2 8 3 256 257 315
137 8 2 8 3 257 258 316
138 8 2 8 3 258 259 317
139 8 2 8 3 259 260 318
140 8 2 8 3 260 261 319
141 8 2 8 3 261 262 320
142 8 2 8 3 262 263 321
143 8 2 8 3 263 264 322
144 8 2 8 3 264 265 323
145 8 2 8 3 265 266 324
146 8 2 8 3 266 267 325
147 8 2 8 3 267 268 326
148 8 2 8 3 268 269 327
149 8 2 8 3 269 270 328
150 8 2 8 3 270 271 329
151 8 2 8 3 271 272 330
152 8 2 8 3 272 273 331
153 8 2 8 3 273 274 332
154 8 2 8 3 274 275 333
155 8 2 8 3 275 276 334
156 8 2 8 3 276 277 335
157 8 2 8 3 277 278 336
158 8 2 8 3 278 279 337
159 8 2 8 3 279 280 338
160 8 2 8 3 280 281 339
161 8 2 8 3 281 282 340
162 8 2 8 3 282 283 341
163 8 2 8 3 283 284 342
164 8 2 8 3 284 285 343
165 8 2 8 3 285 286 344
166 8 2 8 3 286 287 345
167 8 2 8 3 287 288 346
168 8 2 8 3 288 289 347
169 8 2 8 3 289 290 348
170 8 2 8 3 290 291 349
171 8 2 8 3 291 292 350
172 8 2 8 3 292 293 351
173 8 2 8 3 293 294 352
174 8 2 8 3 294 295 353
175 8 2 8 3 295 296 354
176 8 2 8 3 296 297 355
177 8 2 8 3 297 298 356
178 8 2 8 3 298 299 357
179 8 2 8 3 299 300 358
180 8 2 8 3 300 4 359
181 8 2 9 4 4 360 418
182 8 2 9 4 360 361 419
183 8 2 9 4 361 362 420
184 8 2 9 4 362 363 421
185 8 2 9 4 363 364 422
186 8 2 9 4 364 365 423
187 8 2 9 4 365 366 424
188 8 2 9 4 366 367 425
189 8 2 9 4 367 368 426
190 8 2 9 4 368 369 427
191 8 2 9 4 369 370 428
192 8 2 9 4 370 371 429
193 8 2 9 4 371 372 430
194 8 2 9 4 372 373 431
195 8 2 9 4 373 374 432
196 8 2 9 4 374 375 433
197 8 2 9 4 375 376 434
198 8 2 9 4 376 377 435
199 8 2 9 4 377 378 436
200 8 2 9 4 378 379 437
201 8 2 9 4 379 380 438
202 8 2 9 4 380 381 439
203 8 2 9 4 381 382 440
204 8 2 9 4 382 383 441
205 8 2 9 4 383 384 442
206 8 2 9 4 384 385 443
207 8 2 9 4 385 386 444
208 8 2 9 4 386 387 445
209 8 2 9 4 387 388 446
210 8 2 9 4 388 389 447
211 8 2 9 4 389 390 448
212 8 2 9 4 390 391 449
213 8 2 9 4 391 392 450
214 8 2 9 4 392 393 451
215 8 2 9 4 393 394 452
216 8 2 9 4 394 395 453
217 8 2 9 4 395 396 454
218 8 2 9 4 396 397 455
219 8 2 9 4 397 398 456
220 8 2 9 4 398 399 457
221 8 2 9 4 399 400 458
222 8 2 9 4 400 401 459
223 8 2 9 4 401 402 460
224 8 2 9 4 402 403 461
225 8 2 9 4 403 404 462
226 8 2 9 4 404 405 463
227 8 2 9 4 405 406 464
228 8 2 9 4 406 407 465
229 8 2 9 4 407 408 466
230 8 2 9 4 408 409 467
231 8 2 9 4 409 410 468
232 8 2 9 4 410 411 469
233 8 2 9 4 411 412 470
234 8 2 9 4 412 413 471
235 8 2 9 4 413 414 472
236 8 2 9 4 414 415 473
237 8 2 9 4 415 416 474
238 8 2 9 4 416 417 475
239 8 2 9 4 417 1 476
240 8 2 10 5 5 477 575
241 8 2 10 5 477 478 576
242 8 2 10 5 478 479 577
243 8 2 10 5 479 480 578
244 8 2 10 5 480 481 579
245 8 2 10 5 481 482 580
246 8 2 10 5 482 483 581
247 8 2 10 5 483 484 582
248 8 2 10 5 484 485 583
249 8 2 10 5 485 486 584
250 8 2 10 5 486 487 585
251 8 2 10 5 487 488 586
252 8 2 10 5 488 489 587
253 8 2 10 5 489 490 588
254 8 2 10 5 490 491 589
255 8 2 10 5 491 492 590
256 8 2 10 5 492 493 591
257 8 2 10 5 493 494 592
258 8 2 10 5 494 495 593
259 8 2 10 5 495 496 594
260 8 2 10 5 496 497 595
261 8 2 10 5 497 498 596
262 8 2 10 5 498 499 597
263 8 2 10 5 499 500 598
264 8 2 10 5 500 501 599
265 8 2 10 5 501 502 600
266 8 2 10 5 502 503 601
267 8 2 10 5 503 504 602
268 8 2 10 5 504 505 603
269 8 2 10 5 505 506 604
270 8 2 10 5 506 507 605
271 8 2 10 5 507 508 606
272 8 2 10 5 508 509 607
273 8 2 10 5 509 510 608
274 8 2 10 5 510 511 609
275 8 2 10 5 511 512 610
276 8 2 10 5 512 513 611
277 8 2 10 5 513 514 612
278 8 2 10 5 514 515 613
279 8 2 10 5 515 516 614
280 8 2 10 5 516 517 615
281 8 2 10 5 517 518 616
282 8 2 10 5 518 519 617
283 8 2 10 5 519 520 618
284 8 2 10 5 520 521 619
285 8 2 10 5 521 522 620
286 8 2 10 5 522 523 621
287 8 2 10 5 523 524 622
288 8 2 10 5 524 525 623
289 8 2 10 5 525 526 624
290 8 2 10 5 526 527 625
291 8 2 10 5 527 528 626
292 8 2 10 5 528 529 627
293 8 2 10 5 529 530 628
294 8 2 10 5 530 531 629
295 8 2 10 5 531 532 630
296 8 2 10 5 532 533 631
297 8 2 10 5 533 534 632
298 8 2 10 5 534 535 633
299 8 2 10 5 535 536 634
300 8 2 10 5 536 537 635
301 8 2 10 5 537 538 636
302 8 2 10 5 538 539 637
303 8 2 10 5 539 540 638
304 8 2 10 5 540 541 639
305 8 2 10 5 541 542 640
306 8 2 10 5 542 543 641
307 8 2 10 5 543 544 642
308 8 2 10 5 544 545 643
309 8 2 10 5 545 546 644
310 8 2 10 5 546 547 645
311 8 2 10 5 547 548 646
312 8 2 10 5 548 549 647
313 8 2 10 5 549 550 648
314 8 2 10 5 550 551 649
315 8 2 10 5 551 552 650
316 8 2 10 5 552 553 651
317 8 2 10 5 553 554 652
318 8 2 10 5 554 555 653
319 8 2 10 5 555 556 654
320 8 2 10 5 556 557 655
321 8 2 10 5 557 558 656
322 8 2 10 5 558 559 657
323 8 2 10 5 559 560 658
324 8 2 10 5 560 561 659
325 8 2 10 5 561 562 660
326 8 2 10 5 562 563 661
327 8 2 10 5 563 564 662
328 8 2 10 5 564 565 663
329 8 2 10 5 565 566 664
330 8 2 10 5 566 567 665
331 8 2 10 5 567 568 666
332 8 2 10 5 568 569 667
333 8 2 10 5 569 570 668
334 8 2 10 5 570 571 669
335 8 2 10 5 571 572 670
336 8 2 10 5 572 573 671
337 8 2 10 5 573 574 672
338 8 2 10 5 574 5 673
339 8 2 11 6 6 674 772
340 8 2 11 6 674 675 773
341 8 2 11 6 675 676 774
342 8 2 11 6 676 677 775
343 8 2 11 6 677 678 776
344 8 2 11 6 678 679 777
345 8 2 11 6 679 680 778
346 8 2 11 6 680 681 779
347 8 2 11 6 681 682 780
348 8 2 11 6 682 683 781
349 8 2 11 6 683 684 782
350 8 2 11 6 684 685 783
351 8 2 11 6 685 686 784
352 8 2 11 6 686 687 785
353 8 2 11 6 687 688 786
354 8 2 11 6 688 689 787
355 8 2 11 6 689 690 788
356 8 2 11 6 690 691 789
357 8 2 11 6 691 692 790
358 8 2 11 6 692 693 791
359 8 2 11 6 693 694 792
360 8 2 11 6 694 695 793
361 8 2 11 6 695 696 794
362 8 2 11 6 696 697 795
363 8 2 11 6 697 698 796
364 8 2 11 6 698 699 797
365 8 2 11 6 699 700 798
366 8 2 11 6 700 701 799
367 8 2 11 6 701 702 800
368 8 2 11 6 702 703 801
369 8 2 11 6 703 704 802
370 8 2 11 6 704 705 803
371 8 2 11 6 705 706 804
372 8 2 11 6 706 707 805
373 8 2 11 6 707 708 806
374 8 2 11 6 708 709 807
375 8 2 11 6 709 710 808
376 8 2 11 6 710 711 809
377 8 2 11 6 711 712 810
378 8 2 11 6 712 713 811
379 8 2 11 6 713 714 812
380 8 2 11 6 714 715 813
381 8 2 11 6 715 716 814
382 8 2 11 6 716 717 815
383 8 2 11 6 717 718 816
384 8 2 11 6 718 719 817
385 8 2 11 6 719 720 818
386 8 2 11 6 720 721 819
387 8 2 11 6 721 722 820
388 8 2 11 6 722 723 821
389 8 2 11 6 723 724 822
390 8 2 11 6 724 725 823
391 8 2 11 6 725 726 824
392 8 2 11 6 726 727 825
393 8 2 11 6 727 728 826
394 8 2 11 6 728 729 827
395 8 2 11 6 729 730 828
396 8 2 11 6 730 731 829
397 8 2 11 6 731 732 830
398 8 2 11 6 732 733 831
399 8 2 11 6 733 734 832
400 8 2 11 6 734 735 833
401 8 2 11 6 735 736 834
402 8 2 11 6 736 737 835
403 8 2 11 6 737 738 836
404 8 2 11 6 738 739 837
405 8 2 11 6 739 740 838
406 8 2 11 6 740 741 839
407 8 2 11 6 741 742 840
408 8 2 11 6 742 743 841
409 8 2 11 6 743 744 842
410 8 2 11 6 744 745 843
411 8 2 11 6 745 746 844
412 8 2 11 6 746 747 845
413 8 2 11 6 747 748 846
414 8 2 11 6 748 749 847
415 8 2 11 6 749 750 848
416 8 2 11 6 750 751 849
417 8 2 11 6 751 752 850
418 8 2 11 6 752 753 851
419 8 2 11 6 753 754 852
420 8 2 11 6 754 755 853
421 8 2 11 6 755 756 854
422 8 2 11 6 756 757 855
423 8 2 11 6 757 758 856
424 8 2 11 6 758 759 857
425 8 2 11 6 759 760 858
426 8 2 11 6 760 761 859
427 8 2 11 6 761 762 860
428 8 2 11 6 762 763 861
429 8 2 11 6 763 764 862
430 8 2 11 6 764 765 863
431 8 2 11 6 765 766 864
432 8 2 11 6 766 767 865
433 8 2 11 6 767 768 866
434 8 2 11 6 768 769 867
435 8 2 11 6 769 770 868
436 8 2 11 6 770 771 869
437 8 2 11 6 771 6 870
438 8 2 13 7 7 871 969
439 8 2 13 7 871 872 970
440 8 2 13 7 872 873 971
441 8 2 13 7 873 874 972
442 8 2 13 7 874 875 973
443 8 2 13 7 875 876 974
444 8 2 13 7 876 877 975
445 8 2 13 7 877 878 976
446 8 2 13 7 878 879 977
447 8 2 13 7 879 880 978
448 8 2 13 7 880 881 979
449 8 2 13 7 881 882 980
450 8 2 13 7 882 883 981
451 8 2 13 7 883 884 982
452 8 2 13 7 884 885 983
453 8 2 13 7 885 886 984
454 8 2 13 7 886 887 985
455 8 2 13 7 887 888 986
456 8 2 13 7 888 889 987
457 8 2 13 7 889 890 988
458 8 2 13 7 890 891 989
459 8 2 13 7 891 892 990
460 8 2 13 7 892 893 991
461 8 2 13 7 893 894 992
462 8 2 13 7 894 895 993
463 8 2 13 7 895 896 994
464 8 2 13 7 896 897 995
465 8 2 13 7 897 898 996
466 8 2 13 7 898 899 997
467 8 2 13 7 899 900 998
468 8 2 13 7 900 901 999
469 8 2 13 7 901 902 1000
470 8 2 13 7 902 903 1001
471 8 2 13 7 903 904 1002
472 8 2 13 7 904 905 1003
473 8 2 13 7 905 906 1004
474 8 2 13 7 906 907 1005
475 8 2 13 7 907 908 1006
476 8 2 13 7 908 909 1007
477 8 2 13 7 909 910 1008
478 8 2 13 7 910 911 1009
479 8 2 13 7 911 912 1010
480 8 2 13 7 912 913 1011
481 8 2 13 7 913 914 1012
482 8 2 13 7 914 915 1013
483 8 2 13 7 915 916 1014
484 8 2 13 7 916 917 1015
485 8 2 13 7 917 918 1016
486 8 2 13 7 918 919 1017
487 8 2 13 7 919 920 1018
488 8 2 13 7 920 921 1019
489 8 2 13 7 921 922 1020
490 8 2 13 7 922 923 1021
491 8 2 13 7 923 924 1022
492 8 2 13 7 924 925 1023
493 8 2 13 7 925 926 1024
494 8 2 13 7 926 927 1025
495 8 2 13 7 927 928 1026
496 8 2 13 7 928 929 1027
497 8 2 13 7 929 930 1028
498 8 2 13 7 930 931 1029
499 8 2 13 7 931 932 1030
500 8 2 13 7 932 933 1031
501 8 2 13 7 933 934 1032
502 8 2 13 7 934 935 1033
503 8 2 13 7 935 936 1034
504 8 2 13 7 936 937 1035
505 8 2 13 7 937 938 1036
506 8 2 13 7 938 939 1037
507 8 2 13 7 939 940 1038
508 8 2 13 7 940 941 1039
509 8 2 13 7 941 942 1040
510 8 2 13 7 942 943 1041
511 8 2 13 7 943 944 1042
512 8 2 13 7 944 945 1043
513 8 2 13 7 945 946 1044
514 8 2 13 7 946 947 1045
515 8 2 13 7 947 948 1046
516 8 2 13 7 948 949 1047
517 8 2 13 7 949 950 1048
518 8 2 13 7 950 951 1049
519 8 2 13 7 951 952 1050
520 8 2 13 7 952 953 1051
521 8 2 13 7 953 954 1052
522 8 2 13 7 954 955 1053
523 8 2 13 7 955 956 1054
524 8 2 13 7 956 957 1055
525 8 2 13 7 957 958 1056
526 8 2 13 7 958 959 1057
527 8 2 13 7 959 960 1058
528 8 2 13 7 960 961 1059
529 8 2 13 7 961 962 1060
530 8 2 13 7 962 963 1061
531 8 2 13 7 963 964 1062
532 8 2 13 7 964 965 1063
533 8 2 13 7 965 966 1064
534 8 2 13 7 966 967 1065
535 8 2 13 7 967 968 1066
536 8 2 13 7 968 7 1067
537 8 2 14 8 8 1068 1166
538 8 2 14 8 1068 1069 1167
539 8 2 14 8 1069 1070 1168
540 8 2 14 8 1070 1071 1169
541 8 2 14 8 1071 1072 1170
542 8 2 14 8 1072 1073 1171
543 8 2 14 8 1073 1074 1172
544 8 2 14 8 1074 1075 1173
545 8 2 14 8 1075 1076 1174
546 8 2 14 8 1076 1077 1175
547 8 2 14 8 1077 1078 1176
548 8 2 14 8 1078 1079 1177
549 8 2 14 8 1079 1080 1178
550 8 2 14 8 1080 1081 1179
551 8 2 14 8 1081 1082 1180
552 8 2 14 8 1082 1083 1181
553 8 2 14 8 1083 1084 1182
554 8 2 14 8 1084 1085 1183
555 8 2 14 8 1085 1086 1184
556 8 2 14 8 1086 1087 1185
557 8 2 14 8 1087 1088 1186
558 8 2 14 8 1088 1089 1187
559 8 2 14 8 1089 1090 1188
560 8 2 14 8 1090 1091 1189
561 8 2 14 8 1091 1092 1190
562 8 2 14 8 1092 1093 1191
563 8 2 14 8 1093 1094 1192
564 8 2 14 8 1094 1095 1193
565 8 2 14 8 1095 1096 1194
566 8 2 14 8 1096 1097 1195
567 8 2 14 8 1097 1098 1196
568 8 2 14 8 1098 1099 1197
569 8 2 14 8 1099 1100 1198
570 8 2 14 8 1100 1101 1199
571 8 2 14 8 1101 1102 1200
572 8 2 14 8 1102 1103 1201
573 8 2 14 8 1103 1104 1202
574 8 2 14 8 1104 1105 1203
575 8 2 14 8 1105 1106 1204
576 8 2 14 8 1106 1107 1205
577 8 2 14 8 1107 1108 1206
578 8 2 14 8 1108 1109 1207
579 8 2 14 8 1109 1110 1208
580 8 2 14 8 1110 1111 1209
581 8 2 14 8 1111 1112 1210
582 8 2 14 8 1112 1113 1211
583 8 2 14 8 1113 1114 1212
584 8 2 14 8 1114 1115 1213
585 8 2 14 8 1115 1116 1214
586 8 2 14 8 1116 1117 1215
587 8 2 14 8 1117 1118 1216
588 8 2 14 8 1118 1119 1217
589 8 2 14 8 1119 1120 1218
590 8 2 14 8 1120 1121 1219
591 8 2 14 8 1121 1122 1220
592 8 2 14 8 1122 1123 1221
593 8 2 14 8 1123 1124 1222
594 8 2 14 8 1124 1125 1223
595 8 2 14 8 1125 1126 1224
596 8 2 14 8 1126 1127 1225
597 8 2 14 8 1127 1128 1226
598 8 2 14 8 1128 1129 1227
599 8 2 14 8 1129 1130 1228
600 8 2 14 8 1130 1131 1229
601 8 2 14 8 1131 1132 1230
602 8 2 14 8 1132 1133 1231
603 8 2 14 8 1133 1134 1232
604 8 2 14 8 1134 1135 1233
605 8 2 14 8 1135 1136 1234
606 8 2 14 8 1136 1137 1235
607 8 2 14 8 1137 1138 1236
608 8 2 14 8 1138 1139 1237
609 8 2 14 8 1139 1140 1238
610 8 2 14 8 1140 1141 1239
611 8 2 14 8 1141 1142 1240
612 8 2 14 8 1142 1143 1241
613 8 2 14 8 1143 1144 1242
614 8 2 14 8 1144 1145 1243
615 8 2 14 8 1145 1146 1244
616 8 2 14 8 1146 1147 1245
617 8 2 14 8 1147 1148 1246
618 8 2 14 8 1148 1149 1247
619 8 2 14 8 1149 1150 1248
620 8 2 14 8 1150 1151 1249
621 8 2 14 8 1151 1152 1250
622 8 2 14 8 1152 1153 1251
623 8 2 14 8 1153 1154 1252
624 8 2 14 8 1154 1155 1253
625 8 2 14 8 1155 1156 1254
626 8 2 14 8 1156 1157 1255
627 8 2 14 8 1157 1158 1256
628 8 2 14 8 1158 1159 1257
629 8 2 14 8 1159 1160 1258
630 8 2 14 8 1160 1161 1259
631 8 2 14 8 1161 1162 1260
632 8 2 14 8 1162 1163 1261
633 8 2 14 8 1163 1164 1262
634 8 2 14 8 1164 1165 1263
635 8 2 14 8 1165 8 1264
636 9 2 12 1 1447 2067 2596 2954 2955 2956
637 9 2 12 1 1482 2558 2590 2957 2958 2959
638 9 2 12 1 2319 1936 2458 2960 2961 2962
639 9 2 12 1 1743 1740 2311 2963 2964 2965
640 9 2 12 1 2019 2022 2025 2966 2967 2968
641 9 2 12 1 1339 2102 2642 2969 2970 2971
642 9 2 12 1 1409 2078 2079 2972 2973 2974
643 9 2 12 1 1794 1453 2402 2975 2976 2977
644 9 2 12 1 1357 1851 2348 2978 2979 2980
645 9 2 12 1 1848 1309 2183 2981 2982 2983
646 9 2 12 1 1326 1584 2273 2984 2985 2986
647 9 2 12 1 1468 1532 2396 2987 2988 2989
648 9 2 12 1 2040 2037 2043 2990 2991 2992
649 9 2 12 1 1466 1793 2366 2993 2994 2995
650 9 2 12 1 1454 1795 2403 2996 2997 2998
651 9 2 12 1 2024 2387 2667 2999 3000 3001
652 9 2 12 1 1583 1326 2600 3002 3003 3004
653 9 2 12 1 2418 2104 2564 3005 3006 3007
654 9 2 12 1 1428 2148 2902 3008 3009 3010
655 9 2 12 1 1531 1467 2397 3011 3012 3013
656 9 2 12 1 1479 1530 2428 3014 3015 3016
657 9 2 12 1 1326 1583 2565 3002 3017 3018
658 9 2 12 1 1381 2088 2545 3019 3020 3021
659 9 2 12 1 1529 1478 2429 3022 3023 3024
660 9 2 12 1 1478 1529 2442 3022 3025 3026
661 9 2 12 1 1530 1479 2441 3014 3027 3028
662 9 2 12 1 2351 2350 2645 3029 3030 3031
663 9 2 12 1 1409 2079 2114 2974 3032 3033
664 9 2 12 1 1465 1792 2280 3034 3035 3036
665 9 2 12 1 1793 1466 2283 2993 3037 3038
666 9 2 12 1 1584 1326 2565 2984 3018 3039
667 9 2 12 1 2046 1880 2489 3040 3041 3042
668 9 2 12 1 1467 1531 2209 3011 3043 3044
669 9 2 12 1 1532 1468 2208 2987 3045 3046
670 9 2 12 1 1142 1141 2400 1240 3047 3048
671 9 2 12 1 2599 2286 2655 3049 3050 3051
672 9 2 12 1 2350 2349 2673 3052 3053 3054
673 9 2 12 1 1851 1357 2349 2978 3055 3056
674 9 2 12 1 2349 1357 2673 3055 3057 3053
675 9 2 12 1 1861 2584 2834 3058 3059 3060
676 9 2 12 1 2148 1428 2302 3008 3061 3062
677 9 2 12 1 1892 1899 1941 3063 3064 3065
678 9 2 12 1 1954 1947 1996 3066 3067 3068
679 9 2 12 1 1740 1738 2311 3069 3070 2964
680 9 2 12 1 2380 1783 2393 3071 3072 3073
681 9 2 12 1 1890 1316 2187 3074 3075 3076
682 9 2 12 1 1330 2293 2487 3077 3078 3079
683 9 2 12 1 1792 1465 2367 3034 3080 3081
684 9 2 12 1 2558 1527 2590 3082 3083 2958
685 9 2 12 1 2350 1285 2645 3084 3085 3030
686 9 2 12 1 1880 1882 2489 3086 3087 3041
687 9 2 12 1 1779 2284 2774 3088 3089 3090
688 9 2 12 1 1448 2070 2099 3091 3092 3093
689 9 2 12 1 2412 1339 2642 3094 2971 3095
690 9 2 12 1 2247 1794 2402 3096 2977 3097
691 9 2 12 1 1795 2248 2403 3098 3099 2997
692 9 2 12 1 2101 1299 2616 3100 3101 3102
693 9 2 12 1 2301 2390 2761 3103 3104 3105
694 9 2 12 1 1453 1794 2832 2975 3106 3107
695 9 2 12 1 1662 1669 2227 3108 3109 3110
696 9 2 12 1 1992 1306 2212 3111 3112 3113
697 9 2 12 1 1307 1937 2211 3114 3115 3116
698 9 2 12 1 1330 2487 2720 3079 3117 3118
699 9 2 12 1 2547 1482 2590 3119 2959 3120
700 9 2 12 1 2067 2066 2596 3121 3122 2955
701 9 2 12 1 2319 2458 2777 2962 3123 3124
702 9 2 12 1 2300 1546 2447 3125 3126 3127
703 9 2 12 1 1853 1300 2866 3128 3129 3130
704 9 2 12 1 1343 2192 2427 3131 3132 3133
705 9 2 12 1 2513 2714 2724 3134 3135 3136
706 9 2 12 1 1427 2146 2303 3137 3138 3139
707 9 2 12 1 2387 1374 2667 3140 3141 3000
708 9 2 12 1 2657 1861 2834 3142 3060 3143
709 9 2 12 1 2563 1562 2701 3144 3145 3146
710 9 2 12 1 1296 2093 2827 3147 3148 3149
711 9 2 12 1 1989 2599 2655 3150 3051 3151
712 9 2 12 1 2159 1974 2213 3152 3153 3154
713 9 2 12 1 2003 1296 2827 3155 3149 3156
714 9 2 12 1 1481 2560 2581 3157 3158 3159
715 9 2 12 1 2284 1779 2394 3088 3160 3161
716 9 2 12 1 1888 1269 2090 3162 3163 3164
717 9 2 12 1 2226 1724 2663 3165 3166 3167
718 9 2 12 1 1483 2546 2591 3168 3169 3170
719 9 2 12 1 2044 2139 2141 3171 3172 3173
720 9 2 12 1 2600 1290 2683 3174 3175 3176
721 9 2 12 1 1783 2380 2720 3071 3177 3178
722 9 2 12 1 1725 2128 2714 3179 3180 3181
723 9 2 12 1 2043 2044 2656 3182 3183 3184
724 9 2 12 1 1795 1454 2855 2996 3185 3186
725 9 2 12 1 1932 2158 2664 3187 3188 3189
726 9 2 12 1 1937 1307 2621 3114 3190 3191
727 9 2 12 1 1306 1992 2620 3111 3192 3193
728 9 2 12 1 2241 1464 2438 3194 3195 3196
729 9 2 12 1 2108 2362 2807 3197 3198 3199
730 9 2 12 1 2070 1448 2098 3091 3200 3201
731 9 2 12 1 2308 1332 2461 3202 3203 3204
732 9 2 12 1 2559 1480 2580 3205 3206 3207
733 9 2 12 1 1328 2589 2619 3208 3209 3210
734 9 2 12 1 2656 2141 2770 3211 3212 3213
735 9 2 12 1 2088 2089 2545 3214 3215 3020
736 9 2 12 1 1747 1289 2423 3216 3217 3218
737 9 2 12 1 1419 2031 2606 3219 3220 3221
738 9 2 12 1 1889 1504 2401 3222 3223 3224
739 9 2 12 1 2146 1427 2665 3137 3225 3226
740 9 2 12 1 1309 1848 2833 2981 3227 3228
741 9 2 12 1 2644 2069 2651 3229 3230 3231
742 9 2 12 1 1300 1853 2192 3128 3232 3233
743 9 2 12 1 1638 2046 2489 3234 3042 3235
744 9 2 12 1 2130 2241 2438 3236 3196 3237
745 9 2 12 1 2076 2547 2590 3238 3120 3239
746 9 2 12 1 1484 1588 2449 3240 3241 3242
747 9 2 12 1 1589 1485 2448 3243 3244 3245
748 9 2 12 1 2538 2563 2701 3246 3146 3247
749 9 2 12 1 1845 2016 2669 3248 3249 3250
750 9 2 12 1 2714 1291 2724 3251 3252 3135
751 9 2 12 1 2045 2043 2656 3253 3184 3254
752 9 2 12 1 2577 1790 2795 3255 3256 3257
753 9 2 12 1 1470 2014 2247 3258 3259 3260
754 9 2 12 1 1389 1871 2346 3261 3262 3263
755 9 2 12 1 2227 2226 2663 3264 3167 3265
756 9 2 12 1 1472 2249 2388 3266 3267 3268
757 9 2 12 1 2175 1410 2177 3269 3270 3271
758 9 2 12 1 1684 2191 2578 3272 3273 3274
759 9 2 12 1 1812 1810 2246 3275 3276 3277
760 9 2 12 1 2390 1373 2761 3278 3279 3104
761 9 2 12 1 1891 1892 1941 3280 3065 3281
762 9 2 12 1 1947 1946 1996 3282 3283 3067
763 9 2 12 1 1296 2003 2187 3155 3284 3285
764 9 2 12 1 2231 2004 2421 3286 3287 3288
765 9 2 12 1 2560 2112 2581 3289 3290 3158
766 9 2 12 1 1663 2577 2795 3291 3257 3292
767 9 2 12 1 1411 2656 2770 3293 3213 3294
768 9 2 12 1 1886 1476 2230 3295 3296 3297
769 9 2 12 1 1477 1885 2231 3298 3299 3300
770 9 2 12 1 1691 1694 2217 3301 3302 3303
771 9 2 12 1 1297 2060 2167 3304 3305 3306
772 9 2 12 1 2016 1269 2669 3307 3308 3249
773 9 2 12 1 2434 1771 2868 3309 3310 3311
774 9 2 12 1 1919 2156 2157 3312 3313 3314
775 9 2 12 1 131 132 2181 190 3315 3316
776 9 2 12 1 1433 131 2181 3317 3316 3318
777 9 2 12 1 2546 2077 2591 3319 3320 3169
778 9 2 12 1 2016 1845 2593 3248 3321 3322
779 9 2 12 1 2060 1297 2226 3304 3323 3324
780 9 2 12 1 1395 2006 2008 3325 3326 3327
781 9 2 12 1 2010 1394 2012 3328 3329 3330
782 9 2 12 1 1393 2028 2030 3331 3332 3333
783 9 2 12 1 1341 2001 2399 3334 3335 3336
784 9 2 12 1 1340 1798 2874 3337 3338 3339
785 9 2 12 1 2131 2026 2132 3340 3341 3342
786 9 2 12 1 937 936 2167 1035 3343 3344
787 9 2 12 1 1728 2307 2483 3345 3346 3347
788 9 2 12 1 2113 2559 2580 3348 3207 3349
789 9 2 12 1 1296 2091 2093 3350 3351 3147
790 9 2 12 1 1469 2139 2140 3352 3353 3354
791 9 2 12 1 2616 1299 2854 3101 3355 3356
792 9 2 12 1 1518 2169 2543 3357 3358 3359
793 9 2 12 1 1267 1872 2689 3360 3361 3362
794 9 2 12 1 2689 1872 2935 3361 3363 3364
795 9 2 12 1 2040 2043 2045 2992 3253 3365
796 9 2 12 1 2462 1474 2573 3366 3367 3368
797 9 2 12 1 2111 1388 2116 3369 3370 3371
798 9 2 12 1 2214 1987 2655 3372 3373 3374
799 9 2 12 1 1470 2247 2402 3260 3097 3375
800 9 2 12 1 2044 2138 2139 3376 3377 3171
801 9 2 12 1 1871 1389 2650 3261 3378 3379
802 9 2 12 1 2250 1473 2389 3380 3381 3382
803 9 2 12 1 1364 1142 2400 3383 3048 3384
804 9 2 12 1 2015 1471 2248 3385 3386 3387
805 9 2 12 1 1485 1589 2445 3243 3388 3389
806 9 2 12 1 1590 1272 2137 3390 3391 3392
807 9 2 12 1 1289 1747 2864 3216 3393 3394
808 9 2 12 1 1843 2055 2950 3395 3396 3397
809 9 2 12 1 709 1272 1590 3398 3390 3399
810 9 2 12 1 1588 1484 2446 3240 3400 3401
811 9 2 12 1 1469 2140 2607 3354 3402 3403
812 9 2 12 1 2256 1421 2631 3404 3405 3406
813 9 2 12 1 1583 2600 2683 3004 3176 3407
814 9 2 12 1 1420 2255 2630 3408 3409 3410
815 9 2 12 1 2461 1332 2682 3203 3411 3412
816 9 2 12 1 2031 1419 2797 3219 3413 3414
817 9 2 12 1 2018 2019 2025 3415 2968 3416
818 9 2 12 1 1463 2240 2439 3417 3418 3419
819 9 2 12 1 1472 2151 2249 3420 3421 3266
820 9 2 12 1 2152 1473 2250 3422 3380 3423
821 9 2 12 1 1278 1873 2142 3424 3425 3426
822 9 2 12 1 2005 2230 2422 3427 3428 3429
823 9 2 12 1 2363 1796 2762 3430 3431 3432
824 9 2 12 1 1278 1155 1873 3433 3434 3424
825 9 2 12 1 487 1277 1872 3435 3436 3437
826 9 2 12 1 2037 2036 2043 3438 3439 2991
827 9 2 12 1 2248 1471 2403 3386 3440 3099
828 9 2 12 1 1475 2463 2572 3441 3442 3443
829 9 2 12 1 2509 1935 2684 3444 3445 3446
830 9 2 12 1 2055 2053 2950 3447 3448 3396
831 9 2 12 1 1885 1477 2527 3298 3449 3450
832 9 2 12 1 1504 1889 2806 3222 3451 3452
833 9 2 12 1 1736 2242 2371 3453 3454 3455
834 9 2 12 1 1540 2058 2639 3456 3457 3458
835 9 2 12 1 1476 1886 2528 3295 3459 3460
836 9 2 12 1 1281 490 1887 3461 3462 3463
837 9 2 12 1 2217 1887 2689 3464 3465 3466
838 9 2 12 1 1887 1267 2689 3467 3362 3465
839 9 2 12 1 1494 2071 2536 3468 3469 3470
840 9 2 12 1 2072 1495 2535 3471 3472 3473
841 9 2 12 1 2014 2462 2573 3474 3368 3475
842 9 2 12 1 1378 2418 2564 3476 3007 3477
843 9 2 12 1 1310 2016 2593 3478 3322 3479
844 9 2 12 1 1935 2345 2684 3480 3481 3445
845 9 2 12 1 1477 2231 2421 3300 3288 3482
846 9 2 12 1 2006 1395 2430 3325 3483 3484
847 9 2 12 1 1394 2010 2431 3328 3485 3486
848 9 2 12 1 1936 2319 2533 2960 3487 3488
849 9 2 12 1 2007 1397 2331 3489 3490 3491
850 9 2 12 1 1410 2175 2691 3269 3492 3493
851 9 2 12 1 2169 1518 2711 3357 3494 3495
852 9 2 12 1 2028 1393 2426 3331 3496 3497
853 9 2 12 1 2630 2255 2766 3409 3498 3499
854 9 2 12 1 1281 1887 2186 3463 3500 3501
855 9 2 12 1 1078 1274 1891 3502 3503 3504
856 9 2 12 1 1275 564 1946 3505 3506 3507
857 9 2 12 1 2165 1515 2294 3508 3509 3510
858 9 2 12 1 2058 1540 2804 3456 3511 3512
859 9 2 12 1 2158 1932 2710 3187 3513 3514
860 9 2 12 1 2003 1890 2187 3515 3076 3284
861 9 2 12 1 1316 1890 2371 3074 3516 3517
862 9 2 12 1 1655 1662 2227 3518 3110 3519
863 9 2 12 1 1402 2363 2762 3520 3432 3521
864 9 2 12 1 2323 2505 2935 3522 3523 3524
865 9 2 12 1 2001 1341 2398 3334 3525 3526
866 9 2 12 1 1889 1861 2657 3527 3142 3528
867 9 2 12 1 2014 1470 2462 3258 3529 3474
868 9 2 12 1 2216 1370 2598 3530 3531 3532
869 9 2 12 1 2192 1853 2427 3232 3533 3132
870 9 2 12 1 1929 1893 2162 3534 3535 3536
871 9 2 12 1 1948 1984 2163 3537 3538 3539
872 9 2 12 1 1580 1582 2399 3540 3541 3542
873 9 2 12 1 2240 2129 2439 3543 3544 3418
874 9 2 12 1 1800 1771 2434 3545 3309 3546
875 9 2 12 1 1806 2327 2643 3547 3548 3549
876 9 2 12 1 1852 2245 2246 3550 3551 3552
877 9 2 12 1 2362 1348 2807 3553 3554 3198
878 9 2 12 1 955 1269 2016 3555 3307 3556
879 9 2 12 1 1280 687 2017 3557 3558 3559
880 9 2 12 1 1269 1888 2669 3162 3560 3308
881 9 2 12 1 2256 2631 2788 3406 3561 3562
882 9 2 12 1 1870 1864 2143 3563 3564 3565
883 9 2 12 1 1471 2015 2463 3385 3566 3567
884 9 2 12 1 2245 1852 2891 3550 3568 3569
885 9 2 12 1 2059 1325 2167 3570 3571 3572
886 9 2 12 1 1396 2011 2330 3573 3574 3575
887 9 2 12 1 2283 1466 2432 3037 3576 3577
888 9 2 12 1 1891 1274 1892 3503 3578 3280
889 9 2 12 1 1275 1946 1947 3507 3282 3579
890 9 2 12 1 2191 1684 2848 3272 3580 3581
891 9 2 12 1 2216 1582 2688 3582 3583 3584
892 9 2 12 1 2463 2015 2572 3566 3585 3442
893 9 2 12 1 1546 2300 2405 3125 3586 3587
894 9 2 12 1 1582 2216 2718 3582 3588 3589
895 9 2 12 1 502 501 2359 600 3590 3591
896 9 2 12 1 1798 1340 2467 3337 3592 3593
897 9 2 12 1 2128 1725 2703 3179 3594 3595
898 9 2 12 1 733 1270 2047 3596 3597 3598
899 9 2 12 1 1271 909 2048 3599 3600 3601
900 9 2 12 1 2182 1585 2405 3602 3603 3604
901 9 2 12 1 2323 1722 2505 3605 3606 3522
902 9 2 12 1 2279 1527 2526 3607 3608 3609
903 9 2 12 1 2362 2108 2684 3197 3610 3611
904 9 2 12 1 2073 1289 2864 3612 3394 3613
905 9 2 12 1 1872 1277 2323 3436 3614 3615
906 9 2 12 1 2213 1974 2214 3153 3616 3617
907 9 2 12 1 1365 2712 2722 3618 3619 3620
908 9 2 12 1 2281 2283 2432 3621 3577 3622
909 9 2 12 1 1325 937 2167 3623 3344 3571
910 9 2 12 1 2047 1270 2260 3597 3624 3625
911 9 2 12 1 1271 2048 2259 3601 3626 3627
912 9 2 12 1 2612 2411 2761 3628 3629 3630
913 9 2 12 1 2230 1476 2422 3296 3631 3428
914 9 2 12 1 1398 539 2018 3632 3633 3634
915 9 2 12 1 1776 1775 2394 3635 3636 3637
916 9 2 12 1 1301 2502 2700 3638 3639 3640
917 9 2 12 1 2300 2182 2405 3641 3604 3586
918 9 2 12 1 2025 2022 2863 2967 3642 3643
919 9 2 12 1 1307 2123 2742 3644 3645 3646
920 9 2 12 1 2121 1306 2741 3647 3648 3649
921 9 2 12 1 1893 1274 2162 3650 3651 3535
922 9 2 12 1 1275 1948 2163 3652 3539 3653
923 9 2 12 1 906 1382 2034 3654 3655 3656
924 9 2 12 1 1383 736 2035 3657 3658 3659
925 9 2 12 1 1465 2280 2433 3036 3660 3661
926 9 2 12 1 2061 1401 2424 3662 3663 3664
927 9 2 12 1 511 1276 2057 3665 3666 3667
928 9 2 12 1 1699 1691 2217 3668 3303 3669
929 9 2 12 1 2310 1743 2311 3670 2965 3671
930 9 2 12 1 1488 2076 2299 3672 3673 3674
931 9 2 12 1 2077 1489 2298 3675 3676 3677
932 9 2 12 1 1103 1384 2036 3678 3679 3680
933 9 2 12 1 2112 1498 2406 3681 3682 3683
934 9 2 12 1 1499 2113 2407 3684 3685 3686
935 9 2 12 1 1889 2657 2806 3528 3687 3451
936 9 2 12 1 1987 2214 2750 3372 3688 3689
937 9 2 12 1 1141 1341 2400 3690 3691 3047
938 9 2 12 1 2589 1755 2619 3692 3693 3209
939 9 2 12 1 1300 2096 2866 3694 3695 3129
940 9 2 12 1 1864 1323 2143 3696 3697 3564
941 9 2 12 1 1850 2712 2800 3698 3699 3700
942 9 2 12 1 508 1299 2101 3701 3100 3702
943 9 2 12 1 2139 1469 2141 3352 3703 3172
944 9 2 12 1 1386 958 2052 3704 3705 3706
945 9 2 12 1 2068 2069 2644 3707 3229 3708
946 9 2 12 1 60 1469 2607 3709 3403 3710
947 9 2 12 1 2208 1468 2459 3045 3711 3712
948 9 2 12 1 1429 2705 2861 3713 3714 3715
949 9 2 12 1 2055 1843 2917 3395 3716 3717
950 9 2 12 1 2327 1334 2643 3718 3719 3548
951 9 2 12 1 2057 1276 2058 3666 3720 3721
952 9 2 12 1 2237 2182 2300 3722 3641 3723
953 9 2 12 1 2234 1850 2800 3724 3700 3725
954 9 2 12 1 1785 1367 2617 3726 3727 3728
955 9 2 12 1 2046 1638 2490 3234 3729 3730
956 9 2 12 1 2083 2182 2237 3731 3722 3732
957 9 2 12 1 1810 1852 2246 3733 3552 3276
958 9 2 12 1 1528 2282 2525 3734 3735 3736
959 9 2 12 1 1919 2157 2158 3314 3737 3738
960 9 2 12 1 2194 2208 2459 3739 3712 3740
961 9 2 12 1 1798 2056 2874 3741 3742 3338
962 9 2 12 1 1681 1685 2371 3743 3744 3745
963 9 2 12 1 2104 2418 2740 3005 3746 3747
964 9 2 12 1 1557 1553 2203 3748 3749 3750
965 9 2 12 1 2128 1722 2323 3751 3605 3752
966 9 2 12 1 1398 2018 2025 3634 3416 3753
967 9 2 12 1 2132 2026 2658 3341 3754 3755
968 9 2 12 1 1771 1770 2868 3756 3757 3310
969 9 2 12 1 1325 2059 2384 3570 3758 3759
970 9 2 12 1 1401 2061 2787 3662 3760 3761
971 9 2 12 1 936 1297 2167 3762 3306 3343
972 9 2 12 1 1569 2300 2447 3763 3127 3764
973 9 2 12 1 2280 2278 2433 3765 3766 3660
974 9 2 12 1 2195 1749 2395 3767 3768 3769
975 9 2 12 1 1429 2115 2705 3770 3771 3713
976 9 2 12 1 2712 1850 2722 3698 3772 3619
977 9 2 12 1 1993 1406 2940 3773 3774 3775
978 9 2 12 1 1399 515 2063 3776 3777 3778
979 9 2 12 1 2036 1384 2043 3679 3779 3439
980 9 2 12 1 1974 2159 2628 3152 3780 3781
981 9 2 12 1 1764 2225 2384 3782 3783 3784
982 9 2 12 1 2441 1479 2539 3027 3785 3786
983 9 2 12 1 1770 1380 2868 3787 3788 3757
984 9 2 12 1 1467 2209 2460 3044 3789 3790
985 9 2 12 1 2309 1429 2861 3791 3715 3792
986 9 2 12 1 1127 1403 2068 3793 3794 3795
987 9 2 12 1 1297 2075 2901 3796 3797 3798
988 9 2 12 1 1380 1770 2749 3787 3799 3800
989 9 2 12 1 1386 2052 2053 3706 3801 3802
990 9 2 12 1 2244 2456 2578 3803 3804 3805
991 9 2 12 1 1670 1672 2384 3806 3807 3808
992 9 2 12 1 1669 2060 2227 3809 3810 3109
993 9 2 12 1 2094 2095 2096 3811 3812 3813
994 9 2 12 1 2001 1580 2399 3814 3542 3335
995 9 2 12 1 2307 1331 2483 3815 3816 3346
996 9 2 12 1 2156 1919 2653 3312 3817 3818
997 9 2 12 1 2097 1301 2700 3819 3640 3820
998 9 2 12 1 1694 2186 2217 3821 3822 3302
999 9 2 12 1 1406 1993 2882 3773 3823 3824
1000 9 2 12 1 1376 2380 2393 3825 3073 3826
1001 9 2 12 1 1386 2054 2147 3827 3828 3829
1002 9 2 12 1 1366 2362 2684 3830 3611 3831
1003 9 2 12 1 707 1289 2073 3832 3612 3833
1004 9 2 12 1 1297 935 2075 3834 3835 3796
1005 9 2 12 1 1305 2120 2492 3836 3837 3838
1006 9 2 12 1 2202 2111 2623 3839 3840 3841
1007 9 2 12 1 2299 2151 2450 3842 3843 3844
1008 9 2 12 1 1478 2442 2540 3026 3845 3846
1009 9 2 12 1 2412 2642 2807 3095 3847 3848
1010 9 2 12 1 1367 1785 2774 3726 3849 3850
1011 9 2 12 1 2228 2073 2864 3851 3613 3852
1012 9 2 12 1 2209 2193 2460 3853 3854 3789
1013 9 2 12 1 2355 1558 2640 3855 3856 3857
1014 9 2 12 1 2070 2170 2817 3858 3859 3860
1015 9 2 12 1 1462 2114 2116 3861 3862 3863
1016 9 2 12 1 2284 1367 2774 3864 3850 3089
1017 9 2 12 1 2494 1791 2670 3865 3866 3867
1018 9 2 12 1 2145 2146 2665 3868 3226 3869
1019 9 2 12 1 1379 2066 2937 3870 3871 3872
1020 9 2 12 1 2281 1486 2282 3873 3874 3875
1021 9 2 12 1 1487 2278 2279 3876 3877 3878
1022 9 2 12 1 2056 945 2874 3879 3880 3742
1023 9 2 12 1 2313 1940 2736 3881 3882 3883
1024 9 2 12 1 2526 1527 2558 3608 3082 3884
1025 9 2 12 1 945 2056 2756 3879 3885 3886
1026 9 2 12 1 1292 1157 2081 3887 3888 3889
1027 9 2 12 1 485 1291 2080 3890 3891 3892
1028 9 2 12 1 2161 2441 2539 3893 3786 3894
1029 9 2 12 1 2502 1301 2662 3638 3895 3896
1030 9 2 12 1 2178 1401 2180 3897 3898 3899
1031 9 2 12 1 1393 2030 2031 3333 3900 3901
1032 9 2 12 1 2089 1507 2545 3902 3903 3215
1033 9 2 12 1 1500 2160 2290 3904 3905 3906
1034 9 2 12 1 2161 1501 2289 3907 3908 3909
1035 9 2 12 1 1940 2313 2942 3881 3910 3911
1036 9 2 12 1 1290 1132 2083 3912 3913 3914
1037 9 2 12 1 2012 1394 2013 3329 3915 3916
1038 9 2 12 1 1395 2008 2009 3327 3917 3918
1039 9 2 12 1 2215 2216 2598 3919 3532 3920
1040 9 2 12 1 2068 1403 2069 3794 3921 3707
1041 9 2 12 1 2067 1447 2680 2954 3922 3923
1042 9 2 12 1 2012 2013 2708 3916 3924 3925
1043 9 2 12 1 2009 2008 2709 3917 3926 3927
1044 9 2 12 1 1812 2246 2427 3277 3928 3929
1045 9 2 12 1 1490 2129 2238 3930 3931 3932
1046 9 2 12 1 2130 1491 2239 3933 3934 3935
1047 9 2 12 1 1875 1265 2408 3936 3937 3938
1048 9 2 12 1 2467 1340 2648 3592 3939 3940
1049 9 2 12 1 2151 1472 2450 3420 3941 3843
1050 9 2 12 1 1296 492 2091 3942 3943 3350
1051 9 2 12 1 1150 1301 2097 3944 3819 3945
1052 9 2 12 1 1300 689 2094 3946 3947 3948
1053 9 2 12 1 2066 1379 2596 3870 3949 3122
1054 9 2 12 1 2621 1307 2742 3190 3646 3950
1055 9 2 12 1 1495 2072 2550 3471 3951 3952
1056 9 2 12 1 1306 2620 2741 3193 3953 3648
1057 9 2 12 1 953 1295 2090 3954 3955 3956
1058 9 2 12 1 2128 2080 2714 3957 3958 3180
1059 9 2 12 1 2415 2343 2914 3959 3960 3961
1060 9 2 12 1 2099 2070 2817 3092 3860 3962
1061 9 2 12 1 2414 2415 2914 3963 3961 3964
1062 9 2 12 1 1409 762 2078 3965 3966 2972
1063 9 2 12 1 2071 1494 2551 3468 3967 3968
1064 9 2 12 1 1528 2525 2557 3736 3969 3970
1065 9 2 12 1 1789 1268 2171 3971 3972 3973
1066 9 2 12 1 1266 1592 2416 3974 3975 3976
1067 9 2 12 1 2711 2268 2855 3977 3978 3979
1068 9 2 12 1 1665 1647 2409 3980 3981 3982
1069 9 2 12 1 1300 2094 2096 3948 3813 3694
1070 9 2 12 1 1311 2213 2214 3983 3617 3984
1071 9 2 12 1 1797 2644 2651 3985 3231 3986
1072 9 2 12 1 2152 2298 2451 3987 3988 3989
1073 9 2 12 1 1292 2081 2907 3889 3990 3991
1074 9 2 12 1 1348 2412 2807 3992 3848 3554
1075 9 2 12 1 2442 2160 2540 3993 3994 3845
1076 9 2 12 1 2109 1375 2548 3995 3996 3997
1077 9 2 12 1 2285 1366 2884 3998 3999 4000
1078 9 2 12 1 1382 2133 2185 4001 4002 4003
1079 9 2 12 1 2135 1383 2184 4004 4005 4006
1080 9 2 12 1 1290 2083 2237 3914 3732 4007
1081 9 2 12 1 1854 881 2049 4008 4009 4010
1082 9 2 12 1 482 1313 2154 4011 4012 4013
1083 9 2 12 1 1073 1314 2157 4014 4015 4016
1084 9 2 12 1 1455 2309 2932 4017 4018 4019
1085 9 2 12 1 1366 2345 2884 4020 4021 3999
1086 9 2 12 1 928 1304 2117 4022 4023 4024
1087 9 2 12 1 1305 714 2120 4025 4026 3836
1088 9 2 12 1 731 1306 2121 4027 3647 4028
1089 9 2 12 1 1307 911 2123 4029 4030 3644
1090 9 2 12 1 2149 1510 2583 4031 4032 4033
1091 9 2 12 1 1509 2150 2582 4034 4035 4036
1092 9 2 12 1 1388 2111 2202 3369 3839 4037
1093 9 2 12 1 1473 2152 2451 3422 3989 4038
1094 9 2 12 1 1794 2267 2832 4039 4040 3106
1095 9 2 12 1 2382 1762 2860 4041 4042 4043
1096 9 2 12 1 2180 1401 2787 3898 3761 4044
1097 9 2 12 1 2117 1304 2125 4023 4045 4046
1098 9 2 12 1 1762 2382 2719 4041 4047 4048
1099 9 2 12 1 2658 2304 2941 4049 4050 4051
1100 9 2 12 1 2267 2707 2832 4052 4053 4040
1101 9 2 12 1 1518 2268 2711 4054 3977 3494
1102 9 2 12 1 2601 2235 2697 4055 4056 4057
1103 9 2 12 1 1869 2202 2623 4058 3841 4059
1104 9 2 12 1 2307 1728 2799 3345 4060 4061
1105 9 2 12 1 2051 1387 2834 4062 4063 4064
1106 9 2 12 1 1444 2176 2229 4065 4066 4067
1107 9 2 12 1 2419 2723 2767 4068 4069 4070
1108 9 2 12 1 1312 2210 2622 4071 4072 4073
1109 9 2 12 1 2303 2146 2601 3138 4074 4075
1110 9 2 12 1 501 1370 2359 4076 4077 3590
1111 9 2 12 1 1272 2074 2137 4078 4079 3391
1112 9 2 12 1 2456 1697 2578 4080 4081 3804
1113 9 2 12 1 2366 1793 2808 2994 4082 4083
1114 9 2 12 1 1280 2017 2615 3559 4084 4085
1115 9 2 12 1 2348 1851 2597 2979 4086 4087
1116 9 2 12 1 2267 1517 2707 4088 4089 4052
1117 9 2 12 1 2309 2861 2932 3792 4090 4018
1118 9 2 12 1 1491 2130 2438 3933 3237 4091
1119 9 2 12 1 1486 2281 2432 3873 3622 4092
1120 9 2 12 1 2226 1297 2901 3323 3798 4093
1121 9 2 12 1 2011 1396 2671 3573 4094 4095
1122 9 2 12 1 1397 2007 2672 3489 4096 4097
1123 9 2 12 1 1484 2449 2530 3242 4098 4099
1124 9 2 12 1 2012 2708 2838 3925 4100 4101
1125 9 2 12 1 2637 2200 2842 4102 4103 4104
1126 9 2 12 1 2082 1278 2142 4105 3426 4106
1127 9 2 12 1 1497 2193 2198 4107 4108 4109
1128 9 2 12 1 2194 1496 2197 4110 4111 4112
1129 9 2 12 1 2115 1429 2859 3770 4113 4114
1130 9 2 12 1 2076 1488 2547 3672 4115 3238
1131 9 2 12 1 1387 2051 2737 4062 4116 4117
1132 9 2 12 1 2737 2050 2755 4118 4119 4120
1133 9 2 12 1 1775 2321 2394 4121 4122 3636
1134 9 2 12 1 2709 2008 2845 3926 4123 4124
1135 9 2 12 1 1489 2077 2546 3675 3319 4125
1136 9 2 12 1 1515 2165 2627 3508 4126 4127
1137 9 2 12 1 1779 1776 2394 4128 3637 3160
1138 9 2 12 1 2150 1509 2704 4034 4129 4130
1139 9 2 12 1 1282 2119 2171 4131 4132 4133
1140 9 2 12 1 2449 1511 2530 4134 4135 4098
1141 9 2 12 1 2129 1490 2439 3930 4136 3544
1142 9 2 12 1 2157 1314 2158 4015 4137 3737
1143 9 2 12 1 2566 1295 2744 4138 4139 4140
1144 9 2 12 1 2181 132 2437 3315 4141 4142
1145 9 2 12 1 933 1787 2906 4143 4144 4145
1146 9 2 12 1 1519 2637 2842 4146 4104 4147
1147 9 2 12 1 1488 2299 2450 3674 3844 4148
1148 9 2 12 1 2229 2176 2654 4066 4149 4150
1149 9 2 12 1 2360 2467 2648 4151 3940 4152
1150 9 2 12 1 2505 1721 2935 4153 4154 3523
1151 9 2 12 1 2246 1343 2427 4155 3133 3928
1152 9 2 12 1 2448 1485 2531 3244 4156 4157
1153 9 2 12 1 2050 2677 2755 4158 4159 4119
1154 9 2 12 1 2339 2340 2415 4160 4161 4162
1155 9 2 12 1 1749 2195 2871 3767 4163 4164
1156 9 2 12 1 1415 541 2131 4165 4166 4167
1157 9 2 12 1 904 1412 2133 4168 4169 4170
1158 9 2 12 1 1413 738 2135 4171 4172 4173
1159 9 2 12 1 2092 1281 2186 4174 3501 4175
1160 9 2 12 1 1508 2411 2612 4176 3628 4177
1161 9 2 12 1 1400 2174 2204 4178 4179 4180
1162 9 2 12 1 1373 2612 2761 4181 3630 3279
1163 9 2 12 1 2278 1487 2433 3876 4182 3766
1164 9 2 12 1 2723 2342 2767 4183 4184 4069
1165 9 2 12 1 2242 1736 2867 3453 4185 4186
1166 9 2 12 1 2071 169 2536 4187 4188 3469
1167 9 2 12 1 140 2072 2535 4189 3473 4190
1168 9 2 12 1 1487 2279 2526 3878 3609 4191
1169 9 2 12 1 1101 1414 2138 4192 4193 4194
1170 9 2 12 1 1835 1843 2320 4195 4196 4197
1171 9 2 12 1 1934 1932 2664 4198 3189 4199
1172 9 2 12 1 2380 1330 2720 4200 3118 3177
1173 9 2 12 1 2148 2302 2603 3062 4201 4202
1174 9 2 12 1 1503 2127 2743 4203 4204 4205
1175 9 2 12 1 2388 2249 2893 3267 4206 4207
1176 9 2 12 1 1890 1681 2371 4208 3745 3516
1177 9 2 12 1 1685 1736 2371 4209 3455 3744
1178 9 2 12 1 2242 1316 2371 4210 3517 3454
1179 9 2 12 1 2219 2150 2704 4211 4130 4212
1180 9 2 12 1 1557 2203 2840 3750 4213 4214
1181 9 2 12 1 2154 1313 2321 4012 4215 4216
1182 9 2 12 1 2098 1448 2614 3200 4217 4218
1183 9 2 12 1 2096 2095 2733 3812 4219 4220
1184 9 2 12 1 2282 1486 2525 3874 4221 3735
1185 9 2 12 1 2320 1310 2593 4222 3479 4223
1186 9 2 12 1 2298 1489 2451 3676 4224 3988
1187 9 2 12 1 2140 2220 2221 4225 4226 4227
1188 9 2 12 1 1512 2448 2531 4228 4157 4229
1189 9 2 12 1 403 2112 2406 4230 3683 4231
1190 9 2 12 1 2113 374 2407 4232 4233 3685
1191 9 2 12 1 1277 2128 2323 4234 3752 3614
1192 9 2 12 1 1350 2062 2624 4235 4236 4237
1193 9 2 12 1 2407 2239 2541 4238 4239 4240
1194 9 2 12 1 2290 1512 2556 4241 4242 4243
1195 9 2 12 1 2155 1292 2602 4244 4245 4246
1196 9 2 12 1 1322 2245 2891 4247 3569 4248
1197 9 2 12 1 2059 1670 2384 4249 3808 3758
1198 9 2 12 1 2185 2134 2736 4250 4251 4252
1199 9 2 12 1 1672 1764 2384 4253 3784 3807
1200 9 2 12 1 2340 2343 2415 4254 3959 4161
1201 9 2 12 1 1375 2109 2740 3995 4255 4256
1202 9 2 12 1 2268 1795 2855 4257 3186 3978
1203 9 2 12 1 1498 2112 2560 3681 3289 4258
1204 9 2 12 1 2072 141 2573 4259 4260 4261
1205 9 2 12 1 168 2071 2572 4262 4263 4264
1206 9 2 12 1 1320 1942 2430 4265 4266 4267
1207 9 2 12 1 1997 1319 2431 4268 4269 4270
1208 9 2 12 1 1792 2367 2821 3081 4271 4272
1209 9 2 12 1 2176 1422 2654 4273 4274 4149
1210 9 2 12 1 1324 1856 2426 4275 4276 4277
1211 9 2 12 1 2132 2658 2941 3755 4051 4278
1212 9 2 12 1 1510 2149 2690 4031 4279 4280
1213 9 2 12 1 509 508 2101 607 3702 4281
1214 9 2 12 1 2113 1499 2559 3684 4282 3348
1215 9 2 12 1 2395 1682 2409 4283 4284 4285
1216 9 2 12 1 1884 1875 2408 4286 3938 4287
1217 9 2 12 1 756 1418 2164 4288 4289 4290
1218 9 2 12 1 1415 2131 2132 4167 3342 4291
1219 9 2 12 1 1424 2304 2658 4292 4049 4293
1220 9 2 12 1 2133 1412 2134 4169 4294 4295
1221 9 2 12 1 1413 2135 2136 4173 4296 4297
1222 9 2 12 1 2356 2355 2640 4298 3857 4299
1223 9 2 12 1 1749 1682 2395 4300 4283 3768
1224 9 2 12 1 959 1386 2147 4301 3829 4302
1225 9 2 12 1 2536 2197 2549 4303 4304 4305
1226 9 2 12 1 1511 2289 2555 4306 4307 4308
1227 9 2 12 1 502 2359 2856 3591 4309 4310
1228 9 2 12 1 1328 2382 2589 4311 4312 3208
1229 9 2 12 1 1360 2126 2887 4313 4314 4315
1230 9 2 12 1 1288 2358 2563 4316 4317 4318
1231 9 2 12 1 1592 1766 2416 4319 4320 3975
1232 9 2 12 1 2736 2134 2928 4251 4321 4322
1233 9 2 12 1 2238 2406 2542 4323 4324 4325
1234 9 2 12 1 1941 1899 2872 3064 4326 4327
1235 9 2 12 1 1954 1996 2873 3068 4328 4329
1236 9 2 12 1 1316 494 2187 4330 4331 3075
1237 9 2 12 1 951 1315 2188 4332 4333 4334
1238 9 2 12 1 2058 1276 2203 3720 4335 4336
1239 9 2 12 1 1148 1342 2190 4337 4338 4339
1240 9 2 12 1 1343 691 2192 4340 4341 3131
1241 9 2 12 1 1677 2125 2409 4342 4343 4344
1242 9 2 12 1 2138 1414 2139 4193 4345 3377
1243 9 2 12 1 2345 1366 2684 4020 3831 3481
1244 9 2 12 1 1338 2339 2415 4346 4162 4347
1245 9 2 12 1 1507 2089 2879 3902 4348 4349
1246 9 2 12 1 2020 1335 2204 4350 4351 4352
1247 9 2 12 1 2188 1315 2189 4333 4353 4354
1248 9 2 12 1 2190 1342 2191 4338 4355 4356
1249 9 2 12 1 2127 1503 2887 4203 4357 4358
1250 9 2 12 1 1496 2194 2459 4110 3740 4359
1251 9 2 12 1 1659 2494 2670 4360 3867 4361
1252 9 2 12 1 1462 2116 2794 3863 4362 4363
1253 9 2 12 1 1588 50 2449 4364 4365 3241
1254 9 2 12 1 259 1589 2448 4366 3245 4367
1255 9 2 12 1 1426 517 2168 4368 4369 4370
1256 9 2 12 1 1416 2235 2601 4371 4055 4372
1257 9 2 12 1 1336 2038 2424 4373 4374 4375
1258 9 2 12 1 1125 1425 2170 4376 4377 4378
1259 9 2 12 1 2079 2111 2116 4379 3371 4380
1260 9 2 12 1 2877 2118 2951 4381 4382 4383
1261 9 2 12 1 1529 254 2442 4384 4385 3025
1262 9 2 12 1 55 1530 2441 4386 3028 4387
1263 9 2 12 1 2136 2184 2746 4388 4389 4390
1264 9 2 12 1 2034 1382 2944 3655 4391 4392
1265 9 2 12 1 1383 2035 2945 3659 4393 4394
1266 9 2 12 1 2166 2118 2877 4395 4381 4396
1267 9 2 12 1 2081 2579 2907 4397 4398 3990
1268 9 2 12 1 926 1345 2195 4399 4400 4401
1269 9 2 12 1 1347 716 2196 4402 4403 4404
1270 9 2 12 1 2250 2389 2904 3382 4405 4406
1271 9 2 12 1 729 1344 2212 4407 4408 4409
1272 9 2 12 1 1346 913 2211 4410 4411 4412
1273 9 2 12 1 1637 1640 2490 4413 4414 4415
1274 9 2 12 1 1389 2127 2650 4416 4417 3378
1275 9 2 12 1 1382 2185 2687 4003 4418 4419
1276 9 2 12 1 2184 1383 2686 4005 4420 4421
1277 9 2 12 1 2584 2051 2834 4422 4064 3059
1278 9 2 12 1 1510 30 2583 4423 4424 4032
1279 9 2 12 1 279 1509 2582 4425 4036 4426
1280 9 2 12 1 2127 1389 2743 4416 4427 4204
1281 9 2 12 1 1647 1677 2409 4428 4344 3981
1282 9 2 12 1 1682 1665 2409 4429 3982 4284
1283 9 2 12 1 1843 2629 2917 4430 4431 3716
1284 9 2 12 1 2096 1818 2866 4432 4433 3695
1285 9 2 12 1 1448 149 2614 4434 4435 4217
1286 9 2 12 1 2149 2218 2690 4436 4437 4279
1287 9 2 12 1 2198 2535 2552 4438 4439 4440
1288 9 2 12 1 2224 2453 2854 4441 4442 4443
1289 9 2 12 1 1273 933 2906 4444 4145 4445
1290 9 2 12 1 2041 2411 2567 4446 4447 4448
1291 9 2 12 1 710 709 1590 808 3399 4449
1292 9 2 12 1 933 932 1787 1031 4450 4143
1293 9 2 12 1 2513 1725 2714 4451 3181 3134
1294 9 2 12 1 1409 2114 2115 3033 4452 4453
1295 9 2 12 1 1535 2057 2804 4454 4455 4456
1296 9 2 12 1 1155 1154 1873 1253 4457 3434
1297 9 2 12 1 488 487 1872 586 3437 4458
1298 9 2 12 1 2193 1497 2460 4107 4459 3854
1299 9 2 12 1 1533 1298 1534 4460 4461 4462
1300 9 2 12 1 1697 1684 2578 4463 3274 4081
1301 9 2 12 1 1650 2425 2490 4464 4465 4466
1302 9 2 12 1 2144 1416 2146 4467 4468 4469
1303 9 2 12 1 2225 1764 2916 3782 4470 4471
1304 9 2 12 1 1265 1153 2408 4472 4473 3937
1305 9 2 12 1 490 489 1887 588 4474 3462
1306 9 2 12 1 1502 2223 2608 4475 4476 4477
1307 9 2 12 1 2147 2054 2902 3828 4478 4479
1308 9 2 12 1 2529 2733 2747 4480 4481 4482
1309 9 2 12 1 1987 1989 2655 4483 3151 3373
1310 9 2 12 1 2292 1456 2947 4484 4485 4486
1311 9 2 12 1 2239 1491 2541 3934 4487 4239
1312 9 2 12 1 1501 2161 2539 3907 3894 4488
1313 9 2 12 1 1312 1160 2210 4489 4490 4071
1314 9 2 12 1 2092 2186 2634 4175 4491 4492
1315 9 2 12 1 1311 569 2213 4493 4494 3983
1316 9 2 12 1 1268 931 2171 4495 4496 3972
1317 9 2 12 1 711 1266 2416 4497 3976 4498
1318 9 2 12 1 1079 1078 1891 1177 3504 4499
1319 9 2 12 1 564 563 1946 662 4500 3506
1320 9 2 12 1 1107 1401 2178 4501 3897 4502
1321 9 2 12 1 1385 2145 2594 4503 4504 4505
1322 9 2 12 1 2146 1416 2601 4468 4372 4074
1323 9 2 12 1 2136 2746 2929 4390 4506 4507
1324 9 2 12 1 2579 2082 2730 4508 4509 4510
1325 9 2 12 1 956 955 2016 1054 3556 4511
1326 9 2 12 1 687 686 2017 785 4512 3558
1327 9 2 12 1 2076 288 2299 4513 4514 3673
1328 9 2 12 1 21 2077 2298 4515 3677 4516
1329 9 2 12 1 2425 2046 2490 4517 3730 4465
1330 9 2 12 1 2160 256 2290 4518 4519 3905
1331 9 2 12 1 53 2161 2289 4520 3909 4521
1332 9 2 12 1 1302 2554 2661 4522 4523 4524
1333 9 2 12 1 2553 1303 2660 4525 4526 4527
1334 9 2 12 1 1413 2150 2219 4528 4211 4529
1335 9 2 12 1 1989 1990 2599 4530 4531 3150
1336 9 2 12 1 2164 1418 2165 4289 4532 4533
1337 9 2 12 1 483 482 2154 581 4013 4534
1338 9 2 12 1 1074 1073 2157 1172 4016 4535
1339 9 2 12 1 2088 1381 2713 3019 4536 4537
1340 9 2 12 1 2160 1500 2540 3904 4538 3994
1341 9 2 12 1 1494 2536 2549 3470 4305 4539
1342 9 2 12 1 734 733 2047 832 3598 4540
1343 9 2 12 1 909 908 2048 1007 4541 3600
1344 9 2 12 1 1906 2315 2436 4542 4543 4544
1345 9 2 12 1 2421 2004 2947 3287 4545 4546
1346 9 2 12 1 1379 159 2596 4547 4548 3949
1347 9 2 12 1 1862 1323 1863 4549 4550 4551
1348 9 2 12 1 162 1518 2543 4552 3359 4553
1349 9 2 12 1 1490 2238 2542 3932 4325 4554
1350 9 2 12 1 2390 2301 2841 3103 4555 4556
1351 9 2 12 1 1528 24 2282 4557 4558 3734
1352 9 2 12 1 285 1527 2279 4559 3607 4560
1353 9 2 12 1 2225 1325 2384 4561 3759 3783
1354 9 2 12 1 2365 1397 2672 4562 4097 4563
1355 9 2 12 1 1396 2364 2671 4564 4565 4094
1356 9 2 12 1 539 538 2018 637 4566 3633
1357 9 2 12 1 907 906 2034 1005 3656 4567
1358 9 2 12 1 736 735 2035 834 4568 3658
1359 9 2 12 1 1888 2090 2706 3164 4569 4570
1360 9 2 12 1 512 511 2057 610 3667 4571
1361 9 2 12 1 1288 2357 2358 4572 4573 4316
1362 9 2 12 1 1492 2601 2697 4574 4057 4575
1363 9 2 12 1 1452 2788 2853 4576 4577 4578
1364 9 2 12 1 1104 1103 2036 1202 3680 4579
1365 9 2 12 1 2130 377 2241 4580 4581 3236
1366 9 2 12 1 27 1793 2283 4582 3038 4583
1367 9 2 12 1 1792 282 2280 4584 4585 3035
1368 9 2 12 1 882 881 1854 980 4008 4586
1369 9 2 12 1 958 957 2052 1056 4587 3705
1370 9 2 12 1 173 1532 2208 4588 3046 4589
1371 9 2 12 1 1531 136 2209 4590 4591 3043
1372 9 2 12 1 1970 2314 2435 4592 4593 4594
1373 9 2 12 1 371 1886 2230 4595 3297 4596
1374 9 2 12 1 1885 406 2231 4597 4598 3299
1375 9 2 12 1 1818 2096 2733 4432 4220 4599
1376 9 2 12 1 1523 399 2240 4600 4601 4602
1377 9 2 12 1 1399 2063 2912 3778 4603 4604
1378 9 2 12 1 2489 1882 2898 3087 4605 4606
1379 9 2 12 1 1332 2084 2682 4607 4608 3411
1380 9 2 12 1 1152 1279 2408 4609 4610 4611
1381 9 2 12 1 1755 2232 2619 4612 4613 3693
1382 9 2 12 1 2320 1843 2950 4196 3397 4614
1383 9 2 12 1 2314 1961 2435 4615 4616 4593
1384 9 2 12 1 1426 2168 2169 4370 4617 4618
1385 9 2 12 1 2535 1495 2552 3472 4619 4439
1386 9 2 12 1 2014 143 2247 4620 4621 3259
1387 9 2 12 1 2100 509 2101 4622 4281 4623
1388 9 2 12 1 1317 939 2225 4624 4625 4626
1389 9 2 12 1 506 1351 2224 4627 4628 4629
1390 9 2 12 1 1341 2399 2400 3336 4630 3691
1391 9 2 12 1 261 1525 2205 4631 4632 4633
1392 9 2 12 1 1526 48 2206 4634 4635 4636
1393 9 2 12 1 2264 1519 2292 4637 4638 4639
1394 9 2 12 1 1795 165 2248 4640 4641 3098
1395 9 2 12 1 2572 2071 2913 4263 4642 4643
1396 9 2 12 1 2005 2422 2932 3429 4644 4645
1397 9 2 12 1 2184 1995 2746 4646 4647 4389
1398 9 2 12 1 1535 1298 2057 4648 4649 4454
1399 9 2 12 1 291 2032 2249 4650 4651 4652
1400 9 2 12 1 2033 18 2250 4653 4654 4655
1401 9 2 12 1 1302 2034 2554 4656 4657 4522
1402 9 2 12 1 2035 1303 2553 4658 4525 4659
1403 9 2 12 1 2090 1295 2706 3955 4660 4569
1404 9 2 12 1 515 514 2063 613 4661 3777
1405 9 2 12 1 281 1792 2257 4662 4663 4664
1406 9 2 12 1 1793 28 2258 4665 4666 4667
1407 9 2 12 1 2057 2058 2804 3721 3512 4455
1408 9 2 12 1 1128 1127 2068 1226 3795 4668
1409 9 2 12 1 1354 2365 2636 4669 4670 4671
1410 9 2 12 1 2197 1496 2549 4111 4672 4304
1411 9 2 12 1 2364 1353 2635 4673 4674 4675
1412 9 2 12 1 930 1282 2171 4676 4133 4677
1413 9 2 12 1 1283 712 2416 4678 4679 4680
1414 9 2 12 1 1522 252 2251 4681 4682 4683
1415 9 2 12 1 57 1521 2252 4684 4685 4686
1416 9 2 12 1 2164 2165 2771 4533 4687 4688
1417 9 2 12 1 135 1531 2262 4689 4690 4691
1418 9 2 12 1 2172 1422 2176 4692 4273 4693
1419 9 2 12 1 2116 1388 2794 3370 4694 4362
1420 9 2 12 1 2315 1915 2436 4695 4696 4543
1421 9 2 12 1 2149 1412 2218 4697 4698 4436
1422 9 2 12 1 2062 1350 2799 4235 4699 4700
1423 9 2 12 1 1288 155 2357 4701 4702 4572
1424 9 2 12 1 369 2005 2263 4703 4704 4705
1425 9 2 12 1 1856 2028 2426 4706 3497 4276
1426 9 2 12 1 2165 2294 2610 3510 4707 4708
1427 9 2 12 1 398 1523 2265 4709 4710 4711
1428 9 2 12 1 1524 379 2266 4712 4713 4714
1429 9 2 12 1 2159 1294 2628 4715 4716 3780
1430 9 2 12 1 2339 1338 2420 4346 4717 4718
1431 9 2 12 1 1940 2185 2736 4719 4252 3882
1432 9 2 12 1 1794 145 2267 4720 4721 4039
1433 9 2 12 1 164 1795 2268 4722 4257 4723
1434 9 2 12 1 2228 1746 2500 4724 4725 4726
1435 9 2 12 1 409 1519 2264 4727 4637 4728
1436 9 2 12 1 2140 1414 2220 4729 4730 4225
1437 9 2 12 1 708 707 2073 806 3833 4731
1438 9 2 12 1 935 934 2075 1033 4732 3835
1439 9 2 12 1 2766 1451 2852 4733 4734 4735
1440 9 2 12 1 1942 2006 2430 4736 3484 4266
1441 9 2 12 1 2010 1997 2431 4737 4270 3485
1442 9 2 12 1 1499 2407 2541 3686 4240 4738
1443 9 2 12 1 175 1505 2261 4739 4740 4741
1444 9 2 12 1 2486 2579 2730 4742 4510 4743
1445 9 2 12 1 1525 262 2274 4744 4745 4746
1446 9 2 12 1 47 1526 2275 4747 4748 4749
1447 9 2 12 1 513 1298 1533 4750 4460 4751
1448 9 2 12 1 2392 1525 2852 4752 4753 4754
1449 9 2 12 1 1362 496 2242 4755 4756 4757
1450 9 2 12 1 949 1363 2243 4758 4759 4760
1451 9 2 12 1 1146 1321 2244 4761 4762 4763
1452 9 2 12 1 1322 693 2245 4764 4765 4247
1453 9 2 12 1 1497 2198 2552 4109 4440 4766
1454 9 2 12 1 293 1515 2269 4767 4768 4769
1455 9 2 12 1 1516 16 2270 4770 4771 4772
1456 9 2 12 1 1979 2725 2741 4773 4774 4775
1457 9 2 12 1 1132 1131 2083 1230 4776 3913
1458 9 2 12 1 2726 1924 2742 4777 4778 4779
1459 9 2 12 1 2244 1321 2456 4762 4780 3803
1460 9 2 12 1 2072 2573 2915 4261 4781 4782
1461 9 2 12 1 2063 1552 2064 4783 4784 4785
1462 9 2 12 1 1157 1156 2081 1255 4786 3888
1463 9 2 12 1 486 485 2080 584 3892 4787
1464 9 2 12 1 1295 2566 2706 4138 4788 4660
1465 9 2 12 1 1299 2224 2854 4789 4443 3355
1466 9 2 12 1 2095 1280 2615 4790 4085 4791
1467 9 2 12 1 2038 2061 2424 4792 3664 4374
1468 9 2 12 1 762 761 2078 860 4793 3966
1469 9 2 12 1 2636 2365 2919 4670 4794 4795
1470 9 2 12 1 1419 2606 2633 3221 4796 4797
1471 9 2 12 1 2364 2635 2921 4675 4798 4799
1472 9 2 12 1 1722 2128 2703 3751 3595 4800
1473 9 2 12 1 1433 2181 2870 3318 4801 4802
1474 9 2 12 1 1743 2310 2613 3670 4803 4804
1475 9 2 12 1 492 491 2091 590 4805 3943
1476 9 2 12 1 2399 1582 2828 3541 4806 4807
1477 9 2 12 1 1151 1150 2097 1249 3945 4808
1478 9 2 12 1 1285 2350 2673 3084 3054 4809
1479 9 2 12 1 1304 2195 2395 4810 3769 4811
1480 9 2 12 1 689 688 2094 787 4812 3947
1481 9 2 12 1 2259 1927 2754 4813 4814 4815
1482 9 2 12 1 1982 2260 2753 4816 4817 4818
1483 9 2 12 1 1452 2256 2788 4819 3562 4576
1484 9 2 12 1 2255 1451 2766 4820 4733 3498
1485 9 2 12 1 954 953 2090 1052 3956 4821
1486 9 2 12 1 1274 1077 2162 4822 4823 3651
1487 9 2 12 1 565 1275 2163 4824 3653 4825
1488 9 2 12 1 1809 1811 2322 4826 4827 4828
1489 9 2 12 1 1312 2622 2903 4073 4829 4830
1490 9 2 12 1 1309 685 2183 4831 4832 2982
1491 9 2 12 1 2093 2507 2827 4833 4834 3148
1492 9 2 12 1 2406 1498 2542 3682 4835 4324
1493 9 2 12 1 1462 366 2291 4836 4837 4838
1494 9 2 12 1 1525 2392 2894 4752 4839 4840
1495 9 2 12 1 1500 2290 2556 3906 4243 4841
1496 9 2 12 1 1840 2189 2869 4842 4843 4844
1497 9 2 12 1 1515 294 2294 4845 4846 3509
1498 9 2 12 1 15 1516 2295 4847 4848 4849
1499 9 2 12 1 2153 483 2154 4850 4534 4851
1500 9 2 12 1 2084 1332 2856 4607 4852 4853
1501 9 2 12 1 2726 2124 2754 4854 4855 4856
1502 9 2 12 1 2122 2725 2753 4857 4858 4859
1503 9 2 12 1 1513 264 2296 4860 4861 4862
1504 9 2 12 1 45 1514 2297 4863 4864 4865
1505 9 2 12 1 929 928 2117 1027 4024 4866
1506 9 2 12 1 714 713 2120 812 4867 4026
1507 9 2 12 1 2156 1074 2157 4868 4535 3313
1508 9 2 12 1 732 731 2121 830 4028 4869
1509 9 2 12 1 911 910 2123 1009 4870 4030
1510 9 2 12 1 1892 1274 1893 3578 3650 4871
1511 9 2 12 1 1275 1947 1948 3579 4872 3652
1512 9 2 12 1 2705 2115 2798 3771 4873 4874
1513 9 2 12 1 177 1444 2229 4875 4067 4876
1514 9 2 12 1 480 1367 2284 4877 3864 4878
1515 9 2 12 1 1369 1162 2287 4879 4880 4881
1516 9 2 12 1 1848 2183 2594 2983 4882 4883
1517 9 2 12 1 1071 1366 2285 4884 3998 4885
1518 9 2 12 1 1368 571 2286 4886 4887 4888
1519 9 2 12 1 396 1493 2302 4889 4890 4891
1520 9 2 12 1 1492 381 2303 4892 4893 4894
1521 9 2 12 1 1080 1320 2430 4895 4267 4896
1522 9 2 12 1 1319 562 2431 4897 4898 4269
1523 9 2 12 1 760 1323 1862 4899 4549 4900
1524 9 2 12 1 2302 1493 2603 4890 4901 4201
1525 9 2 12 1 249 1502 2304 4902 4903 4904
1526 9 2 12 1 2124 2259 2754 4905 4815 4855
1527 9 2 12 1 2260 2122 2753 4906 4859 4817
1528 9 2 12 1 2078 1866 2079 4907 4908 2973
1529 9 2 12 1 2169 2168 2801 4617 4909 4910
1530 9 2 12 1 2186 1887 2217 3500 3464 3822
1531 9 2 12 1 1323 759 2143 4911 4912 3697
1532 9 2 12 1 1437 32 2313 4913 4914 4915
1533 9 2 12 1 883 1324 2426 4916 4277 4917
1534 9 2 12 1 1638 1637 2490 4918 4415 3729
1535 9 2 12 1 1640 1650 2490 4919 4466 4414
1536 9 2 12 1 2114 2079 2116 3032 4380 3862
1537 9 2 12 1 2233 1347 2478 4920 4921 4922
1538 9 2 12 1 2311 1738 2786 3070 4923 4924
1539 9 2 12 1 2289 1501 2555 3908 4925 4307
1540 9 2 12 1 1929 2162 2814 3536 4926 4927
1541 9 2 12 1 2163 1984 2815 3538 4928 4929
1542 9 2 12 1 1406 276 2312 4930 4931 4932
1543 9 2 12 1 510 509 2100 608 4622 4933
1544 9 2 12 1 1398 2026 2131 4934 3340 4935
1545 9 2 12 1 1791 2494 2796 3865 4936 4937
1546 9 2 12 1 1832 1845 2544 4938 4939 4940
1547 9 2 12 1 905 904 2133 1003 4170 4941
1548 9 2 12 1 738 737 2135 836 4942 4172
1549 9 2 12 1 1368 2286 2599 4888 3049 4943
1550 9 2 12 1 541 540 2131 639 4944 4166
1551 9 2 12 1 2530 1511 2555 4135 4308 4945
1552 9 2 12 1 1330 719 2293 4946 4947 3077
1553 9 2 12 1 2333 1984 2444 4948 4949 4950
1554 9 2 12 1 133 1506 2437 4951 4952 4953
1555 9 2 12 1 1105 1336 2424 4954 4375 4955
1556 9 2 12 1 1839 2349 2350 4956 3052 4957
1557 9 2 12 1 1335 537 2204 4958 4959 4351
1558 9 2 12 1 1102 1101 2138 1200 4194 4960
1559 9 2 12 1 1405 2348 2597 4961 4087 4962
1560 9 2 12 1 1870 2143 2809 3565 4963 4964
1561 9 2 12 1 1512 2531 2556 4229 4965 4242
1562 9 2 12 1 1427 383 2325 4966 4967 4968
1563 9 2 12 1 1404 393 2324 4969 4970 4971
1564 9 2 12 1 2223 1502 2739 4475 4972 4973
1565 9 2 12 1 2080 1291 2714 3891 3251 3958
1566 9 2 12 1 739 1413 2219 4974 4529 4975
1567 9 2 12 1 1569 2237 2300 4976 3723 3763
1568 9 2 12 1 1533 1552 2063 4977 4783 4978
1569 9 2 12 1 1295 2188 2744 4979 4980 4139
1570 9 2 12 1 1371 941 2305 4981 4982 4983
1571 9 2 12 1 701 1331 2307 4984 3815 4985
1572 9 2 12 1 1372 1138 2306 4986 4987 4988
1573 9 2 12 1 504 1332 2308 4989 3202 4990
1574 9 2 12 1 1929 2332 2443 4991 4992 4993
1575 9 2 12 1 1076 1293 2162 4994 4995 4996
1576 9 2 12 1 1294 566 2163 4997 4998 4999
1577 9 2 12 1 1434 266 2330 5000 5001 5002
1578 9 2 12 1 2050 2049 2677 5003 5004 4158
1579 9 2 12 1 2125 1677 2951 4342 5005 5006
1580 9 2 12 1 2195 1345 2871 4400 5007 4163
1581 9 2 12 1 2044 1384 2138 5008 5009 3376
1582 9 2 12 1 1516 2270 2633 4772 5010 5011
1583 9 2 12 1 542 1415 2222 5012 5013 5014
1584 9 2 12 1 1391 129 2329 5015 5016 5017
1585 9 2 12 1 724 1377 2374 5018 5019 5020
1586 9 2 12 1 2002 2610 2918 5021 5022 5023
1587 9 2 12 1 413 1387 2328 5024 5025 5026
1588 9 2 12 1 2319 915 2533 5027 5028 3487
1589 9 2 12 1 392 1404 2347 5029 5030 5031
1590 9 2 12 1 1405 385 2348 5032 5033 4961
1591 9 2 12 1 1397 42 2331 5034 5035 3490
1592 9 2 12 1 275 1406 2352 5036 5037 5038
1593 9 2 12 1 1407 34 2353 5039 5040 5041
1594 9 2 12 1 2040 2045 2301 3365 5042 5043
1595 9 2 12 1 1333 2215 2598 5044 3920 5045
1596 9 2 12 1 297 1389 2346 5046 3263 5047
1597 9 2 12 1 757 756 2164 855 4290 5048
1598 9 2 12 1 1289 706 2423 5049 5050 3217
1599 9 2 12 1 1390 12 2288 5051 5052 5053
1600 9 2 12 1 171 2194 2197 5054 4112 5055
1601 9 2 12 1 2193 138 2198 5056 5057 4108
1602 9 2 12 1 2269 1515 2627 4768 4127 5058
1603 9 2 12 1 1895 1929 2443 5059 4993 5060
1604 9 2 12 1 158 1379 2354 5061 5062 5063
1605 9 2 12 1 2129 401 2238 5064 5065 3931
1606 9 2 12 1 376 2130 2239 5066 3935 5067
1607 9 2 12 1 1333 498 2326 5068 5069 5070
1608 9 2 12 1 947 1334 2327 5071 3718 5072
1609 9 2 12 1 2140 2221 2607 4227 5073 3402
1610 9 2 12 1 2049 881 2927 4009 5074 5075
1611 9 2 12 1 1381 246 2344 5076 5077 5078
1612 9 2 12 1 1919 2158 2710 3738 3514 5079
1613 9 2 12 1 2486 1748 2579 5080 5081 4742
1614 9 2 12 1 2194 172 2208 5082 5083 3739
1615 9 2 12 1 137 2193 2209 5084 3853 5085
1616 9 2 12 1 400 2129 2240 5086 3543 5087
1617 9 2 12 1 684 1385 2183 5088 5089 5090
1618 9 2 12 1 2005 370 2230 5091 5092 3427
1619 9 2 12 1 407 2004 2231 5093 3286 5094
1620 9 2 12 1 1589 260 2205 5095 5096 5097
1621 9 2 12 1 49 1588 2206 5098 5099 5100
1622 9 2 12 1 378 1524 2241 5101 5102 5103
1623 9 2 12 1 1158 1292 2155 5104 4244 5105
1624 9 2 12 1 484 483 2153 582 4850 5106
1625 9 2 12 1 2125 1304 2395 4045 4811 5107
1626 9 2 12 1 1402 151 2363 5108 5109 3520
1627 9 2 12 1 166 2015 2248 5110 3387 5111
1628 9 2 12 1 1075 1074 2156 1173 4868 5112
1629 9 2 12 1 567 1294 2159 5113 4715 5114
1630 9 2 12 1 517 516 2168 615 5115 4369
1631 9 2 12 1 1396 268 2364 5116 5117 4564
1632 9 2 12 1 41 1397 2365 5118 4562 5119
1633 9 2 12 1 253 1529 2251 5120 5121 5122
1634 9 2 12 1 1530 56 2252 5123 5124 5125
1635 9 2 12 1 2151 290 2249 5126 5127 3421
1636 9 2 12 1 19 2152 2250 5128 3423 5129
1637 9 2 12 1 1126 1125 2170 1224 4378 5130
1638 9 2 12 1 1984 1950 2444 5131 5132 4949
1639 9 2 12 1 2061 2042 2562 5133 5134 5135
1640 9 2 12 1 725 724 2374 823 5020 5136
1641 9 2 12 1 144 1794 2247 5137 3096 5138
1642 9 2 12 1 2411 2041 2761 4446 5139 3629
1643 9 2 12 1 1315 2243 2322 5140 5141 5142
1644 9 2 12 1 2117 2125 2951 4046 5006 5143
1645 9 2 12 1 1387 414 2370 5144 5145 5146
1646 9 2 12 1 1862 1866 2078 5147 4907 5148
1647 9 2 12 1 494 493 2187 592 5149 4331
1648 9 2 12 1 952 951 2188 1050 4334 5150
1649 9 2 12 1 1149 1148 2190 1247 4339 5151
1650 9 2 12 1 691 690 2192 789 5152 4341
1651 9 2 12 1 1532 174 2261 5153 5154 5155
1652 9 2 12 1 1509 280 2257 5156 5157 5158
1653 9 2 12 1 29 1510 2258 5159 5160 5161
1654 9 2 12 1 2004 408 2264 5162 5163 5164
1655 9 2 12 1 758 1392 2143 5165 5166 5167
1656 9 2 12 1 1353 270 2372 5168 5169 5170
1657 9 2 12 1 1719 1717 2457 5171 5172 5173
1658 9 2 12 1 961 1417 2236 5174 5175 5176
1659 9 2 12 1 155 156 2357 214 5177 4702
1660 9 2 12 1 1393 884 2426 5178 5179 3496
1661 9 2 12 1 2060 2226 2227 3324 3264 3810
1662 9 2 12 1 1520 368 2263 5180 5181 5182
1663 9 2 12 1 2232 924 2619 5183 5184 4613
1664 9 2 12 1 1506 134 2262 5185 5186 5187
1665 9 2 12 1 2032 292 2269 5188 5189 5190
1666 9 2 12 1 17 2033 2270 5191 5192 5193
1667 9 2 12 1 1410 180 2387 5194 5195 5196
1668 9 2 12 1 927 926 2195 1025 4401 5197
1669 9 2 12 1 716 715 2196 814 5198 4403
1670 9 2 12 1 1824 1822 2361 5199 5200 5201
1671 9 2 12 1 1293 2156 2653 5202 3818 5203
1672 9 2 12 1 1287 38 2373 5204 5205 5206
1673 9 2 12 1 1359 153 2383 5207 5208 5209
1674 9 2 12 1 1395 1081 2430 5210 5211 3483
1675 9 2 12 1 561 1394 2431 5212 3486 5213
1676 9 2 12 1 1355 36 2377 5214 5215 5216
1677 9 2 12 1 2278 284 2279 5217 5218 3877
1678 9 2 12 1 25 2281 2282 5219 3875 5220
1679 9 2 12 1 146 1517 2267 5221 4088 5222
1680 9 2 12 1 1518 163 2268 5223 5224 4054
1681 9 2 12 1 730 729 2212 828 4409 5225
1682 9 2 12 1 913 912 2211 1011 5226 4411
1683 9 2 12 1 1415 2132 2608 4291 5227 5228
1684 9 2 12 1 2677 2049 2927 5004 5075 5229
1685 9 2 12 1 1493 397 2265 5230 5231 5232
1686 9 2 12 1 380 1492 2266 5233 5234 5235
1687 9 2 12 1 1411 63 2390 5236 5237 5238
1688 9 2 12 1 2610 1431 2918 5239 5240 5022
1689 9 2 12 1 1286 272 2376 5241 5242 5243
1690 9 2 12 1 1069 1348 2362 5244 3553 5245
1691 9 2 12 1 1285 389 2375 5246 5247 5248
1692 9 2 12 1 2102 1339 2783 2969 5249 5250
1693 9 2 12 1 263 1513 2274 5251 5252 5253
1694 9 2 12 1 1514 46 2275 5254 5255 5256
1695 9 2 12 1 283 2278 2280 5257 3765 5258
1696 9 2 12 1 2281 26 2283 5259 5260 3621
1697 9 2 12 1 2026 2027 2790 5261 5262 5263
1698 9 2 12 1 1511 52 2289 5264 5265 4306
1699 9 2 12 1 257 1512 2290 5266 4241 5267
1700 9 2 12 1 960 959 2147 1058 4302 5268
1701 9 2 12 1 705 1308 2423 5269 5270 5271
1702 9 2 12 1 2336 2339 2420 5272 4718 5273
1703 9 2 12 1 2070 1403 2170 5274 5275 3858
1704 9 2 12 1 1456 2292 2850 4484 5276 5277
1705 9 2 12 1 257 258 1512 316 5278 5266
1706 9 2 12 1 51 52 1511 110 5264 5279
1707 9 2 12 1 403 404 2112 462 5280 4230
1708 9 2 12 1 373 374 2113 432 4232 5281
1709 9 2 12 1 285 286 1527 344 5282 4559
1710 9 2 12 1 23 24 1528 82 4557 5283
1711 9 2 12 1 168 169 2071 227 4187 4262
1712 9 2 12 1 140 141 2072 199 4259 4189
1713 9 2 12 1 887 1419 2254 5284 5285 5286
1714 9 2 12 1 255 256 2160 314 4518 5287
1715 9 2 12 1 53 54 2161 112 5288 4520
1716 9 2 12 1 1760 2404 2595 5289 5290 5291
1717 9 2 12 1 171 172 2194 230 5082 5054
1718 9 2 12 1 137 138 2193 196 5056 5084
1719 9 2 12 1 287 288 2076 346 4513 5292
1720 9 2 12 1 21 22 2077 80 5293 4515
1721 9 2 12 1 400 401 2129 459 5064 5086
1722 9 2 12 1 376 377 2130 435 4580 5066
1723 9 2 12 1 259 260 1589 318 5095 4366
1724 9 2 12 1 49 50 1588 108 4364 5098
1725 9 2 12 1 253 254 1529 312 4384 5120
1726 9 2 12 1 55 56 1530 114 5123 4386
1727 9 2 12 1 367 1520 2291 5294 5295 5296
1728 9 2 12 1 371 372 1886 430 5297 4595
1729 9 2 12 1 405 406 1885 464 4597 5298
1730 9 2 12 1 2334 2336 2420 5299 5273 5300
1731 9 2 12 1 2001 2398 2649 3526 5301 5302
1732 9 2 12 1 142 143 2014 201 4620 5303
1733 9 2 12 1 166 167 2015 225 5304 5110
1734 9 2 12 1 59 60 2607 118 3710 5305
1735 9 2 12 1 373 2113 2580 5281 3349 5306
1736 9 2 12 1 2112 404 2581 5280 5307 3290
1737 9 2 12 1 289 290 2151 348 5126 5308
1738 9 2 12 1 19 20 2152 78 5309 5128
1739 9 2 12 1 173 174 1532 232 5153 4588
1740 9 2 12 1 135 136 1531 194 4590 4689
1741 9 2 12 1 2165 2610 2771 4708 5310 4687
1742 9 2 12 1 1160 1159 2210 1258 5311 4490
1743 9 2 12 1 569 568 2213 667 5312 4494
1744 9 2 12 1 281 282 1792 340 4584 4662
1745 9 2 12 1 27 28 1793 86 4665 4582
1746 9 2 12 1 1505 176 2229 5313 5314 5315
1747 9 2 12 1 398 399 1523 457 4600 4709
1748 9 2 12 1 378 379 1524 437 4712 5101
1749 9 2 12 1 2223 2222 2608 5316 5317 4476
1750 9 2 12 1 1084 1421 2256 5318 3404 5319
1751 9 2 12 1 1886 372 2580 5297 5320 5321
1752 9 2 12 1 405 1885 2581 5298 5322 5323
1753 9 2 12 1 2189 1840 2744 4842 5324 5325
1754 9 2 12 1 369 370 2005 428 5091 4703
1755 9 2 12 1 407 408 2004 466 5162 5093
1756 9 2 12 1 1376 721 2380 5326 5327 3825
1757 9 2 12 1 921 1378 2381 5328 5329 5330
1758 9 2 12 1 1313 2284 2394 5331 3161 5332
1759 9 2 12 1 144 145 1794 203 4720 5137
1760 9 2 12 1 164 165 1795 223 4640 4722
1761 9 2 12 1 1358 2354 2355 5333 5334 5335
1762 9 2 12 1 291 292 2032 350 5188 4650
1763 9 2 12 1 17 18 2033 76 4653 5191
1764 9 2 12 1 1385 2144 2145 5336 5337 4503
1765 9 2 12 1 2152 20 2298 5309 5338 3987
1766 9 2 12 1 289 2151 2299 5308 3842 5339
1767 9 2 12 1 295 1431 2294 5340 5341 5342
1768 9 2 12 1 1432 14 2295 5343 5344 5345
1769 9 2 12 1 261 262 1525 320 4744 4631
1770 9 2 12 1 47 48 1526 106 4634 4747
1771 9 2 12 1 1527 286 2590 5282 5346 3083
1772 9 2 12 1 23 1528 2591 5283 5347 5348
1773 9 2 12 1 265 1434 2296 5349 5350 5351
1774 9 2 12 1 1435 44 2297 5352 5353 5354
1775 9 2 12 1 287 2076 2590 5292 3239 5355
1776 9 2 12 1 2077 22 2591 5293 5356 3320
1777 9 2 12 1 2604 1360 2887 5357 4315 5358
1778 9 2 12 1 277 1436 2312 5359 5360 5361
1779 9 2 12 1 251 252 1522 310 4681 5362
1780 9 2 12 1 57 58 1521 116 5363 4684
1781 9 2 12 1 1508 2410 2411 5364 5365 4176
1782 9 2 12 1 2507 2093 2781 4833 5366 5367
1783 9 2 12 1 279 280 1509 338 5156 4425
1784 9 2 12 1 29 30 1510 88 4423 5159
1785 9 2 12 1 699 1380 2385 5368 5369 5370
1786 9 2 12 1 2286 1311 2655 5371 5372 3050
1787 9 2 12 1 1401 1106 2424 5373 5374 3663
1788 9 2 12 1 536 1400 2204 5375 4180 5376
1789 9 2 12 1 1424 248 2304 5377 5378 4292
1790 9 2 12 1 1428 395 2302 5379 5380 3061
1791 9 2 12 1 382 1427 2303 5381 3139 5382
1792 9 2 12 1 1108 1107 2178 1206 4502 5383
1793 9 2 12 1 1398 2025 2026 3753 5384 4934
1794 9 2 12 1 2354 1379 2592 5062 5385 5386
1795 9 2 12 1 33 1407 2313 5387 5388 5389
1796 9 2 12 1 367 368 1520 426 5180 5294
1797 9 2 12 1 409 410 1519 468 5390 4727
1798 9 2 12 1 1797 1560 2386 5391 5392 5393
1799 9 2 12 1 1547 1546 2405 5394 3587 5395
1800 9 2 12 1 1507 244 2545 5396 5397 3903
1801 9 2 12 1 2398 1372 2649 5398 5399 5301
1802 9 2 12 1 2347 1404 2629 5030 5400 5401
1803 9 2 12 1 939 938 2225 1037 5402 4625
1804 9 2 12 1 507 506 2224 605 4629 5403
1805 9 2 12 1 2044 2141 2656 3173 3211 3183
1806 9 2 12 1 146 147 1517 205 5404 5221
1807 9 2 12 1 162 163 1518 221 5223 4552
1808 9 2 12 1 1135 1326 2273 5405 2986 5406
1809 9 2 12 1 2189 1315 2322 4353 5142 5407
1810 9 2 12 1 293 294 1515 352 4845 4767
1811 9 2 12 1 15 16 1516 74 4770 4847
1812 9 2 12 1 175 176 1505 234 5313 4739
1813 9 2 12 1 133 134 1506 192 5185 4951
1814 9 2 12 1 2422 1455 2932 5408 4019 4644
1815 9 2 12 1 1301 2190 2662 5409 5410 3895
1816 9 2 12 1 1826 1832 2561 5411 5412 5413
1817 9 2 12 1 263 264 1513 322 4860 5251
1818 9 2 12 1 45 46 1514 104 5254 4863
1819 9 2 12 1 394 1428 2324 5414 5415 5416
1820 9 2 12 1 1461 412 2328 5417 5418 5419
1821 9 2 12 1 384 1405 2325 5420 5421 5422
1822 9 2 12 1 518 1426 2277 5423 5424 5425
1823 9 2 12 1 1639 2166 2877 5426 4396 5427
1824 9 2 12 1 2183 1385 2594 5089 4505 4882
1825 9 2 12 1 130 1433 2329 5428 5429 5430
1826 9 2 12 1 2554 1925 2661 5431 5432 4523
1827 9 2 12 1 1980 2553 2660 5433 4527 5434
1828 9 2 12 1 1897 1895 2443 5435 5060 5436
1829 9 2 12 1 396 397 1493 455 5230 4889
1830 9 2 12 1 380 381 1492 439 4892 5233
1831 9 2 12 1 249 250 1502 308 5437 4902
1832 9 2 12 1 60 61 1469 119 5438 3709
1833 9 2 12 1 2671 2364 2921 4565 4799 5439
1834 9 2 12 1 1109 1423 2272 5440 5441 5442
1835 9 2 12 1 2365 2672 2919 4563 5443 4794
1836 9 2 12 1 43 1435 2331 5444 5445 5446
1837 9 2 12 1 2095 2615 2747 4791 5447 5448
1838 9 2 12 1 277 278 1436 336 5449 5359
1839 9 2 12 1 31 32 1437 90 4913 5450
1840 9 2 12 1 2043 1384 2044 3779 5008 3182
1841 9 2 12 1 2118 2117 2951 5451 5143 4382
1842 9 2 12 1 1386 2053 2054 3802 5452 3827
1843 9 2 12 1 1995 1993 2940 5453 3775 5454
1844 9 2 12 1 2733 2095 2747 4219 5448 4481
1845 9 2 12 1 283 284 2278 342 5217 5257
1846 9 2 12 1 25 26 2281 84 5259 5219
1847 9 2 12 1 1828 1824 2361 5455 5201 5456
1848 9 2 12 1 496 495 2242 594 5457 4756
1849 9 2 12 1 1147 1146 2244 1245 4763 5458
1850 9 2 12 1 950 949 2243 1048 4760 5459
1851 9 2 12 1 693 692 2245 791 5460 4765
1852 9 2 12 1 1431 296 2346 5461 5462 5463
1853 9 2 12 1 247 1424 2344 5464 5465 5466
1854 9 2 12 1 1972 1980 1982 5467 5468 5469
1855 9 2 12 1 1925 1917 1927 5470 5471 5472
1856 9 2 12 1 267 1396 2330 5473 3575 5474
1857 9 2 12 1 13 1432 2288 5475 5476 5477
1858 9 2 12 1 365 366 1462 424 4836 5478
1859 9 2 12 1 411 412 1461 470 5417 5479
1860 9 2 12 1 1133 1290 2600 5480 3174 5481
1861 9 2 12 1 2414 2413 2415 5482 5483 3963
1862 9 2 12 1 160 161 1447 219 5484 5485
1863 9 2 12 1 1836 1828 1841 5486 5487 5488
1864 9 2 12 1 1504 10 2401 5489 5490 3223
1865 9 2 12 1 148 149 1448 207 4434 5491
1866 9 2 12 1 1342 2244 2578 5492 3805 5493
1867 9 2 12 1 1970 1972 2314 5494 5495 4592
1868 9 2 12 1 1917 1915 2315 5496 4695 5497
1869 9 2 12 1 717 1347 2233 5498 4920 5499
1870 9 2 12 1 925 924 2232 1023 5183 5500
1871 9 2 12 1 2605 1504 2806 5501 3452 5502
1872 9 2 12 1 2314 1982 2753 5503 4818 5504
1873 9 2 12 1 1927 2315 2754 5505 5506 4814
1874 9 2 12 1 2478 1347 2835 4921 5507 5508
1875 9 2 12 1 1550 1547 2405 5509 5395 5510
1876 9 2 12 1 2288 2029 2675 5511 5512 5513
1877 9 2 12 1 2125 2395 2409 5107 4285 4343
1878 9 2 12 1 1356 391 2347 5514 5515 5516
1879 9 2 12 1 386 1357 2348 5517 2980 5518
1880 9 2 12 1 130 131 1433 189 3317 5428
1881 9 2 12 1 177 178 1444 236 5519 4875
1882 9 2 12 1 1370 2216 2688 3530 3584 5520
1883 9 2 12 1 2186 1694 2634 3821 5521 4491
1884 9 2 12 1 295 296 1431 354 5461 5340
1885 9 2 12 1 13 14 1432 72 5343 5475
1886 9 2 12 1 1352 274 2352 5522 5523 5524
1887 9 2 12 1 35 1355 2353 5525 5526 5527
1888 9 2 12 1 2321 1313 2394 4215 5332 4122
1889 9 2 12 1 402 403 2406 461 4231 5528
1890 9 2 12 1 374 375 2407 433 5529 4233
1891 9 2 12 1 265 266 1434 324 5000 5349
1892 9 2 12 1 43 44 1435 102 5352 5444
1893 9 2 12 1 1559 1550 1585 5530 5531 5532
1894 9 2 12 1 370 371 2230 429 4596 5092
1895 9 2 12 1 406 407 2231 465 5094 4598
1896 9 2 12 1 2199 2200 2201 5533 5534 5535
1897 9 2 12 1 1358 157 2354 5536 5537 5333
1898 9 2 12 1 1318 1136 2273 5538 5539 5540
1899 9 2 12 1 170 171 2197 229 5055 5541
1900 9 2 12 1 138 139 2198 197 5542 5057
1901 9 2 12 1 2316 1327 2317 5543 5544 5545
1902 9 2 12 1 247 248 1424 306 5377 5464
1903 9 2 12 1 401 402 2238 460 5546 5065
1904 9 2 12 1 375 376 2239 434 5067 5547
1905 9 2 12 1 179 180 1410 238 5194 5548
1906 9 2 12 1 2374 1377 2727 5019 5549 5550
1907 9 2 12 1 269 1353 2364 5551 4673 5552
1908 9 2 12 1 1354 40 2365 5553 5554 4669
1909 9 2 12 1 2725 2122 2741 4857 5555 4774
1910 9 2 12 1 1344 728 2532 5556 5557 5558
1911 9 2 12 1 914 1346 2533 5559 5560 5561
1912 9 2 12 1 152 1359 2363 5562 5563 5564
1913 9 2 12 1 394 395 1428 453 5379 5414
1914 9 2 12 1 382 383 1427 441 4966 5381
1915 9 2 12 1 377 378 2241 436 5103 4581
1916 9 2 12 1 2124 2726 2742 4854 4779 5565
1917 9 2 12 1 275 276 1406 334 4930 5036
1918 9 2 12 1 33 34 1407 92 5039 5387
1919 9 2 12 1 392 393 1404 451 4969 5029
1920 9 2 12 1 384 385 1405 443 5032 5420
1921 9 2 12 1 415 1361 2370 5566 5567 5568
1922 9 2 12 1 481 480 2284 579 4878 5569
1923 9 2 12 1 1162 1161 2287 1260 5570 4880
1924 9 2 12 1 1072 1071 2285 1170 4885 5571
1925 9 2 12 1 571 570 2286 669 5572 4887
1926 9 2 12 1 62 63 1411 121 5236 5573
1927 9 2 12 1 284 285 2279 343 4560 5218
1928 9 2 12 1 24 25 2282 83 5220 4558
1929 9 2 12 1 1559 1585 1586 5532 5574 5575
1930 9 2 12 1 399 400 2240 458 5087 4601
1931 9 2 12 1 172 173 2208 231 4589 5083
1932 9 2 12 1 136 137 2209 195 5085 4591
1933 9 2 12 1 143 144 2247 202 5138 4621
1934 9 2 12 1 1832 1833 1845 5576 5577 4938
1935 9 2 12 1 8 1339 2412 5578 3094 5579
1936 9 2 12 1 5 1338 2413 5580 5581 5582
1937 9 2 12 1 1358 2355 2356 5335 4298 5583
1938 9 2 12 1 2599 1990 2875 4531 5584 5585
1939 9 2 12 1 260 261 2205 319 4633 5096
1940 9 2 12 1 48 49 2206 107 5100 4635
1941 9 2 12 1 2324 2055 2917 5586 3717 5587
1942 9 2 12 1 1950 1952 2444 5588 5589 5132
1943 9 2 12 1 39 1354 2373 5590 5591 5592
1944 9 2 12 1 2069 1403 2070 3921 5274 5593
1945 9 2 12 1 280 281 2257 339 4664 5157
1946 9 2 12 1 28 29 2258 87 5161 4666
1947 9 2 12 1 134 135 2262 193 4691 5186
1948 9 2 12 1 158 159 1379 217 4547 5061
1949 9 2 12 1 1841 1828 2361 5487 5456 5594
1950 9 2 12 1 165 166 2248 224 5111 4641
1951 9 2 12 1 2413 1338 2415 5581 4347 5483
1952 9 2 12 1 1717 1720 2457 5595 5596 5172
1953 9 2 12 1 1775 1719 2457 5597 5173 5598
1954 9 2 12 1 290 291 2249 349 4652 5127
1955 9 2 12 1 18 19 2250 77 5129 4654
1956 9 2 12 1 282 283 2280 341 5258 4585
1957 9 2 12 1 26 27 2283 85 4583 5260
1958 9 2 12 1 271 1286 2372 5599 5600 5601
1959 9 2 12 1 397 398 2265 456 4711 5231
1960 9 2 12 1 379 380 2266 438 5235 4713
1961 9 2 12 1 1380 698 2417 5602 5603 5604
1962 9 2 12 1 368 369 2263 427 4705 5181
1963 9 2 12 1 390 1356 2375 5605 5606 5607
1964 9 2 12 1 1835 2320 2593 4197 4223 5608
1965 9 2 12 1 1356 2207 2734 5609 5610 5611
1966 9 2 12 1 273 1352 2376 5612 5613 5614
1967 9 2 12 1 2334 1368 2335 5615 5616 5617
1968 9 2 12 1 252 253 2251 311 5122 4682
1969 9 2 12 1 56 57 2252 115 4686 5124
1970 9 2 12 1 37 1287 2377 5618 5619 5620
1971 9 2 12 1 145 146 2267 204 5222 4721
1972 9 2 12 1 163 164 2268 222 4723 5224
1973 9 2 12 1 2310 1144 2613 5621 5622 4803
1974 9 2 12 1 1400 2172 2173 5623 5624 5625
1975 9 2 12 1 1378 920 2418 5626 5627 3476
1976 9 2 12 1 1377 723 2419 5628 5629 5630
1977 9 2 12 1 1508 127 2410 5631 5632 5364
1978 9 2 12 1 262 263 2274 321 5253 4745
1979 9 2 12 1 46 47 2275 105 4749 5255
1980 9 2 12 1 719 718 2293 817 5633 4947
1981 9 2 12 1 154 1288 2383 5634 5635 5636
1982 9 2 12 1 1333 2326 2679 5070 5637 5638
1983 9 2 12 1 1585 1550 2405 5531 5510 3603
1984 9 2 12 1 408 409 2264 467 4728 5163
1985 9 2 12 1 2361 1822 2529 5200 5639 5640
1986 9 2 12 1 1129 1337 2681 5641 5642 5643
1987 9 2 12 1 128 129 1391 187 5015 5644
1988 9 2 12 1 174 175 2261 233 4741 5154
1989 9 2 12 1 2204 2174 2925 4179 5645 5646
1990 9 2 12 1 150 151 1402 209 5108 5647
1991 9 2 12 1 52 53 2289 111 4521 5265
1992 9 2 12 1 256 257 2290 315 5267 4519
1993 9 2 12 1 1385 683 2144 5648 5649 5336
1994 9 2 12 1 292 293 2269 351 4769 5189
1995 9 2 12 1 16 17 2270 75 5193 4771
1996 9 2 12 1 702 701 2307 800 4985 5650
1997 9 2 12 1 941 940 2305 1039 5651 4982
1998 9 2 12 1 1138 1137 2306 1236 5652 4987
1999 9 2 12 1 505 504 2308 603 4990 5653
2000 9 2 12 1 267 268 1396 326 5116 5473
2001 9 2 12 1 41 42 1397 100 5034 5118
2002 9 2 12 1 1448 2099 2765 3093 5654 5655
2003 9 2 12 1 297 298 1389 356 5656 5046
2004 9 2 12 1 11 12 1390 70 5051 5657
2005 9 2 12 1 1829 2758 2776 5658 5659 5660
2006 9 2 12 1 1554 1557 2440 5661 5662 5663
2007 9 2 12 1 1826 1830 1832 5664 5665 5411
2008 9 2 12 1 1972 1982 2314 5469 5503 5495
2009 9 2 12 1 1927 1917 2315 5471 5497 5505
2010 9 2 12 1 740 739 2219 838 4975 5666
2011 9 2 12 1 269 270 1353 328 5168 5551
2012 9 2 12 1 39 40 1354 98 5553 5590
2013 9 2 12 1 1920 2585 2587 5667 5668 5669
2014 9 2 12 1 2586 1975 2588 5670 5671 5672
2015 9 2 12 1 361 362 1360 420 5673 5674
2016 9 2 12 1 363 364 1388 422 5675 5676
2017 9 2 12 1 413 414 1387 472 5144 5024
2018 9 2 12 1 415 416 1361 474 5677 5566
2019 9 2 12 1 152 153 1359 211 5207 5562
2020 9 2 12 1 727 2316 2532 5678 5679 5680
2021 9 2 12 1 294 295 2294 353 5342 4846
2022 9 2 12 1 14 15 2295 73 4849 5344
2023 9 2 12 1 264 265 2296 323 5351 4861
2024 9 2 12 1 44 45 2297 103 4865 5353
2025 9 2 12 1 20 21 2298 79 4516 5338
2026 9 2 12 1 288 289 2299 347 5339 4514
2027 9 2 12 1 390 391 1356 449 5514 5605
2028 9 2 12 1 386 387 1357 445 5681 5517
2029 9 2 12 1 245 246 1381 304 5076 5682
2030 9 2 12 1 11 1390 2401 5657 5683 5684
2031 9 2 12 1 543 542 2222 641 5014 5685
2032 9 2 12 1 1539 1537 1540 5686 5687 5688
2033 9 2 12 1 366 367 2291 425 5296 4837
2034 9 2 12 1 395 396 2302 454 4891 5380
2035 9 2 12 1 381 382 2303 440 5382 4893
2036 9 2 12 1 273 274 1352 332 5522 5612
2037 9 2 12 1 35 36 1355 94 5214 5525
2038 9 2 12 1 498 497 2326 596 5689 5069
2039 9 2 12 1 1145 1144 2310 1243 5621 5690
2040 9 2 12 1 948 947 2327 1046 5072 5691
2041 9 2 12 1 2321 1775 2457 4121 5598 5692
2042 9 2 12 1 248 249 2304 307 4904 5378
2043 9 2 12 1 156 157 1358 215 5536 5693
2044 9 2 12 1 32 33 2313 91 5389 4914
2045 9 2 12 1 1359 2383 2538 5209 5694 5695
2046 9 2 12 1 176 177 2229 235 4876 5314
2047 9 2 12 1 1952 1957 1958 5696 5697 5698
2048 9 2 12 1 1902 1897 1903 5699 5700 5701
2049 9 2 12 1 2238 402 2406 5546 5528 4323
2050 9 2 12 1 375 2239 2407 5547 4238 5529
2051 9 2 12 1 1327 725 2374 5702 5136 5703
2052 9 2 12 1 181 1374 2387 5704 3140 5705
2053 9 2 12 1 271 272 1286 330 5241 5599
2054 9 2 12 1 37 38 1287 96 5204 5618
2055 9 2 12 1 128 1391 2410 5644 5706 5707
2056 9 2 12 1 916 915 2319 1014 5027 5708
2057 9 2 12 1 726 1327 2316 5709 5543 5710
2058 9 2 12 1 1326 1134 2600 5711 5712 3003
2059 9 2 12 1 64 1373 2390 5713 3278 5714
2060 9 2 12 1 388 389 1285 447 5246 5715
2061 9 2 12 1 1956 1970 2435 5716 4594 5717
2062 9 2 12 1 765 1429 2309 5718 3791 5719
2063 9 2 12 1 1534 1298 1535 4461 4648 5720
2064 9 2 12 1 139 140 2535 198 4190 5721
2065 9 2 12 1 169 170 2536 228 5722 4188
2066 9 2 12 1 1839 2350 2351 4957 3029 5723
2067 9 2 12 1 132 133 2437 191 4953 4141
2068 9 2 12 1 276 277 2312 335 5361 4931
2069 9 2 12 1 154 155 1288 213 4701 5634
2070 9 2 12 1 1846 1836 2534 5724 5725 5726
2071 9 2 12 1 2055 2324 2695 5586 5727 5728
2072 9 2 12 1 383 384 2325 442 5422 4967
2073 9 2 12 1 962 961 2236 1060 5176 5729
2074 9 2 12 1 393 394 2324 452 5416 4970
2075 9 2 12 1 266 267 2330 325 5474 5001
2076 9 2 12 1 1546 1543 2447 5730 5731 3126
2077 9 2 12 1 572 1368 2334 5732 5615 5733
2078 9 2 12 1 1070 1069 2362 1168 5245 5734
2079 9 2 12 1 1981 1993 1994 5735 5736 5737
2080 9 2 12 1 1938 1926 1939 5738 5739 5740
2081 9 2 12 1 2658 2026 2790 3754 5263 5741
2082 9 2 12 1 391 392 2347 450 5031 5515
2083 9 2 12 1 385 386 2348 444 5518 5033
2084 9 2 12 1 274 275 2352 333 5038 5523
2085 9 2 12 1 34 35 2353 93 5527 5040
2086 9 2 12 1 2727 1377 2767 5549 5742 5743
2087 9 2 12 1 888 887 2254 986 5286 5744
2088 9 2 12 1 1541 1540 1542 5745 5746 5747
2089 9 2 12 1 2411 2410 2567 5365 5748 4447
2090 9 2 12 1 1456 2421 2947 5749 4546 4485
2091 9 2 12 1 157 158 2354 216 5063 5537
2092 9 2 12 1 129 130 2329 188 5430 5016
2093 9 2 12 1 1958 1957 1959 5697 5750 5751
2094 9 2 12 1 1902 1903 1904 5701 5752 5753
2095 9 2 12 1 1883 2469 2791 5754 5755 5756
2096 9 2 12 1 1085 1084 2256 1183 5319 5757
2097 9 2 12 1 42 43 2331 101 5446 5035
2098 9 2 12 1 1544 1542 1553 5758 5759 5760
2099 9 2 12 1 1284 1130 2681 5761 5762 5763
2100 9 2 12 1 721 720 2380 819 5764 5327
2101 9 2 12 1 922 921 2381 1020 5330 5765
2102 9 2 12 1 412 413 2328 471 5026 5418
2103 9 2 12 1 180 181 2387 239 5705 5195
2104 9 2 12 1 2165 1418 2627 4532 5766 4126
2105 9 2 12 1 63 64 2390 122 5714 5237
2106 9 2 12 1 151 152 2363 210 5564 5109
2107 9 2 12 1 1972 1973 1980 5767 5768 5467
2108 9 2 12 1 1918 1917 1925 5769 5470 5770
2109 9 2 12 1 268 269 2364 327 5552 5117
2110 9 2 12 1 40 41 2365 99 5119 5554
2111 9 2 12 1 246 247 2344 305 5466 5077
2112 9 2 12 1 700 699 2385 798 5370 5771
2113 9 2 12 1 1819 1818 2529 5772 5773 5774
2114 9 2 12 1 1139 1372 2398 5775 5398 5776
2115 9 2 12 1 1832 2544 2561 4940 5777 5412
2116 9 2 12 1 1544 1553 1554 5760 5778 5779
2117 9 2 12 1 296 297 2346 355 5047 5462
2118 9 2 12 1 414 415 2370 473 5568 5145
2119 9 2 12 1 270 271 2372 329 5601 5169
2120 9 2 12 1 1408 2199 2201 5780 5535 5781
2121 9 2 12 1 12 13 2288 71 5477 5052
2122 9 2 12 1 573 2334 2420 5782 5300 5783
2123 9 2 12 1 1832 1830 1833 5665 5784 5576
2124 9 2 12 1 153 154 2383 212 5636 5208
2125 9 2 12 1 2538 2383 2563 5694 5785 3246
2126 9 2 12 1 519 518 2277 617 5425 5786
2127 9 2 12 1 1820 1838 1844 5787 5788 5789
2128 9 2 12 1 156 1358 2357 5693 5790 5177
2129 9 2 12 1 1970 1971 1972 5791 5792 5494
2130 9 2 12 1 1916 1915 1917 5793 5496 5794
2131 9 2 12 1 36 37 2377 95 5620 5215
2132 9 2 12 1 1390 2288 2675 5053 5513 5795
2133 9 2 12 1 38 39 2373 97 5592 5205
2134 9 2 12 1 1554 1553 1557 5778 3748 5661
2135 9 2 12 1 1110 1109 2272 1208 5442 5796
2136 9 2 12 1 272 273 2376 331 5614 5242
2137 9 2 12 1 2137 2074 2779 4079 5797 5798
2138 9 2 12 1 1539 1540 1541 5688 5745 5799
2139 9 2 12 1 389 390 2375 448 5607 5247
2140 9 2 12 1 1948 1950 1984 5800 5131 3537
2141 9 2 12 1 1895 1893 1929 5801 3534 5059
2142 9 2 12 1 2638 1273 2796 5802 5803 5804
2143 9 2 12 1 1814 1812 2427 5805 3929 5806
2144 9 2 12 1 1853 1814 2427 5807 5806 3533
2145 9 2 12 1 1543 1542 1544 5808 5758 5809
2146 9 2 12 1 1904 1903 1905 5752 5810 5811
2147 9 2 12 1 1958 1959 1960 5751 5812 5813
2148 9 2 12 1 1960 1979 2454 5814 5815 5816
2149 9 2 12 1 1400 535 2172 5817 5818 5623
2150 9 2 12 1 1555 1554 1556 5819 5820 5821
2151 9 2 12 1 1733 1735 2467 5822 5823 5824
2152 9 2 12 1 1341 1140 2398 5825 5826 3525
2153 9 2 12 1 1555 1556 1563 5821 5827 5828
2154 9 2 12 1 1981 1994 2553 5737 5829 5830
2155 9 2 12 1 1939 1926 2554 5739 5831 5832
2156 9 2 12 1 1847 1846 1848 5833 5834 5835
2157 9 2 12 1 1165 1164 2404 1263 5836 5837
2158 9 2 12 1 1068 8 2412 1166 5579 5838
2159 9 2 12 1 477 5 2413 575 5582 5839
2160 9 2 12 1 1338 574 2420 5840 5841 4717
2161 9 2 12 1 917 1329 2548 5842 5843 5844
2162 9 2 12 1 698 697 2417 796 5845 5603
2163 9 2 12 1 2404 1164 2595 5836 5846 5290
2164 9 2 12 1 2133 2134 2185 4295 4250 4002
2165 9 2 12 1 2136 2135 2184 4296 4006 4388
2166 9 2 12 1 1905 1907 1908 5847 5848 5849
2167 9 2 12 1 1962 1960 1963 5850 5851 5852
2168 9 2 12 1 1904 1905 1924 5811 5853 5854
2169 9 2 12 1 1960 1959 1979 5812 5855 5814
2170 9 2 12 1 2357 2356 2358 5856 5857 4573
2171 9 2 12 1 1820 1844 2537 5789 5858 5859
2172 9 2 12 1 2047 2260 2949 3625 5860 5861
2173 9 2 12 1 2259 2048 2948 3626 5862 5863
2174 9 2 12 1 1844 1838 1888 5788 5864 5865
2175 9 2 12 1 1831 1828 1836 5866 5486 5867
2176 9 2 12 1 920 919 2418 1018 5868 5627
2177 9 2 12 1 723 722 2419 821 5869 5629
2178 9 2 12 1 1541 1542 1543 5747 5808 5870
2179 9 2 12 1 1563 1556 1564 5827 5871 5872
2180 9 2 12 1 766 765 2309 864 5719 5873
2181 9 2 12 1 1908 1907 1911 5848 5874 5875
2182 9 2 12 1 1962 1963 1966 5852 5876 5877
2183 9 2 12 1 1551 1550 1559 5878 5530 5879
2184 9 2 12 1 1952 1953 1957 5880 5881 5696
2185 9 2 12 1 1898 1897 1902 5882 5699 5883
2186 9 2 12 1 1563 1564 1583 5872 5884 5885
2187 9 2 12 1 2058 2203 2639 4336 5886 3457
2188 9 2 12 1 1837 1836 1846 5887 5724 5888
2189 9 2 12 1 1924 1905 2455 5853 5889 5890
2190 9 2 12 1 299 300 1503 358 5891 5892
2191 9 2 12 1 9 10 1504 68 5489 5893
2192 9 2 12 1 2585 1899 2587 5894 5895 5668
2193 9 2 12 1 1954 2586 2588 5896 5672 5897
2194 9 2 12 1 1544 1554 1555 5779 5819 5898
2195 9 2 12 1 1564 1565 1566 5899 5900 5901
2196 9 2 12 1 1796 1560 1797 5902 5391 5903
2197 9 2 12 1 181 182 1374 240 5904 5704
2198 9 2 12 1 64 65 1373 123 5905 5713
2199 9 2 12 1 2317 1327 2318 5544 5906 5907
2200 9 2 12 1 10 11 2401 69 5684 5490
2201 9 2 12 1 1905 1903 1907 5810 5908 5847
2202 9 2 12 1 1958 1960 1962 5813 5850 5909
2203 9 2 12 1 1903 1897 2443 5700 5436 5910
2204 9 2 12 1 2334 2335 2336 5617 5911 5299
2205 9 2 12 1 1556 1554 2440 5820 5663 5912
2206 9 2 12 1 2243 1363 2702 4759 5913 5914
2207 9 2 12 1 1564 1556 1565 5871 5915 5899
2208 9 2 12 1 2453 2224 2641 4441 5916 5917
2209 9 2 12 1 1822 1819 2529 5918 5774 5639
2210 9 2 12 1 1908 1911 1912 5875 5919 5920
2211 9 2 12 1 1966 1963 1967 5876 5921 5922
2212 9 2 12 1 1375 918 2548 5923 5924 3996
2213 9 2 12 1 2360 1733 2467 5925 5824 4151
2214 9 2 12 1 1735 1798 2467 5926 3593 5823
2215 9 2 12 1 1956 1965 1970 5927 5928 5716
2216 9 2 12 1 1910 1901 1915 5929 5930 5931
2217 9 2 12 1 1566 1565 1567 5900 5932 5933
2218 9 2 12 1 127 128 2410 186 5707 5632
2219 9 2 12 1 1566 1567 1568 5933 5934 5935
2220 9 2 12 1 1571 1575 2452 5936 5937 5938
2221 9 2 12 1 1913 1912 1914 5939 5940 5941
2222 9 2 12 1 1967 1968 1969 5942 5943 5944
2223 9 2 12 1 1912 1911 1919 5919 5945 5946
2224 9 2 12 1 1966 1967 1974 5922 5947 5948
2225 9 2 12 1 1863 1323 1864 4550 3696 5949
2226 9 2 12 1 1566 1568 1584 5935 5950 5951
2227 9 2 12 1 1584 1568 2452 5950 5952 5953
2228 9 2 12 1 2161 54 2441 5288 5954 3893
2229 9 2 12 1 255 2160 2442 5287 3993 5955
2230 9 2 12 1 1568 1567 1570 5934 5956 5957
2231 9 2 12 1 1568 1571 2452 5958 5938 5952
2232 9 2 12 1 2203 1553 2639 3749 5959 5886
2233 9 2 12 1 54 55 2441 113 4387 5954
2234 9 2 12 1 254 255 2442 313 5955 4385
2235 9 2 12 1 1913 1914 1930 5941 5960 5961
2236 9 2 12 1 1969 1968 1985 5943 5962 5963
2237 9 2 12 1 1408 879 2199 5964 5965 5780
2238 9 2 12 1 2215 1333 2679 5044 5638 5966
2239 9 2 12 1 258 259 2448 317 4367 5967
2240 9 2 12 1 50 51 2449 109 5968 4365
2241 9 2 12 1 1512 258 2448 5278 5967 4228
2242 9 2 12 1 51 1511 2449 5279 4134 5968
2243 9 2 12 1 1567 1565 1572 5932 5969 5970
2244 9 2 12 1 1568 1570 1571 5957 5971 5958
2245 9 2 12 1 1311 2214 2655 3984 3374 5372
2246 9 2 12 1 1567 1572 2453 5970 5972 5973
2247 9 2 12 1 1930 1914 1931 5960 5974 5975
2248 9 2 12 1 1969 1985 1986 5963 5976 5977
2249 9 2 12 1 742 741 2367 840 5978 5979
2250 9 2 12 1 243 244 1507 302 5396 5980
2251 9 2 12 1 126 127 1508 185 5631 5981
2252 9 2 12 1 1371 2305 2735 4983 5982 5983
2253 9 2 12 1 1827 1824 1828 5984 5455 5985
2254 9 2 12 1 1908 1912 1913 5920 5939 5986
2255 9 2 12 1 1967 1963 1968 5921 5987 5942
2256 9 2 12 1 1950 1951 1952 5988 5989 5588
2257 9 2 12 1 1896 1895 1897 5990 5435 5991
2258 9 2 12 1 1952 1958 2444 5698 5992 5589
2259 9 2 12 1 1571 1570 1573 5971 5993 5994
2260 9 2 12 1 1570 1567 2453 5956 5973 5995
2261 9 2 12 1 2318 1327 2374 5906 5703 5996
2262 9 2 12 1 2313 1407 2942 5388 5997 3910
2263 9 2 12 1 545 544 2369 643 5998 5999
2264 9 2 12 1 1913 1930 1937 5961 6000 6001
2265 9 2 12 1 1985 1968 1992 5962 6002 6003
2266 9 2 12 1 1883 2791 2843 5756 6004 6005
2267 9 2 12 1 2336 2335 2337 5911 6006 6007
2268 9 2 12 1 1931 1914 1932 5974 6008 6009
2269 9 2 12 1 1969 1986 1987 5977 6010 6011
2270 9 2 12 1 1571 1573 1574 5994 6012 6013
2271 9 2 12 1 1931 1932 1933 6009 6014 6015
2272 9 2 12 1 1987 1986 1988 6010 6016 6017
2273 9 2 12 1 1963 1960 2454 5851 5816 6018
2274 9 2 12 1 1543 1544 2447 5809 6019 5731
2275 9 2 12 1 2680 2169 2801 6020 4910 6021
2276 9 2 12 1 1655 2227 2663 3519 3265 6022
2277 9 2 12 1 2562 2042 2731 5134 6023 6024
2278 9 2 12 1 1933 1932 1934 6014 4198 6025
2279 9 2 12 1 1987 1988 1989 6017 6026 4483
2280 9 2 12 1 1571 1574 1575 6013 6027 5936
2281 9 2 12 1 1933 1935 2458 6028 6029 6030
2282 9 2 12 1 1936 1933 2458 6031 6030 2961
2283 9 2 12 1 1519 410 2637 5390 6032 4146
2284 9 2 12 1 1575 1574 1576 6027 6033 6034
2285 9 2 12 1 1931 1933 1936 6015 6031 6035
2286 9 2 12 1 1988 1986 1991 6016 6036 6037
2287 9 2 12 1 2633 2270 2778 5010 6038 6039
2288 9 2 12 1 1995 2184 2686 4646 4421 6040
2289 9 2 12 1 2185 1940 2687 4719 6041 4418
2290 9 2 12 1 1911 1907 2332 5874 6042 6043
2291 9 2 12 1 1962 1966 2333 5877 6044 6045
2292 9 2 12 1 1933 1934 1935 6025 6046 6028
2293 9 2 12 1 1989 1988 1990 6026 6047 4530
2294 9 2 12 1 1574 1573 2461 6012 6048 6049
2295 9 2 12 1 2162 1293 2814 4995 6050 4926
2296 9 2 12 1 1294 2163 2815 4999 4929 6051
2297 9 2 12 1 1935 1934 2345 6046 6052 3480
2298 9 2 12 1 1533 1534 1552 4462 6053 4977
2299 9 2 12 1 2336 2337 2338 6007 6054 6055
2300 9 2 12 1 1576 1574 1577 6033 6056 6057
2301 9 2 12 1 1576 1577 1578 6057 6058 6059
2302 9 2 12 1 688 687 1280 786 3557 6060
2303 9 2 12 1 955 954 1269 1053 6061 3555
2304 9 2 12 1 491 490 1281 589 3461 6062
2305 9 2 12 1 910 909 1271 1008 3599 6063
2306 9 2 12 1 733 732 1270 831 6064 3596
2307 9 2 12 1 713 712 1283 811 4678 6065
2308 9 2 12 1 930 929 1282 1028 6066 4676
2309 9 2 12 1 1578 1577 1579 6058 6067 6068
2310 9 2 12 1 511 510 1276 609 6069 3665
2311 9 2 12 1 1815 1814 1816 6070 6071 6072
2312 9 2 12 1 931 930 2171 1029 4677 4496
2313 9 2 12 1 1152 1151 1279 1250 6073 4609
2314 9 2 12 1 1813 1814 1815 6074 6070 6075
2315 9 2 12 1 487 486 1277 585 6076 3435
2316 9 2 12 1 1156 1155 1278 1254 3433 6077
2317 9 2 12 1 1577 1574 2461 6056 6049 6078
2318 9 2 12 1 1282 2118 2119 6079 6080 4131
2319 9 2 12 1 1578 1579 1580 6068 6081 6082
2320 9 2 12 1 712 711 2416 810 4498 4679
2321 9 2 12 1 953 952 1295 1051 6083 3954
2322 9 2 12 1 709 708 1272 807 6084 3398
2323 9 2 12 1 934 933 1273 1032 4444 6085
2324 9 2 12 1 707 706 1289 805 5049 3832
2325 9 2 12 1 493 492 1296 591 3942 6086
2326 9 2 12 1 1133 1132 1290 1231 3912 5480
2327 9 2 12 1 2336 2338 2339 6055 6087 5272
2328 9 2 12 1 485 484 1291 583 6088 3890
2329 9 2 12 1 1158 1157 1292 1256 3887 5104
2330 9 2 12 1 936 935 1297 1034 3834 3762
2331 9 2 12 1 1650 1646 2486 6089 6090 6091
2332 9 2 12 1 1811 1812 1813 6092 6093 6094
2333 9 2 12 1 1153 1152 2408 1251 4611 4473
2334 9 2 12 1 1657 1676 2466 6095 6096 6097
2335 9 2 12 1 1714 1712 2491 6098 6099 6100
2336 9 2 12 1 1159 1158 2155 1257 5105 6101
2337 9 2 12 1 1813 1812 1814 6093 5805 6074
2338 9 2 12 1 928 927 1304 1026 6102 4022
2339 9 2 12 1 715 714 1305 813 4025 6103
2340 9 2 12 1 690 689 1300 788 3946 6104
2341 9 2 12 1 1150 1149 1301 1248 6105 3944
2342 9 2 12 1 1813 1815 1840 6075 6106 6107
2343 9 2 12 1 706 705 2423 804 5271 5050
2344 9 2 12 1 1611 1614 2484 6108 6109 6110
2345 9 2 12 1 1654 1658 2500 6111 6112 6113
2346 9 2 12 1 1580 1579 1581 6081 6114 6115
2347 9 2 12 1 1811 1810 1812 6116 3275 6092
2348 9 2 12 1 1883 2468 2469 6117 6118 5754
2349 9 2 12 1 912 911 1307 1010 4029 6119
2350 9 2 12 1 731 730 1306 829 6120 4027
2351 9 2 12 1 1676 1680 2466 6121 6122 6096
2352 9 2 12 1 1634 1645 2499 6123 6124 6125
2353 9 2 12 1 1809 1810 1811 6126 6116 4826
2354 9 2 12 1 705 704 1308 803 6127 5269
2355 9 2 12 1 1581 2084 2359 6128 6129 6130
2356 9 2 12 1 2119 2118 2166 6080 4395 6131
2357 9 2 12 1 1615 1611 2484 6132 6110 6133
2358 9 2 12 1 1626 1644 1690 6134 6135 6136
2359 9 2 12 1 1578 1580 2001 6082 3814 6137
2360 9 2 12 1 495 494 1316 593 4330 6138
2361 9 2 12 1 1581 1579 2084 6114 6139 6128
2362 9 2 12 1 508 507 1299 606 6140 3701
2363 9 2 12 1 1883 1878 2468 6141 6142 6117
2364 9 2 12 1 2339 2338 2340 6087 6143 4160
2365 9 2 12 1 1680 1890 2003 6144 3515 6145
2366 9 2 12 1 951 950 1315 1049 6146 4332
2367 9 2 12 1 1580 1581 1582 6115 6147 3540
2368 9 2 12 1 1680 2003 2466 6145 6148 6122
2369 9 2 12 1 1669 2059 2060 6149 6150 3809
2370 9 2 12 1 2091 1281 2092 6151 4174 6152
2371 9 2 12 1 938 937 1325 1036 3623 6153
2372 9 2 12 1 1135 1134 1326 1233 5711 5405
2373 9 2 12 1 1807 1808 1809 6154 6155 6156
2374 9 2 12 1 1690 1692 2485 6157 6158 6159
2375 9 2 12 1 1690 1644 1691 6135 6160 6161
2376 9 2 12 1 1809 1808 1810 6155 6162 6126
2377 9 2 12 1 1614 1626 2484 6163 6164 6109
2378 9 2 12 1 1878 1876 2468 6165 6166 6142
2379 9 2 12 1 1768 1618 2472 6167 6168 6169
2380 9 2 12 1 2464 1615 2485 6170 6171 6172
2381 9 2 12 1 1321 2311 2456 6173 6174 4780
2382 9 2 12 1 1282 2117 2118 6175 5451 6079
2383 9 2 12 1 1807 1805 1808 6176 6177 6154
2384 9 2 12 1 1148 1147 1342 1246 6178 4337
2385 9 2 12 1 1701 1703 2464 6179 6180 6181
2386 9 2 12 1 692 691 1343 790 4340 6182
2387 9 2 12 1 1852 1808 2475 6183 6184 6185
2388 9 2 12 1 1692 1701 2485 6186 6187 6158
2389 9 2 12 1 718 717 2233 816 5499 6188
2390 9 2 12 1 1808 1805 2475 6177 6189 6184
2391 9 2 12 1 914 913 1346 1012 4410 5559
2392 9 2 12 1 717 716 1347 815 4402 5498
2393 9 2 12 1 926 925 1345 1024 6190 4399
2394 9 2 12 1 729 728 1344 827 5556 4407
2395 9 2 12 1 1806 1805 1807 6191 6176 6192
2396 9 2 12 1 570 569 1311 668 4493 6193
2397 9 2 12 1 1161 1160 1312 1259 4489 6194
2398 9 2 12 1 1073 1072 1314 1171 6195 4014
2399 9 2 12 1 482 481 1313 580 6196 4011
2400 9 2 12 1 940 939 1317 1038 4624 6197
2401 9 2 12 1 1913 1937 2455 6001 6198 6199
2402 9 2 12 1 1137 1136 1318 1235 5538 6200
2403 9 2 12 1 1146 1145 1321 1244 6201 4761
2404 9 2 12 1 2340 2341 2342 6202 6203 6204
2405 9 2 12 1 694 693 1322 792 4764 6205
2406 9 2 12 1 2340 2338 2341 6143 6206 6202
2407 9 2 12 1 1804 2234 2475 6207 6208 6209
2408 9 2 12 1 1602 1601 1603 6210 6211 6212
2409 9 2 12 1 2468 2086 2469 6213 6214 6118
2410 9 2 12 1 1606 1605 1608 6215 6216 6217
2411 9 2 12 1 2464 1703 2465 6180 6218 6219
2412 9 2 12 1 1879 2085 2086 6220 6221 6222
2413 9 2 12 1 1606 1608 1609 6217 6223 6224
2414 9 2 12 1 2340 2342 2343 6204 6225 4254
2415 9 2 12 1 1690 1691 1692 6161 6226 6157
2416 9 2 12 1 1603 1604 1605 6227 6228 6229
2417 9 2 12 1 1803 1804 1805 6230 6231 6232
2418 9 2 12 1 1603 1605 1606 6229 6215 6233
2419 9 2 12 1 2245 1343 2246 6234 4155 3551
2420 9 2 12 1 1609 1608 1610 6223 6235 6236
2421 9 2 12 1 703 702 1350 801 6237 6238
2422 9 2 12 1 506 505 1351 604 6239 4627
2423 9 2 12 1 2464 2465 2497 6219 6240 6241
2424 9 2 12 1 1599 1602 2470 6242 6243 6244
2425 9 2 12 1 1605 1604 1607 6228 6245 6246
2426 9 2 12 1 2081 1278 2082 6247 4105 6248
2427 9 2 12 1 497 496 1362 595 4755 6249
2428 9 2 12 1 1620 1622 1623 6250 6251 6252
2429 9 2 12 1 949 948 1363 1047 6253 4758
2430 9 2 12 1 1803 1802 1804 6254 6255 6230
2431 9 2 12 1 1692 1691 1699 6226 3668 6256
2432 9 2 12 1 1603 1601 1604 6211 6257 6227
2433 9 2 12 1 1599 1601 1602 6258 6210 6242
2434 9 2 12 1 1882 1878 1883 6259 6141 6260
2435 9 2 12 1 1879 2086 2468 6222 6213 6261
2436 9 2 12 1 1640 1646 1650 6262 6089 4919
2437 9 2 12 1 1599 1597 1600 6263 6264 6265
2438 9 2 12 1 1801 1802 1803 6266 6254 6267
2439 9 2 12 1 1599 1600 1601 6265 6268 6258
2440 9 2 12 1 1646 1664 2486 6269 6270 6090
2441 9 2 12 1 1654 1653 1658 6271 6272 6111
2442 9 2 12 1 1604 1601 2477 6257 6273 6274
2443 9 2 12 1 1620 1621 1622 6275 6276 6250
2444 9 2 12 1 1660 1625 2488 6277 6278 6279
2445 9 2 12 1 701 700 1331 799 6280 4984
2446 9 2 12 1 1701 2464 2485 6181 6172 6187
2447 9 2 12 1 504 503 1332 602 6281 4989
2448 9 2 12 1 1163 1162 1369 1261 4879 6282
2449 9 2 12 1 1071 1070 1366 1169 6283 4884
2450 9 2 12 1 480 479 1367 578 6284 4877
2451 9 2 12 1 572 571 1368 670 4886 5732
2452 9 2 12 1 1804 1850 2234 6285 3724 6207
2453 9 2 12 1 1801 1800 1802 6286 6287 6266
2454 9 2 12 1 1710 1712 1714 6288 6098 6289
2455 9 2 12 1 1321 2310 2311 6290 3671 6173
2456 9 2 12 1 499 498 1333 597 5068 6291
2457 9 2 12 1 947 946 1334 1045 6292 5071
2458 9 2 12 1 1605 1607 2471 6246 6293 6294
2459 9 2 12 1 1295 952 2188 6083 5150 4979
2460 9 2 12 1 1704 1715 2473 6295 6296 6297
2461 9 2 12 1 917 916 1329 1015 6298 5842
2462 9 2 12 1 726 725 1327 824 5702 5709
2463 9 2 12 1 923 922 1328 1021 6299 6300
2464 9 2 12 1 720 719 1330 818 4946 6301
2465 9 2 12 1 942 941 1371 1040 4981 6302
2466 9 2 12 1 1139 1138 1372 1237 4986 5775
2467 9 2 12 1 1339 1165 2404 6303 5837 6304
2468 9 2 12 1 493 1296 2187 6086 3285 5149
2469 9 2 12 1 1803 1805 1806 6232 6191 6305
2470 9 2 12 1 1799 1800 1801 6306 6286 6307
2471 9 2 12 1 478 477 1349 576 6308 6309
2472 9 2 12 1 1069 1068 1348 1167 6310 5244
2473 9 2 12 1 1595 1596 1597 6311 6312 6313
2474 9 2 12 1 573 572 2334 671 5733 5782
2475 9 2 12 1 495 1316 2242 6138 4210 5457
2476 9 2 12 1 1607 1619 1620 6314 6315 6316
2477 9 2 12 1 1805 1804 2475 6231 6209 6189
2478 9 2 12 1 1617 1616 2496 6317 6318 6319
2479 9 2 12 1 2060 2059 2167 6150 3572 3305
2480 9 2 12 1 1688 1671 2479 6320 6321 6322
2481 9 2 12 1 1810 1808 1852 6162 6183 3733
2482 9 2 12 1 1143 1142 1364 1241 3383 6323
2483 9 2 12 1 697 696 1365 795 6324 6325
2484 9 2 12 1 501 500 1370 599 6326 4076
2485 9 2 12 1 944 943 1340 1042 6327 6328
2486 9 2 12 1 1141 1140 1341 1239 5825 3690
2487 9 2 12 1 1799 1771 1800 6329 3545 6306
2488 9 2 12 1 2417 1365 2434 6330 6331 6332
2489 9 2 12 1 919 918 1375 1017 5923 6333
2490 9 2 12 1 722 721 1376 820 5326 6334
2491 9 2 12 1 2471 1607 2480 6293 6335 6336
2492 9 2 12 1 724 723 1377 822 5628 5018
2493 9 2 12 1 921 920 1378 1019 5626 5328
2494 9 2 12 1 699 698 1380 797 5602 5368
2495 9 2 12 1 1767 1618 1768 6337 6167 6338
2496 9 2 12 1 1615 2464 2497 6170 6241 6339
2497 9 2 12 1 1315 950 2243 6146 5459 5140
2498 9 2 12 1 1816 1814 1853 6071 5807 6340
2499 9 2 12 1 1630 1642 1659 6341 6342 6343
2500 9 2 12 1 711 710 1266 809 6344 4497
2501 9 2 12 1 932 931 1268 1030 4495 6345
2502 9 2 12 1 5 574 1338 673 5840 5580
2503 9 2 12 1 8 1165 1339 1264 6303 5578
2504 9 2 12 1 1608 1605 2471 6216 6294 6346
2505 9 2 12 1 2103 2105 2106 6347 6348 6349
2506 9 2 12 1 2103 2104 2105 6350 6351 6347
2507 9 2 12 1 1328 2381 2382 6352 6353 4311
2508 9 2 12 1 1798 1771 1799 6354 6329 6355
2509 9 2 12 1 1609 1611 1615 6356 6132 6357
2510 9 2 12 1 1804 1802 1850 6255 6358 6285
2511 9 2 12 1 1788 1268 1789 6359 3971 6360
2512 9 2 12 1 1607 1620 2480 6316 6361 6335
2513 9 2 12 1 919 1375 2418 6333 6362 5868
2514 9 2 12 1 1601 1600 2477 6268 6363 6273
2515 9 2 12 1 722 1376 2419 6334 6364 5869
2516 9 2 12 1 697 1365 2417 6325 6330 5845
2517 9 2 12 1 1348 1068 2412 6310 5838 3992
2518 9 2 12 1 1349 477 2413 6308 5839 6365
2519 9 2 12 1 489 488 1267 587 6366 6367
2520 9 2 12 1 1154 1153 1265 1252 4472 6368
2521 9 2 12 1 2103 1763 2104 6369 6370 6350
2522 9 2 12 1 1619 1604 2477 6371 6274 6372
2523 9 2 12 1 1593 1594 1595 6373 6374 6375
2524 9 2 12 1 1349 2413 2414 6365 5482 6376
2525 9 2 12 1 1798 1799 2056 6355 6377 3741
2526 9 2 12 1 1735 1771 1798 6378 6354 5926
2527 9 2 12 1 1593 1591 1594 6379 6380 6373
2528 9 2 12 1 718 2233 2293 6188 6381 5633
2529 9 2 12 1 1331 700 2385 6280 5771 6382
2530 9 2 12 1 1321 1145 2310 6201 5690 6290
2531 9 2 12 1 1630 1659 2476 6343 6383 6384
2532 9 2 12 1 1620 1623 2480 6252 6385 6361
2533 9 2 12 1 2102 1763 2103 6386 6369 6387
2534 9 2 12 1 1598 1597 1599 6388 6263 6389
2535 9 2 12 1 1159 2155 2210 6101 6390 5311
2536 9 2 12 1 1595 1597 1598 6313 6388 6391
2537 9 2 12 1 1735 1770 1771 6392 3756 6378
2538 9 2 12 1 940 1317 2305 6197 6393 5651
2539 9 2 12 1 1555 1563 1569 5828 6394 6395
2540 9 2 12 1 574 573 2420 672 5783 5841
2541 9 2 12 1 1626 1627 1644 6396 6397 6134
2542 9 2 12 1 720 1330 2380 6301 4200 5764
2543 9 2 12 1 1328 922 2381 6299 5765 6352
2544 9 2 12 1 2062 1688 2479 6398 6322 6399
2545 9 2 12 1 1366 1070 2362 6283 5734 3830
2546 9 2 12 1 1076 1075 1293 1174 6400 4994
2547 9 2 12 1 567 566 1294 665 4997 5113
2548 9 2 12 1 497 1362 2326 6249 6401 5689
2549 9 2 12 1 1363 948 2327 6253 5691 6402
2550 9 2 12 1 1761 1763 2102 6403 6386 6404
2551 9 2 12 1 1598 1599 2470 6389 6244 6405
2552 9 2 12 1 1701 1702 1703 6406 6407 6179
2553 9 2 12 1 1704 1706 1715 6408 6409 6295
2554 9 2 12 1 1350 702 2307 6237 5650 6410
2555 9 2 12 1 1742 1740 1743 6411 2963 6412
2556 9 2 12 1 1874 1876 1877 6413 6414 6415
2557 9 2 12 1 1876 1879 2468 6416 6261 6166
2558 9 2 12 1 1712 1716 2491 6417 6418 6099
2559 9 2 12 1 1626 1690 2484 6136 6419 6164
2560 9 2 12 1 1761 1762 1763 6420 6421 6403
2561 9 2 12 1 1735 1734 1770 6422 6423 6392
2562 9 2 12 1 1880 1878 1882 6424 6259 3086
2563 9 2 12 1 1137 1318 2306 6200 6425 5652
2564 9 2 12 1 1623 1660 2480 6426 6427 6385
2565 9 2 12 1 1761 1759 1762 6428 6429 6420
2566 9 2 12 1 1611 1610 1612 6430 6431 6432
2567 9 2 12 1 1342 1147 2244 6178 5458 5492
2568 9 2 12 1 1633 1637 1638 6433 4918 6434
2569 9 2 12 1 1664 1673 1748 6435 6436 6437
2570 9 2 12 1 1609 1610 1611 6236 6430 6356
2571 9 2 12 1 692 1343 2245 6182 6234 5460
2572 9 2 12 1 1764 1689 2493 6438 6439 6440
2573 9 2 12 1 1607 1604 1619 6245 6371 6314
2574 9 2 12 1 1877 1876 1878 6414 6165 6441
2575 9 2 12 1 1614 1617 1626 6442 6443 6163
2576 9 2 12 1 1634 1628 1645 6444 6445 6123
2577 9 2 12 1 1675 1656 1686 6446 6447 6448
2578 9 2 12 1 1731 1733 2360 6449 5925 6450
2579 9 2 12 1 1313 481 2284 6196 5569 5331
2580 9 2 12 1 1161 1312 2287 6194 6451 5570
2581 9 2 12 1 1272 2073 2074 6452 6453 4078
2582 9 2 12 1 938 1325 2225 6153 4561 5402
2583 9 2 12 1 1733 1734 1735 6454 6422 5822
2584 9 2 12 1 1345 925 2232 6190 5500 6455
2585 9 2 12 1 1636 1632 1663 6456 6457 6458
2586 9 2 12 1 1751 1765 2512 6459 6460 6461
2587 9 2 12 1 1595 1594 1596 6374 6462 6311
2588 9 2 12 1 1741 1744 2215 6463 6464 6465
2589 9 2 12 1 1625 1633 2488 6466 6467 6278
2590 9 2 12 1 1783 1784 2393 6468 6469 3072
2591 9 2 12 1 1612 1610 1613 6431 6470 6471
2592 9 2 12 1 2484 1690 2485 6419 6159 6472
2593 9 2 12 1 1609 1615 2497 6357 6339 6473
2594 9 2 12 1 1277 2080 2128 6474 3957 4234
2595 9 2 12 1 1623 1622 1624 6251 6475 6476
2596 9 2 12 1 2215 1744 2216 6464 6477 3919
2597 9 2 12 1 1610 1608 2481 6235 6478 6479
2598 9 2 12 1 1767 1768 1769 6338 6480 6481
2599 9 2 12 1 1733 1732 1734 6482 6483 6454
2600 9 2 12 1 1623 1625 1660 6484 6277 6426
2601 9 2 12 1 2482 2481 2495 6485 6486 6487
2602 9 2 12 1 1661 1654 2500 6488 6113 6489
2603 9 2 12 1 1608 2471 2481 6346 6490 6478
2604 9 2 12 1 1783 1782 1784 6491 6492 6468
2605 9 2 12 1 1760 1759 1761 6493 6428 6494
2606 9 2 12 1 1751 1753 1765 6495 6496 6459
2607 9 2 12 1 1593 1595 2472 6375 6497 6498
2608 9 2 12 1 1628 1617 2496 6499 6319 6500
2609 9 2 12 1 1877 1878 1880 6441 6424 6501
2610 9 2 12 1 1731 1732 1733 6502 6482 6449
2611 9 2 12 1 1351 505 2308 6239 5653 6503
2612 9 2 12 1 1140 1139 2398 1238 5776 5826
2613 9 2 12 1 1666 1661 1746 6504 6505 6506
2614 9 2 12 1 1656 1634 2499 6507 6125 6508
2615 9 2 12 1 1758 1759 1760 6509 6493 6510
2616 9 2 12 1 1643 1631 1693 6511 6512 6513
2617 9 2 12 1 1782 1780 1785 6514 6515 6516
2618 9 2 12 1 1727 1729 1730 6517 6518 6519
2619 9 2 12 1 1731 1729 1732 6520 6521 6502
2620 9 2 12 1 2481 2471 2495 6490 6522 6486
2621 9 2 12 1 1744 1742 1745 6523 6524 6525
2622 9 2 12 1 1726 1688 2062 6526 6398 6527
2623 9 2 12 1 1304 927 2195 6102 5197 4810
2624 9 2 12 1 1314 1072 2285 6195 5571 6528
2625 9 2 12 1 570 1311 2286 6193 5371 5572
2626 9 2 12 1 715 1305 2196 6103 6529 5198
2627 9 2 12 1 1781 1782 1783 6530 6491 6531
2628 9 2 12 1 1615 2484 2485 6133 6472 6171
2629 9 2 12 1 2479 1671 2508 6321 6532 6533
2630 9 2 12 1 1741 1740 1742 6534 6411 6535
2631 9 2 12 1 1689 1727 2493 6536 6537 6439
2632 9 2 12 1 1620 1619 1621 6315 6538 6275
2633 9 2 12 1 1600 1597 2474 6264 6539 6540
2634 9 2 12 1 1693 1631 2498 6512 6541 6542
2635 9 2 12 1 2465 1703 2473 6218 6543 6544
2636 9 2 12 1 1716 1718 1786 6545 6546 6547
2637 9 2 12 1 1291 484 2153 6088 5106 6548
2638 9 2 12 1 1624 1622 2476 6475 6549 6550
2639 9 2 12 1 1730 1729 1731 6518 6520 6551
2640 9 2 12 1 1758 1757 1759 6552 6553 6509
2641 9 2 12 1 1622 1630 2476 6554 6384 6549
2642 9 2 12 1 2491 1786 2492 6555 6556 6557
2643 9 2 12 1 1741 1742 1744 6535 6523 6463
2644 9 2 12 1 1611 1612 1614 6432 6558 6108
2645 9 2 12 1 1664 1748 2486 6437 5080 6270
2646 9 2 12 1 491 1281 2091 6062 6151 4805
2647 9 2 12 1 1301 1149 2190 6105 5151 5409
2648 9 2 12 1 690 1300 2192 6104 3233 5152
2649 9 2 12 1 1652 1649 1653 6559 6560 6561
2650 9 2 12 1 1622 1621 1630 6276 6562 6554
2651 9 2 12 1 1703 1702 1704 6407 6563 6564
2652 9 2 12 1 1739 1740 1741 6565 6534 6566
2653 9 2 12 1 1756 1757 1758 6567 6552 6568
2654 9 2 12 1 1729 1728 2483 6569 3347 6570
2655 9 2 12 1 1739 1738 1740 6571 3069 6565
2656 9 2 12 1 1645 1628 2496 6445 6500 6572
2657 9 2 12 1 1781 1780 1782 6573 6514 6530
2658 9 2 12 1 1778 1780 1781 6574 6573 6575
2659 9 2 12 1 1648 1651 1723 6576 6577 6578
2660 9 2 12 1 1597 1596 2474 6312 6579 6539
2661 9 2 12 1 1595 1598 2472 6391 6580 6497
2662 9 2 12 1 1703 1704 2473 6564 6297 6543
2663 9 2 12 1 2488 1638 2489 6581 3235 6582
2664 9 2 12 1 1732 1729 2483 6521 6570 6583
2665 9 2 12 1 2497 2465 2510 6240 6584 6585
2666 9 2 12 1 1613 1610 2481 6470 6479 6586
2667 9 2 12 1 1623 1624 1625 6476 6587 6484
2668 9 2 12 1 1787 1268 1788 6588 6359 6589
2669 9 2 12 1 1659 1642 2494 6342 6590 4360
2670 9 2 12 1 1685 1698 1736 6591 6592 4209
2671 9 2 12 1 1754 1752 1755 6593 6594 6595
2672 9 2 12 1 2471 2480 2495 6336 6596 6522
2673 9 2 12 1 1737 1698 1738 6597 6598 6599
2674 9 2 12 1 1778 1776 1779 6600 4128 6601
2675 9 2 12 1 1613 2481 2482 6586 6485 6602
2676 9 2 12 1 1692 1700 1701 6603 6604 6186
2677 9 2 12 1 1672 1689 1764 6605 6438 4253
2678 9 2 12 1 1701 1700 1702 6604 6606 6406
2679 9 2 12 1 1618 1593 2472 6607 6498 6168
2680 9 2 12 1 1614 1612 1616 6558 6608 6609
2681 9 2 12 1 1778 1779 1780 6601 6610 6574
2682 9 2 12 1 1737 1738 1739 6599 6571 6611
2683 9 2 12 1 1756 1754 1757 6612 6613 6567
2684 9 2 12 1 1691 1644 1694 6160 6614 3301
2685 9 2 12 1 1633 1638 2488 6434 6581 6467
2686 9 2 12 1 1774 1776 1777 6615 6616 6617
2687 9 2 12 1 1700 1699 1721 6618 6619 6620
2688 9 2 12 1 1692 1699 1700 6256 6618 6603
2689 9 2 12 1 1727 1728 1729 6621 6569 6517
2690 9 2 12 1 1592 1591 1593 6622 6379 6623
2691 9 2 12 1 1282 929 2117 6066 4866 6175
2692 9 2 12 1 2488 2489 2506 6582 6624 6625
2693 9 2 12 1 1788 1789 1790 6360 6626 6627
2694 9 2 12 1 1629 1635 1668 6628 6629 6630
2695 9 2 12 1 2107 2105 2109 6631 6632 6633
2696 9 2 12 1 1299 507 2224 6140 5403 4789
2697 9 2 12 1 1736 1698 1737 6592 6597 6634
2698 9 2 12 1 1648 1723 2494 6578 6635 6636
2699 9 2 12 1 713 1283 2120 6065 6637 4867
2700 9 2 12 1 2106 2107 2108 6638 6639 6640
2701 9 2 12 1 1753 1754 1756 6641 6612 6642
2702 9 2 12 1 1606 1609 2497 6224 6473 6643
2703 9 2 12 1 1727 1726 1728 6644 6645 6621
2704 9 2 12 1 1774 1719 1775 6646 5597 6647
2705 9 2 12 1 1707 1705 1722 6648 6649 6650
2706 9 2 12 1 1777 1778 2487 6651 6652 6653
2707 9 2 12 1 2107 2109 2110 6633 6654 6655
2708 9 2 12 1 1630 1631 1642 6656 6657 6341
2709 9 2 12 1 1596 1696 2474 6658 6659 6579
2710 9 2 12 1 1727 1730 2493 6519 6660 6537
2711 9 2 12 1 1774 1777 2478 6617 6661 6662
2712 9 2 12 1 1876 1875 1879 6663 6664 6416
2713 9 2 12 1 1630 1621 1631 6562 6665 6656
2714 9 2 12 1 1686 1656 2499 6447 6508 6666
2715 9 2 12 1 1753 1752 1754 6667 6593 6641
2716 9 2 12 1 1680 1681 1890 6668 4208 6144
2717 9 2 12 1 1602 1603 2510 6212 6669 6670
2718 9 2 12 1 1751 1752 1753 6671 6667 6495
2719 9 2 12 1 1266 710 1590 6344 4449 6672
2720 9 2 12 1 1777 1776 1778 6616 6600 6651
2721 9 2 12 1 1598 2470 2501 6405 6673 6674
2722 9 2 12 1 1774 1775 1776 6647 3635 6615
2723 9 2 12 1 1625 1624 1632 6587 6675 6676
2724 9 2 12 1 1602 2510 2514 6670 6677 6678
2725 9 2 12 1 1675 1686 2502 6448 6679 6680
2726 9 2 12 1 2106 2105 2107 6348 6631 6638
2727 9 2 12 1 1778 1781 2487 6575 6681 6652
2728 9 2 12 1 1716 1786 2491 6547 6555 6418
2729 9 2 12 1 1626 1617 1627 6443 6682 6396
2730 9 2 12 1 1625 1632 1633 6676 6683 6466
2731 9 2 12 1 1704 1705 1706 6684 6685 6408
2732 9 2 12 1 1704 1702 1705 6563 6686 6684
2733 9 2 12 1 1642 1631 1643 6657 6511 6687
2734 9 2 12 1 1877 1880 1881 6501 6688 6689
2735 9 2 12 1 1596 1594 1695 6462 6690 6691
2736 9 2 12 1 1596 1695 1696 6691 6692 6658
2737 9 2 12 1 1881 1880 2046 6688 3040 6693
2738 9 2 12 1 1689 1726 1727 6694 6644 6536
2739 9 2 12 1 1768 2472 2501 6169 6695 6696
2740 9 2 12 1 1633 1636 1637 6697 6698 6433
2741 9 2 12 1 1266 1590 1591 6672 6699 6700
2742 9 2 12 1 932 1268 1787 6345 6588 4450
2743 9 2 12 1 2480 1660 2495 6427 6701 6596
2744 9 2 12 1 1619 2477 2498 6372 6702 6703
2745 9 2 12 1 1773 1774 2478 6704 6662 6705
2746 9 2 12 1 1685 1697 1698 6706 6707 6591
2747 9 2 12 1 1787 1788 1791 6589 6708 6709
2748 9 2 12 1 1676 1679 1680 6710 6711 6121
2749 9 2 12 1 1746 1661 2500 6505 6489 4725
2750 9 2 12 1 2472 1598 2501 6580 6674 6695
2751 9 2 12 1 1689 1688 1726 6712 6526 6694
2752 9 2 12 1 1879 1884 2085 6713 6714 6220
2753 9 2 12 1 1669 1670 2059 6715 4249 6149
2754 9 2 12 1 1700 1721 2505 6620 4153 6716
2755 9 2 12 1 1702 1700 2505 6606 6716 6717
2756 9 2 12 1 1614 1616 1617 6609 6317 6442
2757 9 2 12 1 1874 1875 1876 6718 6663 6413
2758 9 2 12 1 1266 1591 1592 6700 6622 3974
2759 9 2 12 1 1874 1265 1875 6719 3936 6718
2760 9 2 12 1 1592 1593 1618 6623 6607 6720
2761 9 2 12 1 1751 1750 1752 6721 6722 6671
2762 9 2 12 1 1722 1705 2505 6649 6723 3606
2763 9 2 12 1 1683 1750 1751 6724 6721 6725
2764 9 2 12 1 1633 1632 1636 6683 6456 6697
2765 9 2 12 1 1666 1746 1747 6506 6726 6727
2766 9 2 12 1 1642 1643 1648 6687 6728 6729
2767 9 2 12 1 1643 1693 2503 6513 6730 6731
2768 9 2 12 1 1672 1688 1689 6732 6712 6605
2769 9 2 12 1 1662 1667 1669 6733 6734 3108
2770 9 2 12 1 1685 1684 1697 6735 4463 6706
2771 9 2 12 1 1873 1265 1874 6736 6719 6737
2772 9 2 12 1 1652 1653 1654 6561 6271 6738
2773 9 2 12 1 489 1267 1887 6367 3467 4474
2774 9 2 12 1 1693 2498 2511 6542 6739 6740
2775 9 2 12 1 1279 1151 2097 6073 4808 6741
2776 9 2 12 1 1644 1627 2504 6397 6742 6743
2777 9 2 12 1 1653 1649 2503 6560 6744 6745
2778 9 2 12 1 1627 1617 1628 6682 6499 6746
2779 9 2 12 1 1683 1682 1749 6747 4300 6748
2780 9 2 12 1 1717 1713 1720 6749 6750 5595
2781 9 2 12 1 1606 2497 2510 6643 6585 6751
2782 9 2 12 1 1672 1671 1688 6752 6320 6732
2783 9 2 12 1 1154 1265 1873 6368 6736 4457
2784 9 2 12 1 1674 1665 1682 6753 4429 6754
2785 9 2 12 1 1621 1619 2498 6538 6703 6755
2786 9 2 12 1 1631 1621 2498 6665 6755 6541
2787 9 2 12 1 1711 1709 1725 6756 6757 6758
2788 9 2 12 1 1658 1653 2517 6272 6759 6760
2789 9 2 12 1 1879 1875 1884 6664 4286 6713
2790 9 2 12 1 1156 1278 2081 6077 6247 4786
2791 9 2 12 1 1706 1707 1708 6761 6762 6763
2792 9 2 12 1 2520 1708 2521 6764 6765 6766
2793 9 2 12 1 1277 486 2080 6076 4787 6474
2794 9 2 12 1 1881 2046 2425 6693 4517 6767
2795 9 2 12 1 1773 1719 1774 6768 6646 6704
2796 9 2 12 1 1629 1668 2504 6630 6769 6770
2797 9 2 12 1 1600 2474 2511 6540 6771 6772
2798 9 2 12 1 1683 1749 1750 6748 6773 6724
2799 9 2 12 1 2074 2073 2228 6453 3851 6774
2800 9 2 12 1 2091 2092 2093 6152 6775 3351
2801 9 2 12 1 1648 1643 1649 6728 6776 6777
2802 9 2 12 1 1267 488 1872 6366 4458 3360
2803 9 2 12 1 1766 1767 1772 6778 6779 6780
2804 9 2 12 1 964 963 2379 1062 6781 6782
2805 9 2 12 1 2498 2477 2511 6702 6783 6739
2806 9 2 12 1 1642 1648 2494 6729 6636 6590
2807 9 2 12 1 1681 1684 1685 6784 6735 3743
2808 9 2 12 1 1680 1679 1681 6711 6785 6668
2809 9 2 12 1 1647 1641 1677 6786 6787 4428
2810 9 2 12 1 1681 1679 1684 6785 6788 6784
2811 9 2 12 1 1670 1667 1671 6789 6790 6791
2812 9 2 12 1 1670 1671 1672 6791 6752 3806
2813 9 2 12 1 1660 2488 2506 6279 6625 6792
2814 9 2 12 1 1637 1636 1639 6698 6793 6794
2815 9 2 12 1 1766 1618 1767 6795 6337 6778
2816 9 2 12 1 1915 1901 2436 5930 6796 4696
2817 9 2 12 1 1723 1651 1724 6577 6797 6798
2818 9 2 12 1 1706 1705 1707 6685 6648 6761
2819 9 2 12 1 2085 1884 2087 6714 6799 6800
2820 9 2 12 1 1637 1639 1640 6794 6801 4413
2821 9 2 12 1 1603 1606 2510 6233 6751 6669
2822 9 2 12 1 1669 1667 1670 6734 6789 6715
2823 9 2 12 1 2477 1600 2511 6363 6772 6783
2824 9 2 12 1 2482 2495 2506 6487 6802 6803
2825 9 2 12 1 1627 1628 1629 6746 6804 6805
2826 9 2 12 1 1673 1674 1687 6806 6807 6808
2827 9 2 12 1 1694 1644 2504 6614 6743 6809
2828 9 2 12 1 1718 1719 1773 6810 6768 6811
2829 9 2 12 1 1668 1635 2507 6629 6812 6813
2830 9 2 12 1 1708 1709 1710 6814 6815 6816
2831 9 2 12 1 1705 1702 2505 6686 6717 6723
2832 9 2 12 1 1592 1618 1766 6720 6795 4319
2833 9 2 12 1 1272 708 2073 6084 4731 6452
2834 9 2 12 1 1716 1717 1718 6817 6818 6545
2835 9 2 12 1 1674 1682 1683 6754 6747 6819
2836 9 2 12 1 2510 2465 2514 6584 6820 6677
2837 9 2 12 1 1329 916 2319 6298 5708 6821
2838 9 2 12 1 1708 1707 1709 6762 6822 6814
2839 9 2 12 1 1648 1649 1651 6777 6823 6576
2840 9 2 12 1 1657 2466 2507 6097 6824 6825
2841 9 2 12 1 1655 1654 1661 6826 6488 6827
2842 9 2 12 1 1629 1628 1634 6804 6444 6828
2843 9 2 12 1 934 1273 2075 6085 6829 4732
2844 9 2 12 1 1664 1665 1673 6830 6831 6435
2845 9 2 12 1 2511 2474 2515 6771 6832 6833
2846 9 2 12 1 1646 1647 1664 6834 6835 6269
2847 9 2 12 1 1651 1649 1652 6823 6559 6836
2848 9 2 12 1 2495 1660 2506 6701 6792 6802
2849 9 2 12 1 1662 1661 1666 6837 6504 6838
2850 9 2 12 1 727 726 2316 825 5710 5678
2851 9 2 12 1 1652 1654 1655 6738 6826 6839
2852 9 2 12 1 1712 1713 1716 6840 6841 6417
2853 9 2 12 1 1649 1643 2503 6776 6731 6744
2854 9 2 12 1 1718 1717 1719 6818 5171 6810
2855 9 2 12 1 2470 1602 2514 6243 6678 6842
2856 9 2 12 1 1640 1641 1646 6843 6844 6262
2857 9 2 12 1 1710 1711 1712 6845 6846 6288
2858 9 2 12 1 1673 1665 1674 6831 6753 6806
2859 9 2 12 1 1676 1675 1678 6847 6848 6849
2860 9 2 12 1 1676 1678 1679 6849 6850 6710
2861 9 2 12 1 1716 1713 1717 6841 6749 6817
2862 9 2 12 1 1657 1656 1675 6851 6446 6852
2863 9 2 12 1 1655 1661 1662 6827 6837 3518
2864 9 2 12 1 1662 1666 1667 6838 6853 6733
2865 9 2 12 1 1635 1634 1656 6854 6507 6855
2866 9 2 12 1 1664 1647 1665 6835 3980 6830
2867 9 2 12 1 1712 1711 1713 6846 6856 6840
2868 9 2 12 1 1657 1675 1676 6852 6847 6095
2869 9 2 12 1 1627 1629 2504 6805 6770 6742
2870 9 2 12 1 1710 1709 1711 6815 6756 6845
2871 9 2 12 1 1629 1634 1635 6828 6854 6628
2872 9 2 12 1 1640 1639 1641 6801 6857 6843
2873 9 2 12 1 1635 1656 1657 6855 6851 6858
2874 9 2 12 1 1678 1675 2502 6848 6680 6859
2875 9 2 12 1 1646 1641 1647 6844 6786 6834
2876 9 2 12 1 2108 2107 2509 6639 6860 6861
2877 9 2 12 1 1769 1768 2518 6480 6862 6863
2878 9 2 12 1 1666 1747 2508 6727 6864 6865
2879 9 2 12 1 2107 2110 2509 6655 6866 6860
2880 9 2 12 1 1683 1751 2512 6725 6461 6867
2881 9 2 12 1 1687 1674 2512 6807 6868 6869
2882 9 2 12 1 1720 1713 2513 6750 6870 6871
2883 9 2 12 1 1711 1725 2513 6758 4451 6872
2884 9 2 12 1 1671 1667 2508 6790 6873 6532
2885 9 2 12 1 1693 2511 2515 6740 6833 6874
2886 9 2 12 1 2465 2473 2514 6544 6875 6820
2887 9 2 12 1 1667 1666 2508 6853 6865 6873
2888 9 2 12 1 1674 1683 2512 6819 6867 6868
2889 9 2 12 1 1635 1657 2507 6858 6825 6812
2890 9 2 12 1 2470 2514 2516 6842 6876 6877
2891 9 2 12 1 688 1280 2094 6060 6878 4812
2892 9 2 12 1 2503 1693 2515 6730 6874 6879
2893 9 2 12 1 1713 1711 2513 6856 6872 6870
2894 9 2 12 1 2474 1696 2515 6659 6880 6832
2895 9 2 12 1 2501 2470 2516 6673 6877 6881
2896 9 2 12 1 2514 2473 2516 6875 6882 6876
2897 9 2 12 1 2134 1412 2149 4294 4697 6883
2898 9 2 12 1 1413 2136 2150 4297 6884 4528
2899 9 2 12 1 2473 1715 2516 6296 6885 6882
2900 9 2 12 1 1658 2517 2519 6760 6886 6887
2901 9 2 12 1 1710 1714 2521 6289 6888 6889
2902 9 2 12 1 1769 2520 2521 6890 6766 6891
2903 9 2 12 1 1905 1908 2455 5849 6892 5889
2904 9 2 12 1 1706 1708 2520 6763 6764 6893
2905 9 2 12 1 1959 1957 1961 5750 6894 6895
2906 9 2 12 1 1902 1904 1906 5753 6896 6897
2907 9 2 12 1 1769 2518 2520 6863 6898 6890
2908 9 2 12 1 2501 2516 2518 6881 6899 6900
2909 9 2 12 1 2491 2492 2523 6557 6901 6902
2910 9 2 12 1 910 1271 2123 6063 6903 4870
2911 9 2 12 1 1270 732 2121 6064 4869 6904
2912 9 2 12 1 2515 1696 2517 6880 6905 6906
2913 9 2 12 1 1767 1769 2522 6481 6907 6908
2914 9 2 12 1 1136 1135 2273 1234 5406 5539
2915 9 2 12 1 2503 2515 2517 6879 6906 6909
2916 9 2 12 1 1769 2521 2522 6891 6910 6907
2917 9 2 12 1 1799 1801 2524 6307 6911 6912
2918 9 2 12 1 2516 1715 2518 6885 6913 6899
2919 9 2 12 1 1653 2503 2517 6745 6909 6759
2920 9 2 12 1 2038 2042 2061 6914 5133 4792
2921 9 2 12 1 1958 1962 2444 5909 6915 5992
2922 9 2 12 1 1696 1695 2519 6692 6916 6917
2923 9 2 12 1 682 1416 2144 6918 4467 6919
2924 9 2 12 1 1962 2333 2444 6045 4950 6915
2925 9 2 12 1 1768 2501 2518 6696 6900 6862
2926 9 2 12 1 2521 1714 2522 6888 6920 6910
2927 9 2 12 1 2110 2777 2820 6921 6922 6923
2928 9 2 12 1 1559 1586 2386 5575 6924 6925
2929 9 2 12 1 1715 1706 2520 6409 6893 6926
2930 9 2 12 1 2517 1696 2519 6905 6917 6886
2931 9 2 12 1 565 564 1275 663 3505 4824
2932 9 2 12 1 1078 1077 1274 1176 4822 3502
2933 9 2 12 1 2518 1715 2520 6913 6926 6898
2934 9 2 12 1 568 567 2159 666 5114 6927
2935 9 2 12 1 1306 730 2212 6120 5225 3112
2936 9 2 12 1 912 1307 2211 6119 3116 5226
2937 9 2 12 1 1772 2522 2523 6928 6929 6930
2938 9 2 12 1 1269 954 2090 6061 4821 3163
2939 9 2 12 1 568 2159 2213 6927 3154 5312
2940 9 2 12 1 1708 1710 2521 6816 6889 6765
2941 9 2 12 1 2027 2025 2863 6931 3643 6932
2942 9 2 12 1 2522 1714 2523 6920 6933 6929
2943 9 2 12 1 1772 1767 2522 6779 6908 6928
2944 9 2 12 1 1293 1075 2156 6400 5112 5202
2945 9 2 12 1 1714 2491 2523 6100 6902 6933
2946 9 2 12 1 2056 1799 2524 6377 6912 6934
2947 9 2 12 1 890 889 2389 988 6935 6936
2948 9 2 12 1 741 1440 2367 6937 6938 5978
2949 9 2 12 1 2082 2142 2782 4106 6939 6940
2950 9 2 12 1 1544 1555 2447 5898 6941 6019
2951 9 2 12 1 1938 1939 1940 5740 6942 6943
2952 9 2 12 1 1994 1993 1995 5736 5453 6944
2953 9 2 12 1 1555 1569 2447 6395 3764 6941
2954 9 2 12 1 1087 1086 2391 1185 6945 6946
2955 9 2 12 1 2796 1273 2906 5803 4445 6947
2956 9 2 12 1 2139 1414 2140 4345 4729 3353
2957 9 2 12 1 2007 2331 2845 3491 6948 6949
2958 9 2 12 1 1908 1913 2455 5986 6199 6892
2959 9 2 12 1 1291 2153 2724 6548 6950 3252
2960 9 2 12 1 1549 1547 1550 6951 5509 6952
2961 9 2 12 1 2232 1755 2759 4612 6953 6954
2962 9 2 12 1 1545 1543 1546 6955 5730 6956
2963 9 2 12 1 1856 1859 2028 6957 6958 4706
2964 9 2 12 1 1112 1111 2397 1210 6959 6960
2965 9 2 12 1 1773 2478 2835 6705 5508 6961
2966 9 2 12 1 161 162 2543 220 4553 6962
2967 9 2 12 1 521 520 2403 619 6963 6964
2968 9 2 12 1 1565 1556 2440 5915 5912 6965
2969 9 2 12 1 1276 510 2100 6069 4933 6966
2970 9 2 12 1 1992 1968 2454 6002 6967 6968
2971 9 2 12 1 1293 2653 2814 5203 6969 6050
2972 9 2 12 1 544 1443 2369 6970 6971 5998
2973 9 2 12 1 2264 2292 2947 4639 4486 6972
2974 9 2 12 1 1968 1963 2454 5987 6018 6967
2975 9 2 12 1 1836 1841 2534 5488 6973 5725
2976 9 2 12 1 1353 2372 2625 5170 6974 6975
2977 9 2 12 1 1862 1863 1866 4551 6976 5147
2978 9 2 12 1 1902 1906 2436 6897 4544 6977
2979 9 2 12 1 1948 1949 1950 6978 6979 5800
2980 9 2 12 1 1894 1893 1895 6980 5801 6981
2981 9 2 12 1 1907 1903 2443 5908 5910 6982
2982 9 2 12 1 1560 1559 2386 6983 6925 5392
2983 9 2 12 1 2198 139 2535 5542 5721 4438
2984 9 2 12 1 170 2197 2536 5541 4303 5722
2985 9 2 12 1 2222 1415 2608 5013 5228 5317
2986 9 2 12 1 1980 1973 1981 5768 6984 6985
2987 9 2 12 1 1918 1925 1926 5770 6986 6987
2988 9 2 12 1 2713 2344 2790 6988 6989 6990
2989 9 2 12 1 1572 1565 2440 5969 6965 6991
2990 9 2 12 1 1789 2171 2878 3973 6992 6993
2991 9 2 12 1 1538 1537 1539 6994 5686 6995
2992 9 2 12 1 1892 1893 1894 4871 6980 6996
2993 9 2 12 1 1948 1947 1949 4872 6997 6978
2994 9 2 12 1 411 1461 2637 5479 6998 6999
2995 9 2 12 1 1305 2492 2939 3838 7000 7001
2996 9 2 12 1 728 727 2532 826 5680 5557
2997 9 2 12 1 915 914 2533 1013 5561 5028
2998 9 2 12 1 1972 1971 1973 5792 7002 5767
2999 9 2 12 1 1916 1917 1918 5794 5769 7003
3000 9 2 12 1 566 565 2163 664 4825 4998
3001 9 2 12 1 1077 1076 2162 1175 4996 4823
3002 9 2 12 1 1350 2307 2799 6410 4061 4699
3003 9 2 12 1 1820 1821 1838 7004 7005 5787
3004 9 2 12 1 1840 1815 2537 6106 7006 7007
3005 9 2 12 1 1826 1829 1830 7008 7009 5664
3006 9 2 12 1 2143 1392 2809 5166 7010 4963
3007 9 2 12 1 2294 1431 2610 5341 5239 4707
3008 9 2 12 1 768 767 2422 866 7011 7012
3009 9 2 12 1 2123 1271 2124 6903 7013 7014
3010 9 2 12 1 1270 2121 2122 6904 7015 7016
3011 9 2 12 1 2602 1292 2907 4245 3991 7017
3012 9 2 12 1 1815 1816 1817 6072 7018 7019
3013 9 2 12 1 1817 1816 1818 7018 7020 7021
3014 9 2 12 1 1583 1564 2565 5884 7022 3017
3015 9 2 12 1 1358 2356 2357 5583 5856 5790
3016 9 2 12 1 1835 1842 1843 7023 7024 4195
3017 9 2 12 1 1867 1864 1870 7025 3563 7026
3018 9 2 12 1 1163 1369 2595 6282 7027 7028
3019 9 2 12 1 1290 2237 2683 4007 7029 3175
3020 9 2 12 1 2033 2250 2904 4655 4406 7030
3021 9 2 12 1 1833 1834 1835 7031 7032 7033
3022 9 2 12 1 1308 704 2624 6127 7034 7035
3023 9 2 12 1 1566 1584 2565 5951 3039 7036
3024 9 2 12 1 244 245 2545 303 7037 5397
3025 9 2 12 1 2191 1342 2578 4355 5493 3273
3026 9 2 12 1 2028 2029 2030 7038 7039 3332
3027 9 2 12 1 1970 1965 1971 5928 7040 5791
3028 9 2 12 1 1910 1915 1916 5931 5793 7041
3029 9 2 12 1 2418 1375 2740 6362 4256 3746
3030 9 2 12 1 1276 2100 2203 6966 7042 4335
3031 9 2 12 1 2236 1417 2603 5175 7043 7044
3032 9 2 12 1 2332 1907 2443 6042 6982 4992
3033 9 2 12 1 245 1381 2545 5682 3021 7037
3034 9 2 12 1 1317 2225 2916 4626 4471 7045
3035 9 2 12 1 1898 1902 2436 5883 6977 7046
3036 9 2 12 1 1858 1854 2049 7047 4010 7048
3037 9 2 12 1 2064 2066 2067 7049 3121 7050
3038 9 2 12 1 167 168 2572 226 4264 7051
3039 9 2 12 1 141 142 2573 200 7052 4260
3040 9 2 12 1 1889 2401 2805 3224 7053 7054
3041 9 2 12 1 2224 1351 2641 4628 7055 5916
3042 9 2 12 1 1345 2232 2759 6455 6954 7056
3043 9 2 12 1 963 1439 2379 7057 7058 6781
3044 9 2 12 1 744 743 2433 842 7059 7060
3045 9 2 12 1 1847 1848 1849 5835 7061 7062
3046 9 2 12 1 1558 2355 2857 3855 7063 7064
3047 9 2 12 1 2104 1763 2564 6370 7065 3006
3048 9 2 12 1 547 546 2429 645 7066 7067
3049 9 2 12 1 1551 1559 1560 5879 6983 7068
3050 9 2 12 1 2329 1433 2562 5429 7069 7070
3051 9 2 12 1 2391 2853 2920 7071 7072 7073
3052 9 2 12 1 1952 1951 1953 5989 7074 5880
3053 9 2 12 1 1896 1897 1898 5991 5882 7075
3054 9 2 12 1 1536 1535 1537 7076 7077 7078
3055 9 2 12 1 1412 903 2218 7079 7080 4698
3056 9 2 12 1 966 965 2439 1064 7081 7082
3057 9 2 12 1 1888 1838 2544 5864 7083 7084
3058 9 2 12 1 534 1422 2172 7085 4692 7086
3059 9 2 12 1 1817 1819 1820 7087 7088 7089
3060 9 2 12 1 2295 1516 2606 4848 7090 7091
3061 9 2 12 1 1447 161 2543 5484 6962 7092
3062 9 2 12 1 1817 1820 2537 7089 5859 7093
3063 9 2 12 1 1942 1944 2006 7094 7095 4736
3064 9 2 12 1 1999 1997 2010 7096 4737 7097
3065 9 2 12 1 2006 2007 2008 7098 7099 3326
3066 9 2 12 1 2011 2010 2012 7100 3330 7101
3067 9 2 12 1 1827 1828 1831 5985 5866 7102
3068 9 2 12 1 1815 1817 2537 7019 7093 7006
3069 9 2 12 1 918 917 2548 1016 5844 5924
3070 9 2 12 1 1831 1836 1837 5867 5887 7103
3071 9 2 12 1 1541 1543 1545 5870 6955 7104
3072 9 2 12 1 1823 1825 1826 7105 7106 7107
3073 9 2 12 1 2603 1493 2732 4901 7108 7109
3074 9 2 12 1 2249 2032 2893 4651 7110 4206
3075 9 2 12 1 2094 1280 2095 6878 4790 3811
3076 9 2 12 1 892 891 2451 990 7111 7112
3077 9 2 12 1 1837 1846 1847 5888 5833 7113
3078 9 2 12 1 1089 1088 2446 1187 7114 7115
3079 9 2 12 1 889 1450 2389 7116 7117 6935
3080 9 2 12 1 2359 2084 2856 6129 4853 4309
3081 9 2 12 1 1414 1100 2220 7118 7119 4730
3082 9 2 12 1 2383 1288 2563 5635 4318 5785
3083 9 2 12 1 2199 1430 2200 7120 7121 5533
3084 9 2 12 1 499 1333 2598 6291 5045 7122
3085 9 2 12 1 1871 1870 2002 7123 7124 7125
3086 9 2 12 1 2141 1469 2770 3703 7126 3212
3087 9 2 12 1 1114 1113 2460 1212 7127 7128
3088 9 2 12 1 1322 2234 2800 7129 3725 7130
3089 9 2 12 1 1492 2303 2601 4894 4075 4574
3090 9 2 12 1 278 279 2582 337 4426 7131
3091 9 2 12 1 30 31 2583 89 7132 4424
3092 9 2 12 1 1753 1756 2574 6642 7133 7134
3093 9 2 12 1 523 522 2463 621 7135 7136
3094 9 2 12 1 1298 512 2057 7137 4571 4649
3095 9 2 12 1 1131 1284 2083 7138 7139 4776
3096 9 2 12 1 513 512 1298 611 7137 4750
3097 9 2 12 1 2537 1844 2566 5858 7140 7141
3098 9 2 12 1 1086 1452 2391 7142 7143 6945
3099 9 2 12 1 703 1350 2624 6238 4237 7144
3100 9 2 12 1 1663 1632 2577 6457 7145 3291
3101 9 2 12 1 1624 2476 2577 6550 7146 7147
3102 9 2 12 1 1549 1550 1551 6952 5878 7148
3103 9 2 12 1 1545 1546 1547 6956 5394 7149
3104 9 2 12 1 1980 1981 2553 6985 5830 5433
3105 9 2 12 1 1926 1925 2554 6986 5431 5831
3106 9 2 12 1 2027 2713 2790 7150 6990 5262
3107 9 2 12 1 897 896 2525 995 7151 7152
3108 9 2 12 1 878 1430 2199 7153 7120 7154
3109 9 2 12 1 2064 1552 2065 4784 7155 7156
3110 9 2 12 1 1371 2360 2648 7157 4152 7158
3111 9 2 12 1 1370 500 2598 6326 7159 3531
3112 9 2 12 1 1131 1130 1284 1229 5761 7138
3113 9 2 12 1 1111 1445 2397 7160 7161 6959
3114 9 2 12 1 2330 2011 2838 3574 7162 7163
3115 9 2 12 1 1953 1956 2435 7164 5717 7165
3116 9 2 12 1 1957 1953 2435 5881 7165 7166
3117 9 2 12 1 1950 1949 1951 6979 7167 5988
3118 9 2 12 1 1894 1895 1896 6981 5990 7168
3119 9 2 12 1 2124 1271 2259 7013 3627 4905
3120 9 2 12 1 1270 2122 2260 7016 4906 3624
3121 9 2 12 1 2387 2024 2757 2999 7169 7170
3122 9 2 12 1 1833 1830 1834 5784 7171 7031
3123 9 2 12 1 770 769 2528 868 7172 7173
3124 9 2 12 1 2153 2154 2678 4851 7174 7175
3125 9 2 12 1 1920 1921 1922 7176 7177 7178
3126 9 2 12 1 1976 1975 1977 7179 7180 7181
3127 9 2 12 1 1418 755 2253 7182 7183 7184
3128 9 2 12 1 1416 681 2235 7185 7186 4371
3129 9 2 12 1 520 1454 2403 7187 2998 6963
3130 9 2 12 1 2628 1294 2815 4716 6051 7188
3131 9 2 12 1 1310 956 2016 7189 4511 3478
3132 9 2 12 1 1900 1909 1920 7190 7191 7192
3133 9 2 12 1 1964 1955 1975 7193 7194 7195
3134 9 2 12 1 1833 1835 2593 7033 5608 7196
3135 9 2 12 1 686 1309 2017 7197 7198 4512
3136 9 2 12 1 908 1302 2048 7199 7200 4541
3137 9 2 12 1 1303 734 2047 7201 4540 7202
3138 9 2 12 1 1763 1762 2564 6421 7203 7065
3139 9 2 12 1 2746 1995 2940 4647 5454 7204
3140 9 2 12 1 2373 1354 2632 5591 7205 7206
3141 9 2 12 1 552 551 2531 650 7207 7208
3142 9 2 12 1 1817 1818 1819 7021 5772 7087
3143 9 2 12 1 1320 1079 1891 7209 4499 7210
3144 9 2 12 1 563 1319 1946 7211 7212 4500
3145 9 2 12 1 2440 1557 2616 5662 7213 7214
3146 9 2 12 1 2880 1457 2910 7215 7216 7217
3147 9 2 12 1 1821 1819 1822 7218 5918 7219
3148 9 2 12 1 2410 1391 2567 5706 7220 5748
3149 9 2 12 1 1900 1920 2587 7192 5669 7221
3150 9 2 12 1 1975 1955 2588 7194 7222 5671
3151 9 2 12 1 1820 1819 1821 7088 7218 7004
3152 9 2 12 1 1826 1825 1829 7106 7223 7008
3153 9 2 12 1 2083 1284 2182 7139 7224 3731
3154 9 2 12 1 923 1328 2619 6300 3210 7225
3155 9 2 12 1 1080 1079 1320 1178 7209 4895
3156 9 2 12 1 563 562 1319 661 4897 7211
3157 9 2 12 1 1838 1821 2561 7005 7226 7227
3158 9 2 12 1 686 685 1309 784 4831 7197
3159 9 2 12 1 957 956 1310 1055 7189 7228
3160 9 2 12 1 514 513 1533 612 4751 7229
3161 9 2 12 1 1757 1754 2589 6613 7230 7231
3162 9 2 12 1 1420 558 2255 7232 7233 3408
3163 9 2 12 1 1143 1364 2613 6323 7234 7235
3164 9 2 12 1 908 907 1302 1006 7236 7199
3165 9 2 12 1 735 734 1303 833 7201 7237
3166 9 2 12 1 1538 1539 1561 6995 7238 7239
3167 9 2 12 1 1928 1926 1938 7240 5738 7241
3168 9 2 12 1 1981 1983 1993 7242 7243 5735
3169 9 2 12 1 685 684 2183 783 5090 4832
3170 9 2 12 1 159 160 2596 218 7244 4548
3171 9 2 12 1 1105 1104 1336 1203 7245 4954
3172 9 2 12 1 538 537 1335 636 4958 7246
3173 9 2 12 1 1400 2173 2174 5625 7247 4178
3174 9 2 12 1 1536 1537 1538 7078 6994 7248
3175 9 2 12 1 883 882 1324 981 7249 4916
3176 9 2 12 1 760 759 1323 858 4911 4899
3177 9 2 12 1 2154 2321 2678 4216 7250 7174
3178 9 2 12 1 1721 2689 2935 7251 3364 4154
3179 9 2 12 1 1575 2717 2826 7252 7253 7254
3180 9 2 12 1 540 539 1398 638 3632 7255
3181 9 2 12 1 1367 479 2617 6284 7256 3727
3182 9 2 12 1 1961 1957 2435 6894 7166 4616
3183 9 2 12 1 1564 1566 2565 5901 7036 7022
3184 9 2 12 1 549 548 2540 647 7257 7258
3185 9 2 12 1 2079 1866 2111 4908 7259 4379
3186 9 2 12 1 516 515 1399 614 3776 7260
3187 9 2 12 1 2065 1552 2626 7155 7261 7262
3188 9 2 12 1 1823 1826 2561 7107 5413 7263
3189 9 2 12 1 1129 1128 1337 1227 7264 5641
3190 9 2 12 1 1393 2031 2797 3901 3414 7265
3191 9 2 12 1 759 758 2143 857 5167 4912
3192 9 2 12 1 1900 1898 1901 7266 7267 7268
3193 9 2 12 1 1953 1955 1956 7269 7270 7164
3194 9 2 12 1 1127 1126 1403 1225 7271 3793
3195 9 2 12 1 1534 1535 1536 5720 7076 7272
3196 9 2 12 1 1425 1124 2276 7273 7274 7275
3197 9 2 12 1 1081 1080 2430 1179 4896 5211
3198 9 2 12 1 562 561 2431 660 5213 4898
3199 9 2 12 1 2145 2144 2146 5337 4469 3868
3200 9 2 12 1 2437 1506 2652 4952 7276 7277
3201 9 2 12 1 884 883 2426 982 4917 5179
3202 9 2 12 1 2179 2437 2652 7278 7277 7279
3203 9 2 12 1 1840 2537 2566 7007 7141 7280
3204 9 2 12 1 1865 1868 1869 7281 7282 7283
3205 9 2 12 1 1823 1822 1824 7284 5199 7285
3206 9 2 12 1 968 967 2542 1066 7286 7287
3207 9 2 12 1 1395 2009 2792 3918 7288 7289
3208 9 2 12 1 2013 1394 2793 3915 7290 7291
3209 9 2 12 1 1909 1901 1910 7292 5929 7293
3210 9 2 12 1 1956 1964 1965 7294 7295 5927
3211 9 2 12 1 1860 1857 1861 7296 7297 7298
3212 9 2 12 1 906 905 1382 1004 7299 3654
3213 9 2 12 1 737 736 1383 835 3657 7300
3214 9 2 12 1 1422 533 2271 7301 7302 7303
3215 9 2 12 1 2544 1838 2561 7083 7227 5777
3216 9 2 12 1 761 760 1862 859 4900 7304
3217 9 2 12 1 1892 1894 1899 6996 7305 3063
3218 9 2 12 1 1949 1947 1954 6997 3066 7306
3219 9 2 12 1 894 893 2546 992 7307 7308
3220 9 2 12 1 2532 2316 2922 5679 7309 7310
3221 9 2 12 1 1835 1834 1842 7032 7311 7023
3222 9 2 12 1 1821 1822 1823 7219 7284 7312
3223 9 2 12 1 1362 2242 2867 4757 4186 7313
3224 9 2 12 1 478 1349 2617 6309 7314 7315
3225 9 2 12 1 1106 1105 2424 1204 4955 5374
3226 9 2 12 1 885 884 1393 983 5178 7316
3227 9 2 12 1 758 757 1392 856 7317 5165
3228 9 2 12 1 537 536 2204 635 5376 4959
3229 9 2 12 1 2015 167 2572 5304 7051 3585
3230 9 2 12 1 142 2014 2573 5303 3475 7052
3231 9 2 12 1 1825 1824 1827 7318 5984 7319
3232 9 2 12 1 902 1441 2218 7320 7321 7322
3233 9 2 12 1 1103 1102 1384 1201 7323 3678
3234 9 2 12 1 2220 1442 2221 7324 7325 4226
3235 9 2 12 1 149 150 2614 208 7326 4435
3236 9 2 12 1 1901 1898 2436 7267 7046 6796
3237 9 2 12 1 1673 1687 2602 6808 7327 7328
3238 9 2 12 1 1867 1870 1871 7026 7123 7329
3239 9 2 12 1 1116 1115 2552 1214 7330 7331
3240 9 2 12 1 525 524 2551 623 7332 7333
3241 9 2 12 1 1587 1560 1796 7334 5902 7335
3242 9 2 12 1 2028 1859 2029 6958 7336 7038
3243 9 2 12 1 1920 1909 1921 7191 7337 7176
3244 9 2 12 1 1964 1975 1976 7195 7179 7338
3245 9 2 12 1 1388 2202 2729 4037 7339 7340
3246 9 2 12 1 1548 1547 1549 7341 6951 7342
3247 9 2 12 1 1910 1916 1923 7041 7343 7344
3248 9 2 12 1 1971 1965 1978 7040 7345 7346
3249 9 2 12 1 1082 1081 1395 1180 5210 7347
3250 9 2 12 1 561 560 1394 659 7348 5212
3251 9 2 12 1 2543 2169 2680 3358 6020 7349
3252 9 2 12 1 747 746 2558 845 7350 7351
3253 9 2 12 1 1539 1541 2571 5799 7352 7353
3254 9 2 12 1 1092 1091 2555 1190 7354 7355
3255 9 2 12 1 684 683 1385 782 5648 5088
3256 9 2 12 1 959 958 1386 1057 3704 4301
3257 9 2 12 1 6 771 2559 870 7356 7357
3258 9 2 12 1 767 1455 2422 7358 5408 7011
3259 9 2 12 1 360 361 2604 419 7359 7360
3260 9 2 12 1 416 417 2605 475 7361 7362
3261 9 2 12 1 1827 1831 1839 7102 7363 7364
3262 9 2 12 1 1896 1898 1900 7075 7266 7365
3263 9 2 12 1 1953 1951 1955 7074 7366 7269
3264 9 2 12 1 2173 2172 2176 5624 4693 7367
3265 9 2 12 1 2166 1639 2851 5426 7368 7369
3266 9 2 12 1 1099 1442 2220 7370 7324 7371
3267 9 2 12 1 1858 2049 2050 7048 5003 7372
3268 9 2 12 1 1765 1753 2574 6496 7134 7373
3269 9 2 12 1 880 879 1408 978 5964 7374
3270 9 2 12 1 763 762 1409 861 3965 7375
3271 9 2 12 1 1918 1926 1928 6987 7240 7376
3272 9 2 12 1 1981 1973 1983 6984 7377 7242
3273 9 2 12 1 2322 1811 2869 4827 7378 7379
3274 9 2 12 1 1107 1106 1401 1205 5373 4501
3275 9 2 12 1 536 535 1400 634 5817 5375
3276 9 2 12 1 2006 1944 2007 7095 7380 7098
3277 9 2 12 1 1999 2010 2011 7097 7100 7381
3278 9 2 12 1 1314 2285 2664 6528 7382 7383
3279 9 2 12 1 1545 1547 1548 7149 7341 7384
3280 9 2 12 1 1561 1539 2571 7238 7353 7385
3281 9 2 12 1 2054 2053 2055 5452 3447 7386
3282 9 2 12 1 2126 1360 2785 4313 7387 7388
3283 9 2 12 1 904 903 1412 1002 7079 4168
3284 9 2 12 1 739 738 1413 837 4171 4974
3285 9 2 12 1 1632 1624 2577 6675 7147 7145
3286 9 2 12 1 1320 1891 1941 7210 3281 7389
3287 9 2 12 1 1946 1319 1996 7212 7390 3283
3288 9 2 12 1 514 1533 2063 7229 4978 4661
3289 9 2 12 1 2026 2025 2027 5384 6931 5261
3290 9 2 12 1 2352 1406 2882 5037 3824 7391
3291 9 2 12 1 1407 2353 2883 5041 7392 7393
3292 9 2 12 1 2137 1695 2892 7394 7395 7396
3293 9 2 12 1 1551 1560 1587 7068 7334 7397
3294 9 2 12 1 2174 2175 2177 7398 3271 7399
3295 9 2 12 1 1324 1855 1856 7400 7401 4275
3296 9 2 12 1 538 1335 2018 7246 7402 4566
3297 9 2 12 1 1302 907 2034 7236 4567 4656
3298 9 2 12 1 735 1303 2035 7237 4658 4568
3299 9 2 12 1 1882 1883 2843 6260 6005 7403
3300 9 2 12 1 1830 1829 2570 7009 7404 7405
3301 9 2 12 1 1521 58 2721 5363 7406 7407
3302 9 2 12 1 1823 1824 1825 7285 7318 7105
3303 9 2 12 1 887 886 1419 985 7408 5284
3304 9 2 12 1 756 755 1418 854 7182 4288
3305 9 2 12 1 1101 1100 1414 1199 7118 4192
3306 9 2 12 1 542 541 1415 640 4165 5012
3307 9 2 12 1 1900 1901 1909 7268 7292 7190
3308 9 2 12 1 1956 1955 1964 7270 7193 7294
3309 9 2 12 1 2594 2145 2780 4504 7409 7410
3310 9 2 12 1 1541 1545 2571 7104 7411 7352
3311 9 2 12 1 1834 1830 2570 7171 7405 7412
3312 9 2 12 1 2148 2147 2902 7413 4479 3009
3313 9 2 12 1 957 1310 2052 7228 7414 4587
3314 9 2 12 1 1837 1847 1851 7113 7415 7416
3315 9 2 12 1 683 682 2144 781 6919 5649
3316 9 2 12 1 2111 1866 2623 7259 7417 3840
3317 9 2 12 1 1337 1128 2068 7264 4668 7418
3318 9 2 12 1 1863 1864 1865 5949 7419 7420
3319 9 2 12 1 2019 2021 2022 7421 7422 2966
3320 9 2 12 1 2126 1868 2127 7423 7424 7425
3321 9 2 12 1 1320 1941 1942 7389 7426 4265
3322 9 2 12 1 1996 1319 1997 7390 4268 7427
3323 9 2 12 1 1548 1549 1562 7342 7428 7429
3324 9 2 12 1 182 183 2611 241 7430 7431
3325 9 2 12 1 65 66 2612 124 7432 7433
3326 9 2 12 1 518 517 1426 616 4368 5423
3327 9 2 12 1 1125 1124 1425 1223 7273 4376
3328 9 2 12 1 1324 882 1854 7249 4586 7434
3329 9 2 12 1 1084 1083 1421 1182 7435 5318
3330 9 2 12 1 559 558 1420 657 7232 7436
3331 9 2 12 1 879 878 2199 977 7154 5965
3332 9 2 12 1 682 681 1416 780 7185 6918
3333 9 2 12 1 961 960 1417 1059 7437 5174
3334 9 2 12 1 2176 1444 2952 4065 7438 7439
3335 9 2 12 1 754 1449 2253 7440 7441 7442
3336 9 2 12 1 1860 1861 1889 7298 3527 7443
3337 9 2 12 1 1536 1538 1558 7248 7444 7445
3338 9 2 12 1 1336 1104 2036 7245 4579 7446
3339 9 2 12 1 680 1438 2235 7447 7448 7449
3340 9 2 12 1 535 534 2172 633 7086 5818
3341 9 2 12 1 1848 1846 2833 5834 7450 3227
3342 9 2 12 1 2396 1532 2831 2988 7451 7452
3343 9 2 12 1 2041 2040 2301 7453 5043 7454
3344 9 2 12 1 1284 2681 2858 5763 7455 7456
3345 9 2 12 1 1842 1834 2207 7311 7457 7458
3346 9 2 12 1 903 902 2218 1001 7322 7080
3347 9 2 12 1 878 877 1430 976 7459 7153
3348 9 2 12 1 765 764 1429 863 7460 5718
3349 9 2 12 1 2257 1792 2821 4663 4272 7461
3350 9 2 12 1 1109 1108 1423 1207 7462 5440
3351 9 2 12 1 534 533 1422 632 7301 7085
3352 9 2 12 1 1869 1868 2126 7282 7423 7463
3353 9 2 12 1 2039 2037 2040 7464 2990 7465
3354 9 2 12 1 1865 1864 1867 7419 7025 7466
3355 9 2 12 1 1845 1833 2593 5577 7196 3321
3356 9 2 12 1 1747 1746 2864 6726 7467 3393
3357 9 2 12 1 2214 1974 2750 3616 7468 3688
3358 9 2 12 1 2322 2243 2702 5141 5914 7469
3359 9 2 12 1 755 754 2253 853 7442 7183
3360 9 2 12 1 1575 1576 2717 6034 7470 7252
3361 9 2 12 1 902 901 1441 1000 7471 7320
3362 9 2 12 1 741 740 1440 839 7472 6937
3363 9 2 12 1 2022 2023 2088 7473 7474 7475
3364 9 2 12 1 1100 1099 2220 1198 7371 7119
3365 9 2 12 1 2023 2021 2024 7476 7477 7478
3366 9 2 12 1 557 1451 2255 7479 4820 7480
3367 9 2 12 1 1444 178 2691 5519 7481 7482
3368 9 2 12 1 1436 278 2582 5449 7131 7483
3369 9 2 12 1 31 1437 2583 5450 7484 7132
3370 9 2 12 1 540 1398 2131 7255 4935 4944
3371 9 2 12 1 1856 1857 1859 7485 7486 6957
3372 9 2 12 1 1881 2142 2899 7487 7488 7489
3373 9 2 12 1 2064 2065 2066 7156 7490 7049
3374 9 2 12 1 2081 2082 2579 6248 4508 4397
3375 9 2 12 1 2038 2039 2042 7491 7492 6914
3376 9 2 12 1 1821 1823 2561 7312 7263 7226
3377 9 2 12 1 889 888 1450 987 7493 7116
3378 9 2 12 1 754 753 1449 852 7494 7440
3379 9 2 12 1 1111 1110 1445 1209 7495 7160
3380 9 2 12 1 532 531 1446 630 7496 7497
3381 9 2 12 1 1124 1123 2276 1222 7498 7274
3382 9 2 12 1 1099 1098 1442 1197 7499 7370
3383 9 2 12 1 544 543 1443 642 7500 6970
3384 9 2 12 1 558 557 2255 656 7480 7233
3385 9 2 12 1 516 1399 2168 7260 7501 5115
3386 9 2 12 1 1942 1941 1943 7426 7502 7503
3387 9 2 12 1 1996 1997 1998 7427 7504 7505
3388 9 2 12 1 533 532 2271 631 7506 7302
3389 9 2 12 1 681 680 2235 779 7449 7186
3390 9 2 12 1 532 1446 2271 7497 7507 7506
3391 9 2 12 1 179 1410 2691 5548 3493 7508
3392 9 2 12 1 1403 1126 2170 7271 5130 5275
3393 9 2 12 1 761 1862 2078 7304 5148 4793
3394 9 2 12 1 251 1522 2739 5362 7509 7510
3395 9 2 12 1 1382 905 2133 7299 4941 4001
3396 9 2 12 1 737 1383 2135 7300 4004 4942
3397 9 2 12 1 520 519 1454 618 7511 7187
3398 9 2 12 1 1123 1122 1453 1221 7512 7513
3399 9 2 12 1 1086 1085 1452 1184 7514 7142
3400 9 2 12 1 557 556 1451 655 7515 7479
3401 9 2 12 1 1123 1453 2276 7513 7516 7498
3402 9 2 12 1 2455 1937 2621 6198 3191 7517
3403 9 2 12 1 680 679 1438 778 7518 7447
3404 9 2 12 1 963 962 1439 1061 7519 7057
3405 9 2 12 1 2088 2023 2089 7474 7520 3214
3406 9 2 12 1 2019 1335 2020 7521 4350 7522
3407 9 2 12 1 1458 2900 2909 7523 7524 7525
3408 9 2 12 1 2020 2204 2925 4352 5646 7526
3409 9 2 12 1 1793 2258 2808 4667 7527 4082
3410 9 2 12 1 901 900 2366 999 7528 7529
3411 9 2 12 1 2355 2354 2592 5334 5386 7530
3412 9 2 12 1 1345 2759 2871 7056 7531 5007
3413 9 2 12 1 876 875 1456 974 7532 7533
3414 9 2 12 1 767 766 1455 865 7534 7358
3415 9 2 12 1 1865 1867 1868 7466 7535 7281
3416 9 2 12 1 1392 757 2164 7317 5048 7536
3417 9 2 12 1 2234 1322 2891 7129 4248 7537
3418 9 2 12 1 2381 1378 2719 5329 7538 7539
3419 9 2 12 1 531 530 2396 629 7540 7541
3420 9 2 12 1 753 752 2388 851 7542 7543
3421 9 2 12 1 900 899 1466 998 7544 7545
3422 9 2 12 1 743 742 1465 841 7546 7547
3423 9 2 12 1 678 677 1464 776 7548 7549
3424 9 2 12 1 965 964 1463 1063 7550 7551
3425 9 2 12 1 1098 1097 2368 1196 7552 7553
3426 9 2 12 1 1441 901 2366 7471 7529 7554
3427 9 2 12 1 679 678 2378 777 7555 7556
3428 9 2 12 1 1992 2454 2620 6968 7557 3192
3429 9 2 12 1 2069 2070 2098 5593 3201 7558
3430 9 2 12 1 1384 1102 2138 7323 4960 5009
3431 9 2 12 1 1942 1943 1944 7503 7559 7094
3432 9 2 12 1 1998 1997 1999 7504 7096 7560
3433 9 2 12 1 2236 2603 2732 7044 7109 7561
3434 9 2 12 1 2052 1310 2320 7414 4222 7562
3435 9 2 12 1 1122 1121 2402 1220 7563 7564
3436 9 2 12 1 891 890 1473 989 7565 7566
3437 9 2 12 1 752 751 1472 850 7567 7568
3438 9 2 12 1 1113 1112 1467 1211 7569 7570
3439 9 2 12 1 530 529 1468 628 7571 7572
3440 9 2 12 1 1097 1096 1457 1195 7573 7574
3441 9 2 12 1 546 545 1458 644 7575 7576
3442 9 2 12 1 556 555 2392 654 7577 7578
3443 9 2 12 1 2269 2627 2763 5058 7579 7580
3444 9 2 12 1 1944 1943 1945 7559 7581 7582
3445 9 2 12 1 1998 1999 2000 7560 7583 7584
3446 9 2 12 1 1966 1974 2628 5948 3781 7585
3447 9 2 12 1 743 1465 2433 7547 3661 7059
3448 9 2 12 1 2534 2017 2833 7586 7587 7588
3449 9 2 12 1 875 874 2421 973 7589 7590
3450 9 2 12 1 522 521 1471 620 7591 7592
3451 9 2 12 1 1121 1120 1470 1219 7593 7594
3452 9 2 12 1 1088 1087 1460 1186 7595 7596
3453 9 2 12 1 555 554 1459 653 7597 7598
3454 9 2 12 1 1687 2512 2622 6869 7599 7600
3455 9 2 12 1 1855 1854 1858 7601 7047 7602
3456 9 2 12 1 1859 1857 1860 7486 7296 7603
3457 9 2 12 1 2538 1587 2846 7604 7605 7606
3458 9 2 12 1 2321 2457 2678 5692 7607 7250
3459 9 2 12 1 677 676 2438 775 7608 7609
3460 9 2 12 1 899 898 2432 997 7610 7611
3461 9 2 12 1 1095 1094 1479 1193 7612 7613
3462 9 2 12 1 548 547 1478 646 7614 7615
3463 9 2 12 1 874 873 1477 972 7616 7617
3464 9 2 12 1 769 768 1476 867 7618 7619
3465 9 2 12 1 546 1458 2429 7576 7620 7066
3466 9 2 12 1 1096 1095 2428 1194 7621 7622
3467 9 2 12 1 881 880 2927 979 7623 5074
3468 9 2 12 1 1336 2037 2038 7624 7625 4373
3469 9 2 12 1 1357 387 2673 5681 7626 3057
3470 9 2 12 1 676 675 1491 774 7627 7628
3471 9 2 12 1 967 966 1490 1065 7629 7630
3472 9 2 12 1 898 897 1486 996 7631 7632
3473 9 2 12 1 745 744 1487 843 7633 7634
3474 9 2 12 1 529 528 2459 627 7635 7636
3475 9 2 12 1 1090 1089 1484 1188 7637 7638
3476 9 2 12 1 553 552 1485 651 7639 7640
3477 9 2 12 1 751 750 2450 849 7641 7642
3478 9 2 12 1 1442 1098 2368 7499 7553 7643
3479 9 2 12 1 2039 2040 2041 7465 7453 7644
3480 9 2 12 1 554 553 2445 652 7645 7646
3481 9 2 12 1 1115 1114 1497 1213 7647 7648
3482 9 2 12 1 528 527 1496 626 7649 7650
3483 9 2 12 1 893 892 1489 991 7651 7652
3484 9 2 12 1 750 749 1488 848 7653 7654
3485 9 2 12 1 872 871 1481 970 7655 7656
3486 9 2 12 1 771 770 1480 869 7657 7658
3487 9 2 12 1 746 745 2526 844 7659 7660
3488 9 2 12 1 1444 2691 2952 7482 7661 7438
3489 9 2 12 1 1120 1119 2462 1218 7662 7663
3490 9 2 12 1 873 872 2527 971 7664 7665
3491 9 2 12 1 1417 960 2147 7437 5268 7666
3492 9 2 12 1 524 523 1475 622 7667 7668
3493 9 2 12 1 1119 1118 1474 1217 7669 7670
3494 9 2 12 1 1324 1854 1855 7434 7601 7400
3495 9 2 12 1 1091 1090 2530 1189 7671 7672
3496 9 2 12 1 1094 1093 2539 1192 7673 7674
3497 9 2 12 1 1093 1092 1501 1191 7675 7676
3498 9 2 12 1 550 549 1500 648 7677 7678
3499 9 2 12 1 674 6 1499 772 7679 7680
3500 9 2 12 1 7 968 1498 1067 7681 7682
3501 9 2 12 1 526 525 1494 624 7683 7684
3502 9 2 12 1 1117 1116 1495 1215 7685 7686
3503 9 2 12 1 895 894 1483 993 7687 7688
3504 9 2 12 1 748 747 1482 846 7689 7690
3505 9 2 12 1 675 674 2541 773 7691 7692
3506 9 2 12 1 2258 1510 2690 5160 4280 7693
3507 9 2 12 1 871 7 2560 969 7694 7695
3508 9 2 12 1 527 526 2549 625 7696 7697
3509 9 2 12 1 896 895 2557 994 7698 7699
3510 9 2 12 1 749 748 2547 847 7700 7701
3511 9 2 12 1 551 550 2556 649 7702 7703
3512 9 2 12 1 1118 1117 2550 1216 7704 7705
3513 9 2 12 1 1502 250 2739 5437 7706 4972
3514 9 2 12 1 1590 2137 2892 3392 7396 7707
3515 9 2 12 1 1916 1918 2568 7003 7708 7709
3516 9 2 12 1 1973 1971 2569 7002 7710 7711
3517 9 2 12 1 1856 1855 1857 7401 7712 7485
3518 9 2 12 1 1423 1108 2178 7462 5383 7713
3519 9 2 12 1 942 1371 2648 6302 7158 7714
3520 9 2 12 1 2203 2100 2840 7042 7715 4213
3521 9 2 12 1 2179 2178 2180 7716 3899 7717
3522 9 2 12 1 388 1285 2673 5715 4809 7718
3523 9 2 12 1 965 1463 2439 7551 3419 7081
3524 9 2 12 1 2022 2021 2023 7422 7476 7473
3525 9 2 12 1 1754 1755 2589 6595 3692 7230
3526 9 2 12 1 1440 740 2219 7472 5666 7719
3527 9 2 12 1 1426 2169 2711 4618 3495 7720
3528 9 2 12 1 1882 2843 2898 7403 7721 4605
3529 9 2 12 1 1438 679 2378 7518 7556 7722
3530 9 2 12 1 2174 2173 2175 7247 7723 7398
3531 9 2 12 1 2207 1834 2570 7457 7412 7724
3532 9 2 12 1 2142 1873 2899 3425 7725 7488
3533 9 2 12 1 1449 753 2388 7494 7543 7726
3534 9 2 12 1 1450 888 2254 7493 5744 7727
3535 9 2 12 1 160 1447 2596 5485 2956 7244
3536 9 2 12 1 1542 1540 2639 5746 3458 7728
3537 9 2 12 1 1910 1923 2575 7344 7729 7730
3538 9 2 12 1 1978 1965 2576 7345 7731 7732
3539 9 2 12 1 1858 2050 2051 7372 7733 7734
3540 9 2 12 1 1443 543 2222 7500 5685 7735
3541 9 2 12 1 2018 1335 2019 7402 7521 3415
3542 9 2 12 1 1991 2532 2922 7736 7310 7737
3543 9 2 12 1 2739 1522 2836 7509 7738 7739
3544 9 2 12 1 2237 1569 2683 4976 7740 7029
3545 9 2 12 1 1909 1910 2575 7293 7730 7741
3546 9 2 12 1 1965 1964 2576 7295 7742 7731
3547 9 2 12 1 1445 1110 2272 7495 5796 7743
3548 9 2 12 1 1340 943 2648 6327 7744 3939
3549 9 2 12 1 1446 531 2396 7496 7541 7745
3550 9 2 12 1 2019 2020 2021 7522 7746 7421
3551 9 2 12 1 1454 519 2277 7511 5786 7747
3552 9 2 12 1 2017 1309 2833 7198 3228 7587
3553 9 2 12 1 1452 1085 2256 7514 5757 4819
3554 9 2 12 1 1451 556 2392 7515 7578 7748
3555 9 2 12 1 1439 962 2236 7519 5729 7749
3556 9 2 12 1 1517 147 2765 5404 7750 7751
3557 9 2 12 1 1545 1548 2571 7384 7752 7411
3558 9 2 12 1 891 1473 2451 7566 4038 7111
3559 9 2 12 1 1505 2229 2654 5315 4150 7753
3560 9 2 12 1 2777 2110 2862 6921 7754 7755
3561 9 2 12 1 2038 2037 2039 7625 7464 7491
3562 9 2 12 1 1455 766 2309 7534 5873 4017
3563 9 2 12 1 1809 2322 2702 4828 7469 7756
3564 9 2 12 1 1513 2296 2630 4862 7757 7758
3565 9 2 12 1 2297 1514 2631 4864 7759 7760
3566 9 2 12 1 2335 1368 2599 5616 4943 7761
3567 9 2 12 1 1088 1460 2446 7596 7762 7114
3568 9 2 12 1 2504 1668 2634 6769 7763 7764
3569 9 2 12 1 1453 1122 2402 7512 7564 2976
3570 9 2 12 1 361 1360 2604 5674 5357 7359
3571 9 2 12 1 1361 416 2605 5677 7362 7765
3572 9 2 12 1 1465 742 2367 7546 5979 3080
3573 9 2 12 1 2479 2715 2895 7766 7767 7768
3574 9 2 12 1 1164 1163 2595 1262 7028 5846
3575 9 2 12 1 1336 2036 2037 7446 3438 7624
3576 9 2 12 1 1113 1467 2460 7570 3790 7127
3577 9 2 12 1 1467 1112 2397 7569 6960 3012
3578 9 2 12 1 1473 890 2389 7565 6936 3381
3579 9 2 12 1 1463 964 2379 7550 6782 7769
3580 9 2 12 1 1458 545 2369 7575 5999 7770
3581 9 2 12 1 1387 2370 2834 5146 7771 4063
3582 9 2 12 1 900 1466 2366 7545 2995 7528
3583 9 2 12 1 522 1471 2463 7592 3567 7135
3584 9 2 12 1 1471 521 2403 7591 6964 3440
3585 9 2 12 1 1573 1570 2641 5993 7772 7773
3586 9 2 12 1 2567 1391 2731 7220 7774 7775
3587 9 2 12 1 1923 1916 2568 7343 7709 7776
3588 9 2 12 1 1971 1978 2569 7346 7777 7710
3589 9 2 12 1 2207 1356 2839 5609 7778 7779
3590 9 2 12 1 1460 1087 2391 7595 6946 7780
3591 9 2 12 1 2179 2181 2437 7781 4142 7278
3592 9 2 12 1 2679 2326 2789 5637 7782 7783
3593 9 2 12 1 1920 1922 2585 7178 7784 5667
3594 9 2 12 1 1977 1975 2586 7180 5670 7785
3595 9 2 12 1 1476 768 2422 7618 7012 3631
3596 9 2 12 1 1490 966 2439 7629 7082 4136
3597 9 2 12 1 1844 1888 2706 5865 4570 7786
3598 9 2 12 1 1487 744 2433 7633 7060 4182
3599 9 2 12 1 1478 547 2429 7614 7067 3023
3600 9 2 12 1 372 373 2580 431 5306 5320
3601 9 2 12 1 404 405 2581 463 5323 5307
3602 9 2 12 1 1097 1457 2368 7574 7787 7552
3603 9 2 12 1 148 1448 2765 5491 5655 7788
3604 9 2 12 1 1469 61 2770 5438 7789 7126
3605 9 2 12 1 2254 1419 2633 5285 4797 7790
3606 9 2 12 1 1134 1133 2600 1232 5481 5712
3607 9 2 12 1 500 499 2598 598 7122 7159
3608 9 2 12 1 2102 2103 2642 6387 7791 2970
3609 9 2 12 1 1921 1909 2575 7337 7741 7792
3610 9 2 12 1 1964 1976 2576 7338 7793 7742
3611 9 2 12 1 2404 1760 2783 5289 7794 7795
3612 9 2 12 1 678 1464 2378 7549 7796 7555
3613 9 2 12 1 1918 1928 2568 7376 7797 7708
3614 9 2 12 1 1983 1973 2569 7377 7711 7798
3615 9 2 12 1 1484 1089 2446 7637 7115 3400
3616 9 2 12 1 1456 875 2421 7532 7590 5749
3617 9 2 12 1 1489 892 2451 7651 7112 4224
3618 9 2 12 1 2758 2351 2776 7799 7800 5659
3619 9 2 12 1 2524 1801 2643 6911 7801 7802
3620 9 2 12 1 2361 2529 2747 5640 4482 7803
3621 9 2 12 1 752 1472 2388 7568 3268 7542
3622 9 2 12 1 769 1476 2528 7619 3460 7172
3623 9 2 12 1 2375 1356 2734 5606 5611 7804
3624 9 2 12 1 2816 2368 2880 7805 7806 7807
3625 9 2 12 1 1803 1806 2643 6305 3549 7808
3626 9 2 12 1 1334 2524 2643 7809 7802 3719
3627 9 2 12 1 1497 1114 2460 7647 7128 4459
3628 9 2 12 1 1475 523 2463 7667 7136 3441
3629 9 2 12 1 2408 1279 2934 4610 7810 7811
3630 9 2 12 1 530 1468 2396 7572 2989 7540
3631 9 2 12 1 1919 1911 2653 5945 7812 3817
3632 9 2 12 1 1377 2419 2767 5630 4070 5742
3633 9 2 12 1 555 1459 2392 7598 7813 7577
3634 9 2 12 1 1486 897 2525 7631 7152 4221
3635 9 2 12 1 1748 1673 2602 6436 7328 7814
3636 9 2 12 1 1866 1863 2623 6976 7815 7417
3637 9 2 12 1 1576 1578 2649 6059 7816 7817
3638 9 2 12 1 1121 1470 2402 7594 3375 7563
3639 9 2 12 1 2618 1990 2748 7818 7819 7820
3640 9 2 12 1 1849 1848 2594 7061 4883 7821
3641 9 2 12 1 1847 1849 2597 7062 7822 7823
3642 9 2 12 1 1561 2571 2609 7385 7824 7825
3643 9 2 12 1 1432 2295 2696 5345 7826 7827
3644 9 2 12 1 1466 899 2432 7544 7611 3576
3645 9 2 12 1 62 1411 2770 5573 3294 7828
3646 9 2 12 1 2179 2180 2181 7717 7829 7781
3647 9 2 12 1 1360 362 2729 5673 7830 7831
3648 9 2 12 1 363 1388 2729 5676 7340 7832
3649 9 2 12 1 2359 1370 2688 4077 5520 7833
3650 9 2 12 1 1480 770 2528 7657 7173 7834
3651 9 2 12 1 1896 1900 2587 7365 7221 7835
3652 9 2 12 1 1955 1951 2588 7366 7836 7222
3653 9 2 12 1 1457 1096 2428 7573 7622 7837
3654 9 2 12 1 1417 2147 2148 7666 7413 7838
3655 9 2 12 1 2483 1331 2659 3816 7839 7840
3656 9 2 12 1 1861 1857 2584 7297 7841 3058
3657 9 2 12 1 1464 677 2438 7548 7609 3195
3658 9 2 12 1 286 287 2590 345 5355 5346
3659 9 2 12 1 22 23 2591 81 5348 5356
3660 9 2 12 1 548 1478 2540 7615 3846 7257
3661 9 2 12 1 365 1462 2794 5478 4363 7842
3662 9 2 12 1 1485 552 2531 7639 7208 4156
3663 9 2 12 1 874 1477 2421 7617 3482 7589
3664 9 2 12 1 2525 896 2557 7151 7699 3969
3665 9 2 12 1 1360 2729 2785 7831 7843 7387
3666 9 2 12 1 1380 2417 2868 5604 7844 3788
3667 9 2 12 1 1863 1865 2623 7420 7845 7815
3668 9 2 12 1 2017 2534 2615 7586 7846 4084
3669 9 2 12 1 1472 751 2450 7567 7642 3941
3670 9 2 12 1 1894 1896 2587 7168 7835 7847
3671 9 2 12 1 1951 1949 2588 7167 7848 7836
3672 9 2 12 1 967 1490 2542 7630 4554 7286
3673 9 2 12 1 1283 2416 2943 4680 7849 7850
3674 9 2 12 1 1459 554 2445 7597 7646 7851
3675 9 2 12 1 1423 2178 2179 7713 7716 7852
3676 9 2 12 1 1468 529 2459 7571 7636 3711
3677 9 2 12 1 2360 1371 2735 7157 5983 7853
3678 9 2 12 1 1470 1120 2462 7593 7663 3529
3679 9 2 12 1 1851 1847 2597 7415 7823 4086
3680 9 2 12 1 893 1489 2546 7652 4125 7307
3681 9 2 12 1 1500 549 2540 7677 7258 4538
3682 9 2 12 1 2531 551 2556 7207 7703 4965
3683 9 2 12 1 1734 1732 2659 6483 7854 7855
3684 9 2 12 1 2292 1430 2850 7856 7857 5276
3685 9 2 12 1 1552 1534 2626 6053 7858 7261
3686 9 2 12 1 1095 1479 2428 7613 3016 7621
3687 9 2 12 1 885 1393 2797 7316 7265 7859
3688 9 2 12 1 2533 1346 2699 5560 7860 7861
3689 9 2 12 1 1344 2532 2698 5558 7862 7863
3690 9 2 12 1 898 1486 2432 7632 4092 7610
3691 9 2 12 1 2469 1616 2791 7864 7865 5755
3692 9 2 12 1 1447 2543 2680 7092 7349 3922
3693 9 2 12 1 2563 2358 2830 4317 7866 7867
3694 9 2 12 1 1115 1497 2552 7648 4766 7330
3695 9 2 12 1 524 1475 2551 7668 7868 7332
3696 9 2 12 1 1082 1395 2792 7347 7289 7869
3697 9 2 12 1 1394 560 2793 7348 7870 7290
3698 9 2 12 1 1389 298 2743 5656 7871 4427
3699 9 2 12 1 1498 968 2542 7681 7287 4835
3700 9 2 12 1 676 1491 2438 7628 4091 7608
3701 9 2 12 1 1409 2115 2859 4453 4114 7872
3702 9 2 12 1 1477 873 2527 7616 7665 3449
3703 9 2 12 1 1374 182 2611 5904 7431 7873
3704 9 2 12 1 1373 65 2612 5905 7433 4181
3705 9 2 12 1 746 2526 2558 7660 3884 7350
3706 9 2 12 1 1359 2538 2846 5695 7606 7874
3707 9 2 12 1 1899 1894 2587 7305 7847 5895
3708 9 2 12 1 1949 1954 2588 7306 5897 7848
3709 9 2 12 1 1652 1655 2663 6839 6022 7875
3710 9 2 12 1 1724 1651 2663 6797 7876 3166
3711 9 2 12 1 2171 2119 2878 4132 7877 6992
3712 9 2 12 1 2544 1845 2669 4939 3250 7878
3713 9 2 12 1 1443 2222 2223 7735 5316 7879
3714 9 2 12 1 553 1485 2445 7640 3389 7645
3715 9 2 12 1 1483 894 2546 7687 7308 3168
3716 9 2 12 1 750 1488 2450 7654 4148 7641
3717 9 2 12 1 771 1480 2559 7658 3205 7356
3718 9 2 12 1 1534 1536 2626 7272 7880 7858
3719 9 2 12 1 1091 2530 2555 7672 4945 7354
3720 9 2 12 1 528 1496 2459 7650 4359 7635
3721 9 2 12 1 1417 2148 2603 7838 4202 7043
3722 9 2 12 1 150 1402 2614 5647 7881 7326
3723 9 2 12 1 1495 1116 2552 7685 7331 4619
3724 9 2 12 1 1494 525 2551 7683 7333 3967
3725 9 2 12 1 2153 2678 2724 7175 7882 6950
3726 9 2 12 1 2041 2301 2761 7454 3105 5139
3727 9 2 12 1 2189 2322 2869 5407 7379 4843
3728 9 2 12 1 1119 1474 2462 7670 3366 7662
3729 9 2 12 1 2329 2562 2731 7070 6024 7883
3730 9 2 12 1 1479 1094 2539 7612 7674 3785
3731 9 2 12 1 2341 2338 2666 6206 7884 7885
3732 9 2 12 1 745 1487 2526 7634 4191 7659
3733 9 2 12 1 1388 364 2794 5675 7886 4694
3734 9 2 12 1 1501 1092 2555 7675 7355 4925
3735 9 2 12 1 1482 747 2558 7689 7351 2957
3736 9 2 12 1 1331 2385 2659 6382 7887 7839
3737 9 2 12 1 1718 1773 2668 6811 7888 7889
3738 9 2 12 1 1499 6 2559 7679 7357 4282
3739 9 2 12 1 2730 2082 2782 4509 6940 7890
3740 9 2 12 1 1788 1790 2670 6627 7891 7892
3741 9 2 12 1 2075 1273 2638 6829 5802 7893
3742 9 2 12 1 2032 2269 2763 5190 7580 7894
3743 9 2 12 1 1144 1143 2613 1242 7235 5622
3744 9 2 12 1 1491 675 2541 7627 7692 4487
3745 9 2 12 1 872 1481 2527 7656 7895 7664
3746 9 2 12 1 1365 696 2712 6324 7896 3618
3747 9 2 12 1 2735 2305 2844 5982 7897 7898
3748 9 2 12 1 1090 1484 2530 7638 4099 7671
3749 9 2 12 1 2571 1548 2609 7752 7899 7824
3750 9 2 12 1 1855 1858 2584 7602 7900 7901
3751 9 2 12 1 1488 749 2547 7653 7701 4115
3752 9 2 12 1 1658 2519 2676 6887 7902 7903
3753 9 2 12 1 1888 2544 2669 7084 7878 3560
3754 9 2 12 1 1369 2287 2738 4881 7904 7905
3755 9 2 12 1 1857 1855 2584 7712 7901 7841
3756 9 2 12 1 1569 1563 2683 6394 7906 7740
3757 9 2 12 1 1496 527 2549 7649 7697 4672
3758 9 2 12 1 2676 2519 2779 7902 7907 7908
3759 9 2 12 1 1699 2217 2689 3669 3466 7909
3760 9 2 12 1 1474 1118 2550 7669 7705 7910
3761 9 2 12 1 1577 2461 2682 6078 3412 7911
3762 9 2 12 1 1741 2215 2679 6465 5966 7912
3763 9 2 12 1 2084 1579 2682 6139 7913 4608
3764 9 2 12 1 1093 1501 2539 7676 4488 7673
3765 9 2 12 1 1418 2253 2627 7184 7914 5766
3766 9 2 12 1 2326 1362 2789 6401 7915 7782
3767 9 2 12 1 1540 1537 2804 5687 7916 3511
3768 9 2 12 1 2252 2880 2910 7917 7217 7918
3769 9 2 12 1 1481 871 2560 7655 7695 3157
3770 9 2 12 1 674 1499 2541 7680 4738 7691
3771 9 2 12 1 1381 2344 2713 5078 6988 4536
3772 9 2 12 1 1513 2630 2766 7758 3499 7919
3773 9 2 12 1 2755 2201 2881 7920 7921 7922
3774 9 2 12 1 1784 1782 2685 6492 7923 7924
3775 9 2 12 1 748 1482 2547 7690 3119 7700
3776 9 2 12 1 526 1494 2549 7684 4539 7696
3777 9 2 12 1 1117 1495 2550 7686 3952 7704
3778 9 2 12 1 1378 2564 2719 3477 7925 7538
3779 9 2 12 1 550 1500 2556 7678 4841 7702
3780 9 2 12 1 895 1483 2557 7688 7926 7698
3781 9 2 12 1 7 1498 2560 7682 4258 7694
3782 9 2 12 1 1858 2051 2584 7734 4422 7900
3783 9 2 12 1 1582 1581 2688 6147 7927 3583
3784 9 2 12 1 1756 1758 2738 6568 7928 7929
3785 9 2 12 1 2454 1979 2620 5815 7930 7557
3786 9 2 12 1 1797 2386 2644 5393 7931 3985
3787 9 2 12 1 1979 1959 2725 5855 7932 4773
3788 9 2 12 1 1904 1924 2726 5854 4777 7933
3789 9 2 12 1 2053 2052 2950 3801 7934 3448
3790 9 2 12 1 1986 1985 2698 5976 7935 7936
3791 9 2 12 1 1930 1931 2699 5975 7937 7938
3792 9 2 12 1 1745 1742 2692 6524 7939 7940
3793 9 2 12 1 2534 1841 2615 6973 7941 7846
3794 9 2 12 1 2631 1514 2788 7759 7942 3561
3795 9 2 12 1 1924 2455 2621 5890 7517 7943
3796 9 2 12 1 299 1503 2743 5892 4205 7944
3797 9 2 12 1 1912 1919 2710 5946 5079 7945
3798 9 2 12 1 1932 1914 2710 6008 7946 3513
3799 9 2 12 1 1407 2883 2942 7393 7947 5997
3800 9 2 12 1 2254 2633 2778 7790 6039 7948
3801 9 2 12 1 2632 1354 2636 7205 4671 7949
3802 9 2 12 1 1725 1709 2703 6757 7950 3594
3803 9 2 12 1 1707 1722 2703 6650 4800 7951
3804 9 2 12 1 1800 2434 2722 3546 7952 7953
3805 9 2 12 1 1287 2373 2647 5206 7954 7955
3806 9 2 12 1 2240 1463 2897 3417 7956 7957
3807 9 2 12 1 2492 2120 2768 3837 7958 7959
3808 9 2 12 1 2305 1317 2844 6393 7960 7897
3809 9 2 12 1 2775 2609 2830 7961 7962 7963
3810 9 2 12 1 2317 2318 2618 5907 7964 7965
3811 9 2 12 1 1548 1562 2609 7429 7966 7899
3812 9 2 12 1 1572 2440 2616 6991 7214 7967
3813 9 2 12 1 1585 2182 2858 3602 7968 7969
3814 9 2 12 1 479 478 2617 577 7315 7256
3815 9 2 12 1 1353 2625 2635 6975 7970 4674
3816 9 2 12 1 924 923 2619 1022 7225 5184
3817 9 2 12 1 1334 946 2756 6292 7971 7972
3818 9 2 12 1 2479 2508 2715 6533 7973 7766
3819 9 2 12 1 1757 2589 2860 7231 7974 7975
3820 9 2 12 1 694 1322 2800 6205 7130 7976
3821 9 2 12 1 2524 1334 2756 7809 7972 7977
3822 9 2 12 1 1521 2721 2816 7407 7978 7979
3823 9 2 12 1 2349 1839 2876 4956 7980 7981
3824 9 2 12 1 1509 2257 2704 5158 7982 4129
3825 9 2 12 1 2190 2191 2662 4356 7983 5410
3826 9 2 12 1 1531 2397 2825 3013 7984 7985
3827 9 2 12 1 2216 1744 2718 6477 7986 3588
3828 9 2 12 1 2487 1781 2720 6681 7987 3117
3829 9 2 12 1 1349 2414 2924 6376 7988 7989
3830 9 2 12 1 2512 1765 2622 6460 7990 7599
3831 9 2 12 1 1419 886 2797 7408 7991 3413
3832 9 2 12 1 2228 2500 2676 4726 7992 7993
3833 9 2 12 1 763 1409 2859 7375 7872 7994
3834 9 2 12 1 1802 1800 2722 6287 7953 7995
3835 9 2 12 1 1421 1083 2792 7435 7996 7997
3836 9 2 12 1 559 1420 2793 7436 7998 7999
3837 9 2 12 1 1796 2363 2846 3430 8000 8001
3838 9 2 12 1 1851 2349 2876 3056 7981 8002
3839 9 2 12 1 2734 2570 2776 8003 8004 8005
3840 9 2 12 1 2127 1868 2650 7424 8006 4417
3841 9 2 12 1 1285 2375 2645 5248 8007 3085
3842 9 2 12 1 1558 1538 2640 7444 8008 3856
3843 9 2 12 1 2630 2296 2708 7757 8009 8010
3844 9 2 12 1 2297 2631 2709 7760 8011 8012
3845 9 2 12 1 1731 2360 2735 6450 7853 8013
3846 9 2 12 1 1464 2241 2888 3194 8014 8015
3847 9 2 12 1 704 703 2624 802 7144 7034
3848 9 2 12 1 1790 1789 2795 6626 8016 3256
3849 9 2 12 1 1974 1967 2750 5947 8017 7468
3850 9 2 12 1 1969 1987 2750 6011 3689 8018
3851 9 2 12 1 1352 2352 2822 5524 8019 8020
3852 9 2 12 1 2353 1355 2823 5526 8021 8022
3853 9 2 12 1 2109 2105 2740 6632 8023 4255
3854 9 2 12 1 2681 1337 2953 5642 8024 8025
3855 9 2 12 1 2301 2045 2841 5042 8026 4555
3856 9 2 12 1 1988 1991 2748 6037 8027 8028
3857 9 2 12 1 2272 1423 2652 5441 8029 8030
3858 9 2 12 1 1695 2137 2779 7394 5798 8031
3859 9 2 12 1 2333 1966 2628 6044 7585 8032
3860 9 2 12 1 1332 503 2856 6281 8033 4852
3861 9 2 12 1 2789 1362 2867 7915 7313 8034
3862 9 2 12 1 2900 2251 2909 8035 8036 7524
3863 9 2 12 1 2347 2629 2839 5401 8037 8038
3864 9 2 12 1 1867 1871 2650 7329 3379 8039
3865 9 2 12 1 2636 1945 2802 8040 8041 8042
3866 9 2 12 1 1755 1752 2759 6594 8043 6953
3867 9 2 12 1 2000 2635 2803 8044 8045 8046
3868 9 2 12 1 2029 2288 2911 5511 8047 8048
3869 9 2 12 1 1843 1842 2629 7024 8049 4430
3870 9 2 12 1 2853 1526 2920 8050 8051 7072
3871 9 2 12 1 2523 2492 2768 6901 7959 8052
3872 9 2 12 1 1785 1780 2774 6515 8053 3849
3873 9 2 12 1 1286 2376 2693 5243 8054 8055
3874 9 2 12 1 2757 2024 2764 7169 8056 8057
3875 9 2 12 1 1976 1977 2625 7181 8058 8059
3876 9 2 12 1 2844 1317 2916 7960 7045 8060
3877 9 2 12 1 1364 2400 2896 3384 8061 8062
3878 9 2 12 1 1697 2456 2786 4080 8063 8064
3879 9 2 12 1 1442 2368 2816 7643 7805 8065
3880 9 2 12 1 1936 2533 2699 3488 7861 8066
3881 9 2 12 1 2532 1991 2698 7736 8067 7862
3882 9 2 12 1 1865 1869 2623 7283 4059 7845
3883 9 2 12 1 1760 1761 2783 6494 8068 7794
3884 9 2 12 1 1698 1697 2786 6707 8064 8069
3885 9 2 12 1 945 944 2874 1043 8070 3880
3886 9 2 12 1 1616 1612 2791 6608 8071 7865
3887 9 2 12 1 1347 2196 2835 4404 8072 5507
3888 9 2 12 1 1587 2538 2701 7604 3247 8073
3889 9 2 12 1 2177 1410 2757 3270 8074 8075
3890 9 2 12 1 1694 2504 2634 6809 7764 5521
3891 9 2 12 1 2233 2478 2773 4922 8076 8077
3892 9 2 12 1 1726 2062 2799 6527 4700 8078
3893 9 2 12 1 2589 2382 2860 4312 4043 7974
3894 9 2 12 1 1427 2325 2665 4968 8079 3225
3895 9 2 12 1 300 4 2812 359 8080 8081
3896 9 2 12 1 4 360 2812 418 8082 8080
3897 9 2 12 1 417 1 2813 476 8083 8084
3898 9 2 12 1 1 9 2813 67 8085 8083
3899 9 2 12 1 1553 1542 2639 5759 7728 5959
3900 9 2 12 1 1922 1921 2632 7177 8086 8087
3901 9 2 12 1 1925 1927 2661 5472 8088 5432
3902 9 2 12 1 1982 1980 2660 5468 5434 8089
3903 9 2 12 1 2478 1777 2773 6661 8090 8076
3904 9 2 12 1 183 3 2818 242 8091 8092
3905 9 2 12 1 3 243 2818 301 8093 8091
3906 9 2 12 1 66 2 2819 125 8094 8095
3907 9 2 12 1 2 126 2819 184 8096 8094
3908 9 2 12 1 2634 1668 2781 7763 8097 8098
3909 9 2 12 1 1429 764 2859 7460 8099 4113
3910 9 2 12 1 2270 2033 2778 5192 8100 6038
3911 9 2 12 1 1723 1724 2638 6798 8101 8102
3912 9 2 12 1 2507 2466 2827 6824 8103 4834
3913 9 2 12 1 2372 1286 2646 5600 8104 8105
3914 9 2 12 1 2212 1344 2810 4408 8106 8107
3915 9 2 12 1 1346 2211 2811 4412 8108 8109
3916 9 2 12 1 2691 2175 2952 3492 8110 7661
3917 9 2 12 1 2423 1308 2715 5270 8111 8112
3918 9 2 12 1 1684 1679 2848 6788 8113 3580
3919 9 2 12 1 1636 1663 2851 6458 8114 8115
3920 9 2 12 1 2142 1881 2782 7487 8116 6939
3921 9 2 12 1 1859 1860 2675 7603 8117 8118
3922 9 2 12 1 1762 1759 2860 6429 8119 4042
3923 9 2 12 1 2211 1937 2811 3115 8120 8108
3924 9 2 12 1 1992 2212 2810 3113 8107 8121
3925 9 2 12 1 1813 1840 2869 6107 4844 8122
3926 9 2 12 1 2475 2234 2891 6208 7537 8123
3927 9 2 12 1 1877 1881 2899 6689 7489 8124
3928 9 2 12 1 1873 1874 2899 6737 8125 7725
3929 9 2 12 1 1591 1590 2892 6699 7707 8126
3930 9 2 12 1 1695 1594 2892 6690 8127 7395
3931 9 2 12 1 2506 2489 2898 6624 4606 8128
3932 9 2 12 1 1641 1639 2877 6857 5427 8129
3933 9 2 12 1 1355 2377 2751 5216 8130 8131
3934 9 2 12 1 2272 2652 2772 8030 8132 8133
3935 9 2 12 1 2023 2024 2667 7478 3001 8134
3936 9 2 12 1 2802 1943 2872 8135 8136 8137
3937 9 2 12 1 1998 2803 2873 8138 8139 8140
3938 9 2 12 1 1536 1558 2626 7445 8141 7880
3939 9 2 12 1 2434 1365 2722 6331 3620 7952
3940 9 2 12 1 2702 1363 2886 5913 8142 8143
3941 9 2 12 1 2074 2228 2676 6774 7993 8144
3942 9 2 12 1 1818 1816 2866 7020 8145 4433
3943 9 2 12 1 2494 1723 2796 6635 8146 4936
3944 9 2 12 1 2158 1314 2664 4137 7383 3188
3945 9 2 12 1 2258 2690 2808 7693 8147 7527
3946 9 2 12 1 1423 2179 2652 7852 7279 8029
3947 9 2 12 1 1570 2453 2641 5995 5917 7772
3948 9 2 12 1 2114 1462 2798 3861 8148 8149
3949 9 2 12 1 1562 1549 2701 7428 8150 3145
3950 9 2 12 1 2035 2553 2945 4659 8151 4393
3951 9 2 12 1 2554 2034 2944 4657 4392 8152
3952 9 2 12 1 410 411 2637 469 6999 6032
3953 9 2 12 1 1839 2351 2758 5723 7799 8153
3954 9 2 12 1 2103 2106 2642 6349 8154 7791
3955 9 2 12 1 2715 1308 2895 8111 8155 7767
3956 9 2 12 1 1451 2392 2852 7748 4754 4734
3957 9 2 12 1 1493 2265 2732 5232 8156 7108
3958 9 2 12 1 1404 2324 2917 4971 5587 8157
3959 9 2 12 1 1551 1587 2701 7397 8073 8158
3960 9 2 12 1 1945 1943 2802 7581 8135 8041
3961 9 2 12 1 1998 2000 2803 7584 8046 8138
3962 9 2 12 1 2008 2007 2845 7099 6949 4123
3963 9 2 12 1 1999 2011 2671 7381 4095 8159
3964 9 2 12 1 2007 1944 2672 7380 8160 4096
3965 9 2 12 1 2652 1506 2772 7276 8161 8132
3966 9 2 12 1 2170 1425 2817 4377 8162 3859
3967 9 2 12 1 2266 1492 2697 5234 4575 8163
3968 9 2 12 1 2391 1452 2853 7143 4578 7071
3969 9 2 12 1 1573 2641 2824 7773 8164 8165
3970 9 2 12 1 1801 1803 2643 6267 7808 7801
3971 9 2 12 1 1422 2271 2654 7303 8166 4274
3972 9 2 12 1 2656 1411 2841 3293 8167 8168
3973 9 2 12 1 1538 1561 2640 7239 8169 8008
3974 9 2 12 1 2553 1994 2945 5829 8170 8151
3975 9 2 12 1 1939 2554 2944 5832 8152 8171
3976 9 2 12 1 1430 877 2850 7459 8172 7857
3977 9 2 12 1 2011 2012 2838 7101 4101 7162
3978 9 2 12 1 1526 2206 2920 4636 8173 8051
3979 9 2 12 1 2261 1505 2716 4740 8174 8175
3980 9 2 12 1 2784 1784 2914 8176 8177 8178
3981 9 2 12 1 2370 1361 2657 5567 8179 8180
3982 9 2 12 1 2052 2320 2950 7562 4614 7934
3983 9 2 12 1 2400 2399 2828 4630 4807 8181
3984 9 2 12 1 2317 2618 2748 7965 7820 8182
3985 9 2 12 1 943 942 2648 1041 7714 7744
3986 9 2 12 1 2063 2064 2912 4785 8183 4603
3987 9 2 12 1 1578 2001 2649 6137 5302 7816
3988 9 2 12 1 1770 1734 2749 6423 8184 3799
3989 9 2 12 1 2377 1287 2694 5619 8185 8186
3990 9 2 12 1 1827 1839 2758 7364 8153 8187
3991 9 2 12 1 1990 2618 2875 7818 8188 5584
3992 9 2 12 1 2627 2253 2763 7914 8189 7579
3993 9 2 12 1 2698 1985 2810 7935 8190 8191
3994 9 2 12 1 1930 2699 2811 7938 8192 8193
3995 9 2 12 1 2376 1352 2760 5613 8194 8195
3996 9 2 12 1 2492 1786 2939 6556 8196 7000
3997 9 2 12 1 2263 2005 2932 4704 4645 8197
3998 9 2 12 1 1461 2755 2881 8198 7922 8199
3999 9 2 12 1 2024 2021 2764 7477 8200 8056
4000 9 2 12 1 2288 1432 2911 5476 8201 8047
4001 9 2 12 1 2287 1312 2903 6451 4830 8202
4002 9 2 12 1 1829 1825 2758 7223 8203 5658
4003 9 2 12 1 2337 2618 2666 8204 8205 8206
4004 9 2 12 1 2618 2318 2666 7964 8207 8205
4005 9 2 12 1 1911 2332 2653 6043 8208 7812
4006 9 2 12 1 1976 2625 2646 8059 8209 8210
4007 9 2 12 1 1356 2347 2839 5516 8038 7778
4008 9 2 12 1 876 1456 2850 7533 5277 8211
4009 9 2 12 1 2613 1364 2692 7234 8212 8213
4010 9 2 12 1 2373 2632 2647 7206 8214 7954
4011 9 2 12 1 2632 1921 2647 8086 8215 8214
4012 9 2 12 1 1523 2240 2897 4602 7957 8216
4013 9 2 12 1 1522 2251 2900 4683 8035 8217
4014 9 2 12 1 1940 1939 2687 6942 8218 6041
4015 9 2 12 1 1994 1995 2686 6944 6040 8219
4016 9 2 12 1 2665 2325 2728 8079 8220 8221
4017 9 2 12 1 2369 2836 2900 8222 8223 8224
4018 9 2 12 1 1868 1867 2650 7535 8039 8006
4019 9 2 12 1 1517 2765 2930 7751 8225 8226
4020 9 2 12 1 2577 2476 2837 7146 8227 8228
4021 9 2 12 1 1734 2659 2749 7855 8229 8184
4022 9 2 12 1 2032 2763 2893 7894 8230 7110
4023 9 2 12 1 2625 2372 2646 6974 8105 8209
4024 9 2 12 1 2205 1525 2894 4632 4840 8231
4025 9 2 12 1 1337 2068 2644 7418 3708 8232
4026 9 2 12 1 2606 1516 2633 7090 5011 4796
4027 9 2 12 1 2615 1841 2747 7941 8233 5447
4028 9 2 12 1 2625 1977 2635 8058 8234 7970
4029 9 2 12 1 1732 2483 2659 6583 7840 7854
4030 9 2 12 1 2369 1443 2836 6971 8235 8222
4031 9 2 12 1 2414 2685 2924 8236 8237 7988
4032 9 2 12 1 2252 1521 2880 4685 8238 7917
4033 9 2 12 1 2567 2731 2849 7775 8239 8240
4034 9 2 12 1 1372 2306 2717 4988 8241 8242
4035 9 2 12 1 2031 2030 2696 3900 8243 8244
4036 9 2 12 1 1796 1797 2762 5903 8245 3431
4037 9 2 12 1 2262 1531 2825 4690 7985 8246
4038 9 2 12 1 2574 2287 2903 8247 8202 8248
4039 9 2 12 1 2265 1523 2769 4710 8249 8250
4040 9 2 12 1 2822 2352 2882 8019 7391 8251
4041 9 2 12 1 2353 2823 2883 8022 8252 7392
4042 9 2 12 1 2327 1806 2886 3547 8253 8254
4043 9 2 12 1 2287 2574 2738 8247 8255 7904
4044 9 2 12 1 1425 2707 2817 8256 8257 8162
4045 9 2 12 1 1922 2632 2636 8087 7949 8258
4046 9 2 12 1 1524 2266 2752 4714 8259 8260
4047 9 2 12 1 1927 2259 2948 4813 5863 8261
4048 9 2 12 1 2260 1982 2949 4816 8262 5860
4049 9 2 12 1 2576 1976 2646 7793 8210 8263
4050 9 2 12 1 1921 2575 2647 7792 8264 8215
4051 9 2 12 1 2654 2271 2716 8166 8265 8266
4052 9 2 12 1 1746 2228 2864 4724 3852 7467
4053 9 2 12 1 2705 1520 2861 8267 8268 3714
4054 9 2 12 1 1678 2502 2662 6859 3896 8269
4055 9 2 12 1 2304 1502 2941 4903 8270 4050
4056 9 2 12 1 2793 1420 2889 7998 8271 8272
4057 9 2 12 1 1421 2792 2890 7997 8273 8274
4058 9 2 12 1 1886 2580 2936 5321 8275 8276
4059 9 2 12 1 1747 2423 2715 3218 8112 8277
4060 9 2 12 1 1651 1652 2663 6836 7875 7876
4061 9 2 12 1 2056 2524 2756 6934 7977 3885
4062 9 2 12 1 1839 1831 2876 7363 8278 7980
4063 9 2 12 1 2277 1426 2711 5424 7720 8279
4064 9 2 12 1 2051 2050 2737 7733 4118 4116
4065 9 2 12 1 2069 2098 2651 7558 8280 3230
4066 9 2 12 1 2709 2631 2890 8011 8281 8282
4067 9 2 12 1 2630 2708 2889 8010 8283 8284
4068 9 2 12 1 2581 1885 2926 5322 8285 8286
4069 9 2 12 1 1721 1699 2689 6619 7909 7251
4070 9 2 12 1 2665 2728 2780 8221 8287 8288
4071 9 2 12 1 1279 2097 2745 6741 8289 8290
4072 9 2 12 1 1837 1851 2876 7416 8002 8291
4073 9 2 12 1 2708 1434 2838 8292 8293 4100
4074 9 2 12 1 2039 2041 2849 7644 8294 8295
4075 9 2 12 1 2074 2676 2779 8144 7908 5797
4076 9 2 12 1 2738 1758 2931 7928 8296 8297
4077 9 2 12 1 2487 2293 2773 3078 8298 8299
4078 9 2 12 1 1437 2313 2736 4915 3883 8300
4079 9 2 12 1 2338 2337 2666 6054 8206 7884
4080 9 2 12 1 2335 2599 2875 7761 5585 8301
4081 9 2 12 1 2597 1849 2728 7822 8302 8303
4082 9 2 12 1 1790 2577 2837 3255 8228 8304
4083 9 2 12 1 1786 1718 2668 6546 7889 8305
4084 9 2 12 1 2120 1283 2768 6637 8306 7958
4085 9 2 12 1 2277 2711 2855 8279 3979 8307
4086 9 2 12 1 2041 2567 2849 4448 8240 8294
4087 9 2 12 1 1791 1788 2670 6708 7892 3866
4088 9 2 12 1 2291 1520 2705 5295 8267 8308
4089 9 2 12 1 1391 2329 2731 5017 7883 7774
4090 9 2 12 1 2717 2306 2826 8241 8309 7253
4091 9 2 12 1 2119 2166 2674 6131 8310 8311
4092 9 2 12 1 1303 2047 2660 7202 8312 4526
4093 9 2 12 1 2048 1302 2661 7200 4524 8313
4094 9 2 12 1 2291 2705 2798 8308 4874 8314
4095 9 2 12 1 1339 2404 2783 6304 7795 5249
4096 9 2 12 1 387 388 2673 446 7718 7626
4097 9 2 12 1 1572 2616 2854 7967 3356 8315
4098 9 2 12 1 2355 2592 2857 7530 8316 7063
4099 9 2 12 1 2500 1658 2676 6112 7903 7992
4100 9 2 12 1 1525 2274 2852 4746 8317 4753
4101 9 2 12 1 2275 1526 2853 4748 8050 8318
4102 9 2 12 1 2645 2734 2776 8319 8005 8320
4103 9 2 12 1 2092 2634 2781 4492 8098 8321
4104 9 2 12 1 2341 2666 2727 7885 8322 8323
4105 9 2 12 1 2393 1784 2784 6469 8176 8324
4106 9 2 12 1 1935 2509 2820 3444 8325 8326
4107 9 2 12 1 2273 1584 2905 2985 8327 8328
4108 9 2 12 1 1130 1129 2681 1228 5643 5762
4109 9 2 12 1 2333 2628 2815 8032 7188 8329
4110 9 2 12 1 1563 1583 2683 5885 3407 7906
4111 9 2 12 1 2296 1434 2708 5350 8292 8009
4112 9 2 12 1 1435 2297 2709 5354 8012 8330
4113 9 2 12 1 2089 2023 2667 7520 8134 8331
4114 9 2 12 1 2777 2458 2820 3123 8332 6922
4115 9 2 12 1 2457 1720 2678 5596 8333 7607
4116 9 2 12 1 1739 1741 2679 6566 7912 8334
4117 9 2 12 1 2218 1441 2690 7321 8335 4437
4118 9 2 12 1 1579 1577 2682 6067 7911 7913
4119 9 2 12 1 2328 1387 2737 5025 4117 8336
4120 9 2 12 1 2416 1766 2943 4320 8337 7849
4121 9 2 12 1 1884 2408 2934 4287 7811 8338
4122 9 2 12 1 2591 1528 2946 5347 8339 8340
4123 9 2 12 1 2324 1428 2695 5415 8341 5727
4124 9 2 12 1 2207 2570 2734 7724 8003 5610
4125 9 2 12 1 2562 1433 2870 7069 4802 8342
4126 9 2 12 1 1460 2920 2923 8343 8344 8345
4127 9 2 12 1 2606 2031 2696 3220 8244 8346
4128 9 2 12 1 2108 2509 2684 6861 3446 3610
4129 9 2 12 1 2674 2795 2878 8347 8348 8349
4130 9 2 12 1 2119 2674 2878 8311 8349 7877
4131 9 2 12 1 1561 2609 2775 7825 7961 8350
4132 9 2 12 1 2657 1361 2806 8179 8351 3687
4133 9 2 12 1 1782 1785 2685 6516 8352 7923
4134 9 2 12 1 1462 2291 2798 4838 8314 8148
4135 9 2 12 1 2343 2784 2914 8353 8178 3960
4136 9 2 12 1 1435 2709 2845 8330 4124 8354
4137 9 2 12 1 1506 2262 2772 5187 8355 8161
4138 9 2 12 1 2000 1999 2671 7583 8159 8356
4139 9 2 12 1 1944 1945 2672 7582 8357 8160
4140 9 2 12 1 2456 2311 2786 6174 4924 8063
4141 9 2 12 1 1922 2636 2802 8258 8042 8358
4142 9 2 12 1 2635 1977 2803 8234 8359 8045
4143 9 2 12 1 2029 1859 2675 7336 8118 5512
4144 9 2 12 1 1408 2201 2677 5781 8360 8361
4145 9 2 12 1 2308 2461 2824 3204 8362 8363
4146 9 2 12 1 1581 2359 2688 6130 7833 7927
4147 9 2 12 1 1425 2276 2707 7275 8364 8256
4148 9 2 12 1 2065 2626 2857 7262 8365 8366
4149 9 2 12 1 1961 2314 2753 4615 5504 8367
4150 9 2 12 1 2315 1906 2754 4542 8368 5506
4151 9 2 12 1 2662 2191 2848 7983 3581 8369
4152 9 2 12 1 1582 2718 2828 3589 8370 4806
4153 9 2 12 1 2622 1765 2903 7990 8371 4829
4154 9 2 12 1 1376 2393 2723 3826 8372 8373
4155 9 2 12 1 2358 2775 2830 8374 7963 7866
4156 9 2 12 1 2452 2826 2905 8375 8376 8377
4157 9 2 12 1 1943 1941 2872 7502 4327 8136
4158 9 2 12 1 1996 1998 2873 7505 8140 4328
4159 9 2 12 1 2529 1818 2733 5773 4599 4480
4160 9 2 12 1 2274 2766 2852 8378 4735 8317
4161 9 2 12 1 2126 2127 2887 7425 4358 4314
4162 9 2 12 1 1576 2649 2717 7817 8379 7470
4163 9 2 12 1 2341 2727 2767 8323 5743 8380
4164 9 2 12 1 1437 2736 2928 8300 4322 8381
4165 9 2 12 1 2641 1351 2824 7055 8382 8164
4166 9 2 12 1 1663 2674 2851 8383 8384 8114
4167 9 2 12 1 178 179 2691 237 7508 7481
4168 9 2 12 1 1860 1889 2805 7443 7054 8385
4169 9 2 12 1 2693 2376 2760 8054 8195 8386
4170 9 2 12 1 2616 1557 2840 7213 4214 8387
4171 9 2 12 1 2425 2730 2782 8388 7890 8389
4172 9 2 12 1 2642 2106 2807 8154 8390 3847
4173 9 2 12 1 2235 1438 2697 7448 8391 4056
4174 9 2 12 1 2328 2737 2755 8336 4120 8392
4175 9 2 12 1 2115 2114 2798 4452 8149 4873
4176 9 2 12 1 1742 1743 2692 6412 8393 7939
4177 9 2 12 1 2202 1869 2785 4058 8394 8395
4178 9 2 12 1 1937 1930 2811 6000 8193 8120
4179 9 2 12 1 1985 1992 2810 6003 8121 8190
4180 9 2 12 1 2325 1405 2728 5421 8396 8220
4181 9 2 12 1 1991 1986 2698 6036 7936 8067
4182 9 2 12 1 1931 1936 2699 6035 8066 7937
4183 9 2 12 1 2502 1686 2700 6679 8397 3639
4184 9 2 12 1 2182 1284 2858 7224 7456 7968
4185 9 2 12 1 1432 2696 2911 7827 8398 8201
4186 9 2 12 1 2382 2381 2719 6353 7539 4047
4187 9 2 12 1 2788 2275 2853 8399 8318 4577
4188 9 2 12 1 2452 1575 2826 5937 7254 8375
4189 9 2 12 1 1807 1809 2702 6156 7756 8400
4190 9 2 12 1 2729 2202 2785 7339 8395 7843
4191 9 2 12 1 1406 2312 2940 4932 8401 3774
4192 9 2 12 1 1709 1707 2703 6822 7951 7950
4193 9 2 12 1 2653 2332 2814 8208 8402 6969
4194 9 2 12 1 2861 2263 2932 8403 8197 4090
4195 9 2 12 1 2223 2739 2836 4973 7739 8404
4196 9 2 12 1 1410 2387 2757 5196 7170 8074
4197 9 2 12 1 2377 2694 2751 8186 8405 8130
4198 9 2 12 1 1914 1912 2710 5940 7945 7946
4199 9 2 12 1 1405 2597 2728 4962 8303 8396
4200 9 2 12 1 2695 1428 2902 8341 3010 8406
4201 9 2 12 1 1505 2654 2716 7753 8266 8174
4202 9 2 12 1 1743 2613 2692 4804 8213 8393
4203 9 2 12 1 696 695 2712 794 8407 7896
4204 9 2 12 1 1408 2677 2927 8361 5229 8408
4205 9 2 12 1 1687 2622 2865 7600 8409 8410
4206 9 2 12 1 2188 2189 2744 4354 5325 4980
4207 9 2 12 1 1549 1551 2701 7148 8158 8150
4208 9 2 12 1 1758 1760 2931 6510 8411 8296
4209 9 2 12 1 2385 1380 2749 5369 3800 8412
4210 9 2 12 1 2425 1650 2730 4464 8413 8388
4211 9 2 12 1 1430 2292 2842 7856 8414 8415
4212 9 2 12 1 2177 2757 2764 8075 8057 8416
4213 9 2 12 1 1279 2745 2934 8290 8417 7810
4214 9 2 12 1 2508 1747 2715 6864 8277 7973
4215 9 2 12 1 2312 2746 2940 8418 7204 8401
4216 9 2 12 1 2312 1436 2746 5360 8419 8418
4217 9 2 12 1 2576 2646 2693 8263 8420 8421
4218 9 2 12 1 2647 2575 2694 8264 8422 8423
4219 9 2 12 1 2274 1513 2766 5252 7919 8378
4220 9 2 12 1 2358 2356 2775 5857 8424 8374
4221 9 2 12 1 1374 2611 2879 7873 8425 8426
4222 9 2 12 1 2045 2656 2841 3254 8168 8026
4223 9 2 12 1 2519 1695 2779 6916 8031 7907
4224 9 2 12 1 2608 2132 2941 5227 4278 8427
4225 9 2 12 1 2054 2055 2695 7386 5728 8428
4226 9 2 12 1 2768 1283 2943 8306 7850 8429
4227 9 2 12 1 2697 1438 2752 8391 8430 8431
4228 9 2 12 1 2610 2002 2771 5021 8432 5310
4229 9 2 12 1 2690 1441 2808 8335 8433 8147
4230 9 2 12 1 1744 1745 2718 6525 8434 7986
4231 9 2 12 1 2746 1436 2929 8419 8435 4506
4232 9 2 12 1 2602 1687 2865 7327 8410 8436
4233 9 2 12 1 1781 1783 2720 6531 3178 7987
4234 9 2 12 1 1363 2327 2886 6402 8254 8142
4235 9 2 12 1 2618 2337 2875 8204 8437 8188
4236 9 2 12 1 1978 2576 2693 7732 8421 8438
4237 9 2 12 1 2575 1923 2694 7729 8439 8422
4238 9 2 12 1 2241 1524 2888 5102 8440 8014
4239 9 2 12 1 2704 2257 2821 7982 7461 8441
4240 9 2 12 1 2271 1446 2716 7507 8442 8265
4241 9 2 12 1 2400 2828 2896 8181 8443 8061
4242 9 2 12 1 2173 2176 2952 7367 7439 8444
4243 9 2 12 1 1461 2328 2755 5419 8392 8198
4244 9 2 12 1 2637 1461 2881 6998 8199 8445
4245 9 2 12 1 2566 1844 2706 7140 7786 4788
4246 9 2 12 1 2629 1842 2839 8049 8446 8037
4247 9 2 12 1 1959 1961 2725 6895 8447 7932
4248 9 2 12 1 1906 1904 2726 6896 7933 8448
4249 9 2 12 1 1434 2330 2838 5002 7163 8293
4250 9 2 12 1 58 59 2721 117 8449 7406
4251 9 2 12 1 1532 2261 2831 5155 8450 7451
4252 9 2 12 1 1739 2679 2789 8334 7783 8451
4253 9 2 12 1 1850 1802 2722 6358 7995 3772
4254 9 2 12 1 2419 1376 2723 6364 8373 4068
4255 9 2 12 1 1668 2507 2781 6813 5367 8097
4256 9 2 12 1 1720 2513 2724 6871 3136 8452
4257 9 2 12 1 2707 2276 2832 8364 8453 4053
4258 9 2 12 1 2318 2374 2727 5996 5550 8454
4259 9 2 12 1 2607 2221 2721 5073 8455 8456
4260 9 2 12 1 1678 2662 2848 8269 8369 8457
4261 9 2 12 1 1440 2219 2704 7719 4212 8458
4262 9 2 12 1 2678 1720 2724 8333 8452 7882
4263 9 2 12 1 2712 695 2800 8407 8459 3699
4264 9 2 12 1 362 363 2729 421 7832 7830
4265 9 2 12 1 1881 2425 2782 6767 8389 8116
4266 9 2 12 1 1650 2486 2730 6091 4743 8413
4267 9 2 12 1 1514 2275 2788 5256 8399 7942
4268 9 2 12 1 1841 2361 2747 5594 7803 8233
4269 9 2 12 1 1797 2651 2762 3986 8460 8245
4270 9 2 12 1 2582 2150 2929 4035 8461 8462
4271 9 2 12 1 2149 2583 2928 4033 8463 8464
4272 9 2 12 1 2346 1871 2918 3262 8465 8466
4273 9 2 12 1 2332 1929 2814 4991 4927 8402
4274 9 2 12 1 1984 2333 2815 4948 8329 4928
4275 9 2 12 1 2150 2136 2929 6884 4507 8461
4276 9 2 12 1 2134 2149 2928 6883 8464 4321
4277 9 2 12 1 2817 2707 2930 8257 8467 8468
4278 9 2 12 1 2343 2342 2784 6225 8469 8353
4279 9 2 12 1 2564 1762 2719 7203 4048 7925
4280 9 2 12 1 2295 2606 2696 7091 8346 7826
4281 9 2 12 1 2664 2285 2884 7382 4000 8470
4282 9 2 12 1 2368 1457 2880 7787 7215 7806
4283 9 2 12 1 1840 2566 2744 7280 4140 5324
4284 9 2 12 1 1730 1731 2735 6551 8013 8471
4285 9 2 12 1 1589 2205 2908 5097 8472 8473
4286 9 2 12 1 2004 2264 2947 5164 6972 4545
4287 9 2 12 1 2206 1588 2923 5099 8474 8475
4288 9 2 12 1 2344 1424 2790 5465 8476 6989
4289 9 2 12 1 2778 2033 2904 8100 7030 8477
4290 9 2 12 1 2760 1352 2822 8194 8020 8478
4291 9 2 12 1 1616 2469 2938 7864 8479 8480
4292 9 2 12 1 2592 1379 2937 5385 3872 8481
4293 9 2 12 1 1521 2816 2880 7979 7807 8238
4294 9 2 12 1 2201 2200 2881 5534 8482 7921
4295 9 2 12 1 1784 2685 2914 7924 8483 8177
4296 9 2 12 1 2574 1756 2738 7133 7929 8255
4297 9 2 12 1 1745 2692 2896 7940 8484 8485
4298 9 2 12 1 250 251 2739 309 7510 7706
4299 9 2 12 1 1355 2751 2823 8131 8486 8021
4300 9 2 12 1 2694 1923 2751 8439 8487 8405
4301 9 2 12 1 1587 1796 2846 7335 8001 7605
4302 9 2 12 1 2646 1286 2693 8104 8055 8420
4303 9 2 12 1 1287 2647 2694 7955 8423 8185
4304 9 2 12 1 1760 2595 2931 5291 8488 8411
4305 9 2 12 1 2105 2104 2740 6351 3747 8023
4306 9 2 12 1 1530 2252 2910 5125 7918 8489
4307 9 2 12 1 2920 2206 2923 8173 8475 8344
4308 9 2 12 1 2681 1586 2858 8490 8491 7455
4309 9 2 12 1 2251 1529 2909 5121 8492 8036
4310 9 2 12 1 1978 2693 2760 8438 8386 8493
4311 9 2 12 1 1308 2624 2895 7035 8494 8155
4312 9 2 12 1 1458 2369 2900 7770 8224 7523
4313 9 2 12 1 298 299 2743 357 7944 7871
4314 9 2 12 1 2659 2385 2749 7887 8412 8229
4315 9 2 12 1 2592 2065 2857 8495 8366 8316
4316 9 2 12 1 1337 2644 2953 8232 8496 8024
4317 9 2 12 1 1967 1969 2750 5944 8018 8017
4318 9 2 12 1 2122 2121 2741 7015 3649 5555
4319 9 2 12 1 2123 2124 2742 7014 5565 3645
4320 9 2 12 1 1990 1988 2748 6047 8028 7819
4321 9 2 12 1 1869 2126 2785 7463 7388 8394
4322 9 2 12 1 1520 2263 2861 5182 8403 8268
4323 9 2 12 1 2700 1686 2847 8397 8497 8498
4324 9 2 12 1 2342 2723 2784 4183 8499 8469
4325 9 2 12 1 1344 2698 2810 7863 8191 8106
4326 9 2 12 1 2699 1346 2811 7860 8109 8192
4327 9 2 12 1 2196 1305 2939 6529 7001 8500
4328 9 2 12 1 1724 2226 2901 3165 4093 8501
4329 9 2 12 1 2101 2616 2840 3102 8387 8502
4330 9 2 12 1 1411 2390 2841 5238 4556 8167
4331 9 2 12 1 2675 1860 2805 8117 8385 8503
4332 9 2 12 1 946 945 2756 1044 3886 7971
4333 9 2 12 1 2499 1645 2829 6124 8504 8505
4334 9 2 12 1 1807 2702 2886 8400 8143 8506
4335 9 2 12 1 1752 1750 2759 6722 8507 8043
4336 9 2 12 1 2461 1573 2824 6048 8165 8362
4337 9 2 12 1 1777 2487 2773 6653 8299 8090
4338 9 2 12 1 147 148 2765 206 7788 7750
4339 9 2 12 1 2379 2769 2897 8508 8509 8510
4340 9 2 12 1 1748 2602 2907 7814 7017 8511
4341 9 2 12 1 2061 2562 2787 5135 8512 3760
4342 9 2 12 1 2253 1449 2763 7441 8513 8189
4343 9 2 12 1 1329 2777 2862 8514 7755 8515
4344 9 2 12 1 2667 1374 2879 3141 8426 8516
4345 9 2 12 1 2721 2221 2816 8455 8517 7978
4346 9 2 12 1 61 62 2770 120 7828 7789
4347 9 2 12 1 2379 1439 2769 7058 8518 8508
4348 9 2 12 1 2155 2602 2865 4246 8436 8519
4349 9 2 12 1 2342 2341 2767 6203 8380 4184
4350 9 2 12 1 1677 2877 2951 8520 4383 5005
4351 9 2 12 1 2716 1446 2831 8442 8521 8522
4352 9 2 12 1 1772 2523 2768 6930 8052 8523
4353 9 2 12 1 2428 1530 2910 3015 8489 8524
4354 9 2 12 1 2293 2233 2773 6381 8077 8298
4355 9 2 12 1 2292 1519 2842 4638 4147 8414
4356 9 2 12 1 1780 1779 2774 6610 3090 8053
4357 9 2 12 1 1329 2319 2777 6821 3124 8514
4358 9 2 12 1 1318 2273 2905 5540 8328 8525
4359 9 2 12 1 2110 2109 2862 6654 8526 7754
4360 9 2 12 1 1439 2236 2732 7749 7561 8527
4361 9 2 12 1 2826 1318 2905 8528 8525 8376
4362 9 2 12 1 1438 2378 2752 7722 8529 8430
4363 9 2 12 1 2622 2210 2865 4072 8530 8409
4364 9 2 12 1 2829 1645 2885 8504 8531 8532
4365 9 2 12 1 2748 1991 2922 8027 7737 8533
4366 9 2 12 1 1846 2534 2833 5726 7588 7450
4367 9 2 12 1 2093 2092 2781 6775 8321 5366
4368 9 2 12 1 2745 2700 2847 8534 8498 8535
4369 9 2 12 1 2331 1435 2845 5445 8354 6948
4370 9 2 12 1 360 2604 2812 7360 8536 8082
4371 9 2 12 1 2605 417 2813 7361 8084 8537
4372 9 2 12 1 2644 2386 2953 7931 8538 8496
4373 9 2 12 1 1730 2735 2844 8471 7898 8539
4374 9 2 12 1 2266 2697 2752 8163 8431 8259
4375 9 2 12 1 2401 1390 2805 5683 8540 7053
4376 9 2 12 1 1584 2452 2905 5953 8377 8327
4377 9 2 12 1 1825 1827 2758 7319 8187 8203
4378 9 2 12 1 1761 2102 2783 6404 5250 8068
4379 9 2 12 1 2787 2562 2870 8512 8342 8541
4380 9 2 12 1 2109 2548 2862 3997 8542 8526
4381 9 2 12 1 1738 1698 2786 6598 8069 4923
4382 9 2 12 1 2611 183 2818 7430 8092 8543
4383 9 2 12 1 2612 66 2819 7432 8095 8544
4384 9 2 12 1 1737 1739 2789 6611 8451 8545
4385 9 2 12 1 1945 2636 2919 8040 4795 8546
4386 9 2 12 1 2635 2000 2921 8044 8547 4798
4387 9 2 12 1 2725 1961 2753 8447 8367 4858
4388 9 2 12 1 1906 2726 2754 8448 4856 8368
4389 9 2 12 1 2363 1359 2846 5563 7874 8000
4390 9 2 12 1 1483 2591 2946 3170 8340 8548
4391 9 2 12 1 2100 2101 2840 4623 8502 7715
4392 9 2 12 1 364 365 2794 423 7842 7886
4393 9 2 12 1 1612 1613 2791 6471 8549 8071
4394 9 2 12 1 1431 2346 2918 5463 8466 5240
4395 9 2 12 1 2458 1935 2820 6029 8326 8332
4396 9 2 12 1 2745 2087 2934 8550 8551 8417
4397 9 2 12 1 59 2607 2721 5305 8456 8449
4398 9 2 12 1 2649 1372 2717 5399 8242 8379
4399 9 2 12 1 1537 1535 2804 7077 4456 7916
4400 9 2 12 1 2666 2318 2727 8207 8454 8322
4401 9 2 12 1 2763 1449 2893 8513 8552 8230
4402 9 2 12 1 1083 1082 2792 1181 7869 7996
4403 9 2 12 1 560 559 2793 658 7999 7870
4404 9 2 12 1 2021 2020 2764 7746 8553 8200
4405 9 2 12 1 1923 2568 2751 7776 8554 8487
4406 9 2 12 1 2759 1750 2871 8507 8555 7531
4407 9 2 12 1 1645 2496 2885 6572 8556 8531
4408 9 2 12 1 2002 1870 2809 7124 4964 8557
4409 9 2 12 1 2476 1659 2837 6383 8558 8227
4410 9 2 12 1 2677 2201 2755 8360 7920 4159
4411 9 2 12 1 1872 2323 2935 3615 3524 3363
4412 9 2 12 1 1728 1726 2799 6645 8078 4060
4413 9 2 12 1 2548 1329 2862 5843 8515 8542
4414 9 2 12 1 2580 1480 2936 3206 8559 8275
4415 9 2 12 1 695 694 2800 793 7976 8459
4416 9 2 12 1 2686 1383 2945 4420 4394 8560
4417 9 2 12 1 1382 2687 2944 4419 8561 4391
4418 9 2 12 1 1586 1585 2858 5574 7969 8491
4419 9 2 12 1 1481 2581 2926 3159 8286 8562
4420 9 2 12 1 886 885 2797 984 7859 7991
4421 9 2 12 1 2569 1978 2760 7777 8493 8563
4422 9 2 12 1 1392 2164 2771 7536 4688 8564
4423 9 2 12 1 1440 2704 2821 8458 8441 8565
4424 9 2 12 1 2595 1369 2931 7027 8566 8488
4425 9 2 12 1 2570 1829 2776 7404 5660 8004
4426 9 2 12 1 2611 1507 2879 8567 4349 8425
4427 9 2 12 1 1503 300 2812 5891 8081 8568
4428 9 2 12 1 9 1504 2813 5893 8569 8085
4429 9 2 12 1 1772 2768 2943 8523 8429 8570
4430 9 2 12 1 2367 1440 2821 6938 8565 4271
4431 9 2 12 1 1871 2002 2918 7125 5023 8465
4432 9 2 12 1 1502 2608 2941 4477 8427 8270
4433 9 2 12 1 2791 1613 2843 8549 8571 6004
4434 9 2 12 1 2106 2108 2807 6640 3199 8390
4435 9 2 12 1 2668 1773 2835 7888 6961 8572
4436 9 2 12 1 2617 1349 2924 7314 7989 8573
4437 9 2 12 1 2670 1790 2837 7891 8304 8574
4438 9 2 12 1 1737 2789 2867 8545 8034 8575
4439 9 2 12 1 2885 2496 2938 8556 8576 8577
4440 9 2 12 1 1562 2563 2830 3144 7867 8578
4441 9 2 12 1 2769 1523 2897 8249 8216 8509
4442 9 2 12 1 243 1507 2818 5980 8579 8093
4443 9 2 12 1 126 1508 2819 5981 8580 8096
4444 9 2 12 1 1445 2272 2772 7743 8133 8581
4445 9 2 12 1 1439 2732 2769 8527 8582 8518
4446 9 2 12 1 2509 2110 2820 6866 6923 8325
4447 9 2 12 1 2585 2802 2872 8583 8137 8584
4448 9 2 12 1 2803 2586 2873 8585 8586 8139
4449 9 2 12 1 2174 2177 2925 7399 8587 5645
4450 9 2 12 1 1450 2254 2778 7727 7948 8588
4451 9 2 12 1 1351 2308 2824 6503 8363 8382
4452 9 2 12 1 2306 1318 2826 6425 8528 8309
4453 9 2 12 1 2752 2378 2888 8529 8589 8590
4454 9 2 12 1 2064 2067 2912 7050 8591 8183
4455 9 2 12 1 2062 2479 2895 6399 7768 8592
4456 9 2 12 1 2075 2638 2901 7893 8593 3797
4457 9 2 12 1 2466 2003 2827 6148 3156 8103
4458 9 2 12 1 2085 2087 2829 6800 8594 8595
4459 9 2 12 1 2836 1522 2900 7738 8217 8223
4460 9 2 12 1 2620 1979 2741 7930 4775 3953
4461 9 2 12 1 1924 2621 2742 7943 3950 4778
4462 9 2 12 1 2022 2088 2863 7475 8596 3642
4463 9 2 12 1 1441 2366 2808 7554 4083 8433
4464 9 2 12 1 1529 2429 2909 3024 8597 8492
4465 9 2 12 1 2496 1616 2938 6318 8480 8576
4466 9 2 12 1 1613 2482 2843 6602 8598 8571
4467 9 2 12 1 2493 1730 2844 6660 8539 8599
4468 9 2 12 1 1460 2391 2920 7780 7073 8343
4469 9 2 12 1 2453 1572 2854 5972 8315 4442
4470 9 2 12 1 1686 2499 2847 6666 8600 8497
4471 9 2 12 1 2261 2716 2831 8175 8522 8450
4472 9 2 12 1 1679 1678 2848 6850 8457 8113
4473 9 2 12 1 2085 2829 2885 8595 8532 8601
4474 9 2 12 1 1639 1636 2851 6793 8115 7368
4475 9 2 12 1 2397 1445 2825 7161 8602 7984
4476 9 2 12 1 503 502 2856 601 4310 8033
4477 9 2 12 1 2573 1474 2915 3367 8603 4781
4478 9 2 12 1 1759 1757 2860 6553 7975 8119
4479 9 2 12 1 1475 2572 2913 3443 4643 8604
4480 9 2 12 1 2276 1453 2832 7516 3107 8453
4481 9 2 12 1 2210 2155 2865 6390 8519 8530
4482 9 2 12 1 1736 1737 2867 6634 8575 4185
4483 9 2 12 1 1816 1853 2866 6340 3130 8145
4484 9 2 12 1 2356 2640 2775 4299 8605 8424
4485 9 2 12 1 2445 1589 2908 3388 8473 8606
4486 9 2 12 1 2843 2482 2898 8598 8607 7721
4487 9 2 12 1 2417 2434 2868 6332 3311 7844
4488 9 2 12 1 1811 1813 2869 6094 8122 7378
4489 9 2 12 1 1750 1749 2871 6773 4164 8555
4490 9 2 12 1 2337 2335 2875 6006 8301 8437
4491 9 2 12 1 2696 2030 2911 8243 8608 8398
4492 9 2 12 1 944 1340 2874 6328 3339 8070
4493 9 2 12 1 2493 2844 2916 8599 8060 8609
4494 9 2 12 1 877 876 2850 975 8211 8172
4495 9 2 12 1 2345 1934 2884 6052 8610 4021
4496 9 2 12 1 2316 2317 2922 5545 8611 7309
4497 9 2 12 1 1677 1641 2877 6787 8129 8520
4498 9 2 12 1 764 763 2859 862 7994 8099
4499 9 2 12 1 2386 1586 2953 6924 8612 8538
4500 9 2 12 1 2168 1399 2801 7501 8613 4909
4501 9 2 12 1 2086 2085 2885 6221 8601 8614
4502 9 2 12 1 2065 2592 2937 8495 8481 8615
4503 9 2 12 1 2645 2375 2734 8007 7804 8319
4504 9 2 12 1 1806 1807 2886 6192 8506 8253
4505 9 2 12 1 2145 2665 2780 3869 8288 7409
4506 9 2 12 1 2604 1503 2812 8616 8568 8536
4507 9 2 12 1 1504 2605 2813 5501 8537 8569
4508 9 2 12 1 1852 2475 2891 6185 8123 3568
4509 9 2 12 1 1594 1591 2892 6380 8126 8127
4510 9 2 12 1 1849 2594 2780 7821 7410 8617
4511 9 2 12 1 2086 2885 2938 8614 8577 8618
4512 9 2 12 1 2221 1442 2816 7325 8065 8517
4513 9 2 12 1 2482 2506 2898 6803 8128 8607
4514 9 2 12 1 1874 1877 2899 6415 8124 8125
4515 9 2 12 1 2066 2065 2937 7490 8615 3871
4516 9 2 12 1 1787 1791 2906 6709 8619 4144
4517 9 2 12 1 1446 2396 2831 7745 7452 8521
4518 9 2 12 1 1369 2738 2931 7905 8297 8566
4519 9 2 12 1 1764 2493 2916 6440 8609 4470
4520 9 2 12 1 2087 1884 2934 6799 8338 8551
4521 9 2 12 1 2469 2086 2938 6214 8618 8479
4522 9 2 12 1 2614 1402 2933 7881 8620 8621
4523 9 2 12 1 1766 1772 2943 6780 8570 8337
4524 9 2 12 1 1361 2605 2806 7765 5502 8351
4525 9 2 12 1 1842 2207 2839 7458 7779 8446
4526 9 2 12 1 1507 2611 2818 8567 8543 8579
4527 9 2 12 1 1508 2612 2819 4177 8544 8580
4528 9 2 12 1 2751 2568 2823 8554 8622 8486
4529 9 2 12 1 2771 2002 2809 8432 8557 8623
4530 9 2 12 1 2181 2180 2870 7829 8624 4801
4531 9 2 12 1 2585 1922 2802 7784 8358 8583
4532 9 2 12 1 1977 2586 2803 7785 8585 8359
4533 9 2 12 1 1899 2585 2872 5894 8584 4326
4534 9 2 12 1 2586 1954 2873 5896 4329 8586
4535 9 2 12 1 2389 1450 2904 7117 8625 4405
4536 9 2 12 1 1445 2772 2825 8581 8626 8602
4537 9 2 12 1 2569 2760 2822 8563 8478 8627
4538 9 2 12 1 2042 2039 2849 7492 8295 8628
4539 9 2 12 1 2640 1561 2775 8169 8350 8605
4540 9 2 12 1 1983 2569 2822 7798 8627 8629
4541 9 2 12 1 2568 1928 2823 7797 8630 8622
4542 9 2 12 1 1524 2752 2888 8260 8590 8440
4543 9 2 12 1 1831 1837 2876 7103 8291 8278
4544 9 2 12 1 2200 1430 2842 7121 8415 4103
4545 9 2 12 1 1443 2223 2836 7879 8404 8235
4546 9 2 12 1 1390 2675 2805 5795 8503 8540
4547 9 2 12 1 2732 2265 2769 8156 8250 8582
4548 9 2 12 1 2351 2645 2776 3031 8320 7800
4549 9 2 12 1 1993 1983 2882 7243 8631 3823
4550 9 2 12 1 1928 1938 2883 7241 8632 8633
4551 9 2 12 1 1450 2778 2904 8588 8477 8625
4552 9 2 12 1 1983 2822 2882 8629 8251 8631
4553 9 2 12 1 2823 1928 2883 8630 8633 8252
4554 9 2 12 1 1588 2446 2923 3401 8634 8474
4555 9 2 12 1 2883 1938 2942 8632 8635 7947
4556 9 2 12 1 2829 2087 2847 8594 8636 8637
4557 9 2 12 1 2030 2029 2911 7039 8048 8608
4558 9 2 12 1 1449 2388 2893 7726 4207 8552
4559 9 2 12 1 2668 2196 2939 8638 8500 8639
4560 9 2 12 1 2638 1724 2901 8101 8501 8593
4561 9 2 12 1 1765 2574 2903 7373 8248 8371
4562 9 2 12 1 1454 2277 2855 7747 8307 3185
4563 9 2 12 1 2728 1849 2780 8302 8617 8287
4564 9 2 12 1 1938 1940 2942 6943 3911 8635
4565 9 2 12 1 2685 2414 2914 8236 3964 8483
4566 9 2 12 1 2378 1464 2888 7796 8015 8589
4567 9 2 12 1 1436 2582 2929 7483 8462 8435
4568 9 2 12 1 2583 1437 2928 7484 8381 8463
4569 9 2 12 1 2200 2637 2881 4102 8445 8482
4570 9 2 12 1 2579 1748 2907 5081 8511 4398
4571 9 2 12 1 2098 2614 2933 4218 8621 8640
4572 9 2 12 1 1586 2681 2953 8490 8025 8612
4573 9 2 12 1 880 1408 2927 7374 8408 7623
4574 9 2 12 1 1885 2527 2926 3450 8641 8285
4575 9 2 12 1 1723 2638 2796 8102 5804 8146
4576 9 2 12 1 2392 1459 2894 7813 8642 4839
4577 9 2 12 1 2894 1459 2908 8642 8643 8644
4578 9 2 12 1 2609 1562 2830 7966 8578 7962
4579 9 2 12 1 2175 2173 2952 7723 8444 8110
4580 9 2 12 1 2097 2700 2745 3820 8534 8289
4581 9 2 12 1 2013 2793 2889 7291 8272 8645
4582 9 2 12 1 2792 2009 2890 7288 8646 8273
4583 9 2 12 1 1420 2630 2889 3410 8284 8271
4584 9 2 12 1 2631 1421 2890 3405 8274 8281
4585 9 2 12 1 2692 1364 2896 8212 8062 8484
4586 9 2 12 1 2429 1458 2909 7620 7525 8597
4587 9 2 12 1 2624 2062 2895 4236 8592 8494
4588 9 2 12 1 1457 2428 2910 7837 8524 7216
4589 9 2 12 1 2765 2099 2930 5654 8647 8225
4590 9 2 12 1 1503 2604 2887 8616 5358 4357
4591 9 2 12 1 1459 2445 2908 7851 8606 8643
4592 9 2 12 1 1463 2379 2897 7769 8510 7956
4593 9 2 12 1 2828 1745 2896 8648 8485 8443
4594 9 2 12 1 1424 2658 2790 4293 5741 8476
4595 9 2 12 1 2009 2709 2890 3927 8282 8646
4596 9 2 12 1 2708 2013 2889 3924 8645 8283
4597 9 2 12 1 2674 2166 2851 8310 7369 8384
4598 9 2 12 1 2772 2262 2825 8355 8246 8626
4599 9 2 12 1 2446 1460 2923 7762 8345 8634
4600 9 2 12 1 2196 2668 2835 8638 8572 8072
4601 9 2 12 1 2528 1886 2936 3459 8276 8649
4602 9 2 12 1 2499 2829 2847 8505 8637 8600
4603 9 2 12 1 1785 2617 2924 3728 8573 8650
4604 9 2 12 1 2674 1663 2795 8383 3292 8347
4605 9 2 12 1 2731 2042 2849 6023 8628 8239
4606 9 2 12 1 1659 2670 2837 4361 8574 8558
4607 9 2 12 1 2551 1475 2913 7868 8604 8651
4608 9 2 12 1 2527 1481 2926 7895 8562 8641
4609 9 2 12 1 1474 2550 2915 7910 8652 8603
4610 9 2 12 1 1528 2557 2946 3970 8653 8339
4611 9 2 12 1 2672 1945 2919 8357 8546 5443
4612 9 2 12 1 2000 2671 2921 8356 5439 8547
4613 9 2 12 1 1480 2528 2936 7834 8649 8559
4614 9 2 12 1 2626 1558 2857 8141 7064 8365
4615 9 2 12 1 2205 2894 2908 8231 8644 8472
4616 9 2 12 1 2067 2680 2801 3923 6021 8654
4617 9 2 12 1 2550 2072 2915 3951 4782 8652
4618 9 2 12 1 2723 2393 2784 8372 8324 8499
4619 9 2 12 1 2370 2657 2834 8180 3143 7771
4620 9 2 12 1 2557 1483 2946 7926 8548 8653
4621 9 2 12 1 2071 2551 2913 3968 8651 4642
4622 9 2 12 1 2087 2745 2847 8550 8535 8636
4623 9 2 12 1 1392 2771 2809 8564 8623 7010
4624 9 2 12 1 1402 2762 2933 3521 8655 8620
4625 9 2 12 1 2629 1404 2917 5400 8157 4431
4626 9 2 12 1 1934 2664 2884 4199 8470 8610
4627 9 2 12 1 2651 2098 2933 8280 8640 8656
4628 9 2 12 1 2088 2713 2863 4537 8657 8596
4629 9 2 12 1 2089 2667 2879 8331 8516 4348
4630 9 2 12 1 2718 1745 2828 8434 8648 8370
4631 9 2 12 1 2713 2027 2863 7150 6932 8657
4632 9 2 12 1 2795 1789 2878 8016 6993 8348
4633 9 2 12 1 2317 2748 2922 8182 8533 8611
4634 9 2 12 1 1791 2796 2906 4937 6947 8619
4635 9 2 12 1 2801 1399 2912 8613 4604 8658
4636 9 2 12 1 2660 2047 2949 8312 5861 8659
4637 9 2 12 1 2048 2661 2948 8313 8660 5862
4638 9 2 12 1 2177 2764 2925 8416 8661 8587
4639 9 2 12 1 2054 2695 2902 8428 8406 4478
4640 9 2 12 1 1786 2668 2939 8305 8639 8196
4641 9 2 12 1 1982 2660 2949 8089 8659 8262
4642 9 2 12 1 2661 1927 2948 8088 8261 8660
4643 9 2 12 1 2685 1785 2924 8352 8650 8237
4644 9 2 12 1 2067 2801 2912 8654 8658 8591
4645 9 2 12 1 1994 2686 2945 8219 8560 8170
4646 9 2 12 1 2687 1939 2944 8218 8171 8561
4647 9 2 12 1 2180 2787 2870 4044 8541 8624
4648 9 2 12 1 2707 1517 2930 4089 8226 8467
4649 9 2 12 1 2762 2651 2933 8460 8656 8655
4650 9 2 12 1 2764 2020 2925 8553 7526 8661
4651 9 2 12 1 2099 2817 2930 3962 8468 8647
$EndElements
